request_id,question,topic,expected_route,system_mode,route,selected_source,estimated_llm_calls,candidate_count,graph_row_count,graph_error,row_preview,answer_text,execution_selection_reason,selected_query,correctness,notes
EFFKGQA0001,Show sales volume by month.,vehicle_sales,llm_or_ranking,direct_graph_supported,auto_answer,capability_inventory,0,1,48,,"[{""monthLabel"": ""Apr 2023"", ""unitsSold"": ""6425650""}, {""monthLabel"": ""Apr 2024"", ""unitsSold"": ""6818720""}, {""monthLabel"": ""Apr 2025"", ""unitsSold"": ""7260983""}, {""monthLabel"": ""Apr 2026"", ""unitsSold"": ""7009380""}, {""monthLabel"": ""Aug 2023"", ""unitsSold"": ""7057393""}, {""monthLabel"": ""Aug 2024"", ""unitsSold"": ""6837967""}, {""monthLabel"": ""Aug 2025"", ""unitsSold"": ""6966169""}, {""monthLabel"": ""Aug 2026"", ""unitsSold"": ""6967132""}, {""monthLabel"": ""Dec 2023"", ""unitsSold"": ""8093262""}, {""monthLabel"": ""Dec 2024"", ""unitsSold"": ""8544327""}, {""monthLabel"": ""Dec 2025"", ""unitsSold"": ""8455087""}, {""monthLabel"": ""Dec 2026"", ""unitsSold"": ""8482982""}, {""monthLabel"": ""Feb 2023"", ""unitsSold"": ""6176907""}, {""monthLabel"": ""Feb ...","Answer: Vehicle-sales results returned 48 grouped row(s). First groups: month label: Apr 2023, units sold: 6425650; month label: Apr 2024, units sold: 6818720; month label: Apr 2025, units sold: 7260983; month label: Apr 2026, units sold: 7009380; month label: Aug 2023, units sold: 7057393; month label: Aug 2024, units sold: 6837967; month label: Aug 2025, units sold: 6966169; month label: Aug 2026, units sold: 6967132; month label: Dec 2023, units sold: 8093262; month label: Dec 2024, units sold: 8544327; month label: Dec 2025, units sold: 8455087; month label: Dec 2026, units sold: 8482982.",,"SELECT ?monthLabel (SUM(?units) AS ?unitsSold) WHERE { ?obs a survey:VehicleSalesObservation ; survey:forTimePeriod ?month ; survey:unitsSold ?units . OPTIONAL { ?month survey:periodLabel ?periodLabel . } BIND(COALESCE(?periodLabel, REPLACE(STR(?month), ""^.*/"", """")) AS ?monthLabel) } GROUP BY ?monthLabel ORDER BY ?monthLabel",,
EFFKGQA0002,"For the survey data, show regional demand by vehicle type?",regional_demand,llm_or_ranking,llm_ranking,llm_ranking,validated_retrieval,1,11,24,,"[{""avgChange"": ""-0.83"", ""quarterLabel"": ""time_Current_Quarter"", ""vehicleType"": ""BEHV""}, {""avgChange"": ""-1.66"", ""quarterLabel"": ""time_Q1_2026"", ""vehicleType"": ""BEHV""}, {""avgChange"": ""1.68"", ""quarterLabel"": ""time_Q2_2025"", ""vehicleType"": ""BEHV""}, {""avgChange"": ""4.24"", ""quarterLabel"": ""time_Q2_2026"", ""vehicleType"": ""BEHV""}, {""avgChange"": ""-8.17"", ""quarterLabel"": ""time_Q3_2025"", ""vehicleType"": ""BEHV""}, {""avgChange"": ""4.07"", ""quarterLabel"": ""time_Q3_2026"", ""vehicleType"": ""BEHV""}, {""avgChange"": ""8.02"", ""quarterLabel"": ""time_Q4_2025"", ""vehicleType"": ""BEHV""}, {""avgChange"": ""4.69"", ""quarterLabel"": ""time_Q4_2026"", ""vehicleType"": ""BEHV""}, {""avgChange"": ""6.67"", ""quarterLabel"": ""time_Current_Quarter"",...",Answer: Future-demand results returned 24 grouped row(s). The highest average future-demand percentage change is BEV in time Q2 2025 with 15.63. The lowest is BEV in time Q3 2025 with -17.84.,selected_best_executable_candidate,"SELECT ?vehicleType ?quarterLabel (AVG(?pct) AS ?avgChange) WHERE { ?entry a survey:FutureDemandAnalysis ; survey:analyzesVehicleType ?vehicle ; survey:forTimePeriod ?quarter ; survey:percentageChange ?pct . BIND(REPLACE(STR(?vehicle), '^.*/', '') AS ?vehicleType) BIND(REPLACE(STR(?quarter), '^.*/', '') AS ?quarterLabel) } GROUP BY ?vehicleType ?quarterLabel ORDER BY ?vehicleType ?quarterLabel",,
EFFKGQA0003,"For the survey data, compare total demand across region?",regional_demand,llm_or_ranking,llm_ranking,llm_ranking,validated_retrieval,1,13,15,,"[{""regionName"": ""Americas"", ""surveyType"": ""OEM_Survey"", ""totalDemand"": ""67744458.0""}, {""regionName"": ""Asia Pacific/All Other"", ""surveyType"": ""OEM_Survey"", ""totalDemand"": ""37293303.0""}, {""regionName"": ""Asia Pacific/China"", ""surveyType"": ""OEM_Survey"", ""totalDemand"": ""77885298.0""}, {""regionName"": ""Europe"", ""surveyType"": ""OEM_Survey"", ""totalDemand"": ""51729003.0""}, {""regionName"": ""Japan"", ""surveyType"": ""OEM_Survey"", ""totalDemand"": ""14117148.0""}, {""regionName"": ""Americas"", ""surveyType"": ""Semiconductor_Survey"", ""totalDemand"": ""35.0""}, {""regionName"": ""Asia Pacific/All Other"", ""surveyType"": ""Semiconductor_Survey"", ""totalDemand"": ""10.0""}, {""regionName"": ""Asia Pacific/China"", ""surveyType"": ""Semicond...","Answer: Regional demand returned 15 grouped row(s). First groups: survey type: OEM Survey, region name: Americas, total demand: 67744458.0; survey type: OEM Survey, region name: All Other, total demand: 37293303.0; survey type: OEM Survey, region name: China, total demand: 77885298.0; survey type: OEM Survey, region name: Europe, total demand: 51729003.0; survey type: OEM Survey, region name: Japan, total demand: 14117148.0; survey type: Semiconductor Survey, region name: Americas, total demand: 35.0; survey type: Semiconductor Survey, region name: All Other, total demand: 10.0; survey type: Semiconductor Survey, region name: China, total demand: 20.0.",selected_best_executable_candidate,"SELECT ?surveyType ?regionName (SUM(?units) AS ?totalDemand) WHERE { ?d a survey:DemandForRegion ; survey:hasSurveyOrigin ?o ; survey:inRegion ?r ; survey:totalDemand ?units . ?o a ?surveyType . ?r survey:regionName ?regionName . FILTER(?surveyType IN (survey:Tier1_Survey, survey:OEM_Survey, survey:Semiconductor_Survey)) } GROUP BY ?surveyType ?regionName ORDER BY ?surveyType ?regionName",,
EFFKGQA0004,Use the graph to show current demand by region.,regional_demand,llm_or_ranking,direct_graph_supported,auto_answer,capability_inventory,0,1,15,,"[{""regionName"": ""Americas"", ""surveyGroup"": ""OEM"", ""totalDemand"": ""67744458.0""}, {""regionName"": ""Asia Pacific/All Other"", ""surveyGroup"": ""OEM"", ""totalDemand"": ""37293303.0""}, {""regionName"": ""Asia Pacific/China"", ""surveyGroup"": ""OEM"", ""totalDemand"": ""77885298.0""}, {""regionName"": ""Europe"", ""surveyGroup"": ""OEM"", ""totalDemand"": ""51729003.0""}, {""regionName"": ""Japan"", ""surveyGroup"": ""OEM"", ""totalDemand"": ""14117148.0""}, {""regionName"": ""Americas"", ""surveyGroup"": ""Semiconductor"", ""totalDemand"": ""35.0""}, {""regionName"": ""Asia Pacific/All Other"", ""surveyGroup"": ""Semiconductor"", ""totalDemand"": ""10.0""}, {""regionName"": ""Asia Pacific/China"", ""surveyGroup"": ""Semiconductor"", ""totalDemand"": ""20.0""}, {""regionN...","Answer: Regional demand returned 15 grouped row(s). First groups: survey group: OEM, region name: Americas, total demand: 67744458.0; survey group: OEM, region name: All Other, total demand: 37293303.0; survey group: OEM, region name: China, total demand: 77885298.0; survey group: OEM, region name: Europe, total demand: 51729003.0; survey group: OEM, region name: Japan, total demand: 14117148.0; survey group: Semiconductor, region name: Americas, total demand: 35.0; survey group: Semiconductor, region name: All Other, total demand: 10.0; survey group: Semiconductor, region name: China, total demand: 20.0.",,"SELECT ?surveyGroup ?regionName (SUM(?demand) AS ?totalDemand) WHERE { VALUES (?surveyClass ?surveyGroup) { (survey:OEM_Survey ""OEM"") (survey:Tier1_Survey ""Tier1"") (survey:Semiconductor_Survey ""Semiconductor"") } ?entry a survey:DemandForRegion ; survey:hasSurveyOrigin ?origin ; survey:inRegion ?region ; survey:totalDemand ?demand . ?origin a ?surveyClass . ?region survey:regionName ?regionName . } GROUP BY ?surveyGroup ?regionName ORDER BY ?surveyGroup ?regionName",,
EFFKGQA0005,"For future demand, show the result by vehicle type.",future_demand,direct_capability,direct_graph_supported,auto_answer,capability_inventory,0,1,3,,"[{""avgPercentageChange"": ""1.505"", ""vehicleType"": ""BEHV""}, {""avgPercentageChange"": ""4.74375"", ""vehicleType"": ""BEV""}, {""avgPercentageChange"": ""0.845"", ""vehicleType"": ""ICE""}]","Answer: The query returned 3 row(s). Results: vehicle type: BEHV, avg percentage change: 1.505; vehicle type: BEV, avg percentage change: 4.74375; vehicle type: ICE, avg percentage change: 0.845.",,"SELECT ?vehicleType (AVG(?pct) AS ?avgPercentageChange) WHERE { ?entry a survey:FutureDemandAnalysis ; survey:analyzesVehicleType ?vehicle ; survey:percentageChange ?pct . BIND(REPLACE(STR(?vehicle), ""^.*/"", """") AS ?vehicleType) } GROUP BY ?vehicleType ORDER BY ?vehicleType",,
EFFKGQA0006,Summarize Tier1 current demand per region.,regional_demand,llm_or_ranking,direct_graph_supported,auto_answer,capability_inventory,0,1,5,,"[{""regionName"": ""Americas"", ""totalDemand"": ""30.0""}, {""regionName"": ""Asia Pacific/All Other"", ""totalDemand"": ""10.0""}, {""regionName"": ""Asia Pacific/China"", ""totalDemand"": ""15.0""}, {""regionName"": ""Europe"", ""totalDemand"": ""30.0""}, {""regionName"": ""Japan"", ""totalDemand"": ""15.0""}]","Answer: Regional demand returned 5 grouped row(s). Groups: region name: Americas, total demand: 30.0; region name: All Other, total demand: 10.0; region name: China, total demand: 15.0; region name: Europe, total demand: 30.0; region name: Japan, total demand: 15.0.",,"SELECT ?regionName (SUM(?demand) AS ?totalDemand) WHERE { BIND(""Tier1"" AS ?surveyGroup) ?entry a survey:DemandForRegion ; survey:hasSurveyOrigin ?origin ; survey:inRegion ?region ; survey:totalDemand ?demand . ?origin a survey:Tier1_Survey . ?region survey:regionName ?regionName . } GROUP BY ?regionName ORDER BY ?regionName",,
EFFKGQA0007,"From the graph, show future demand percentage changes by vehicle type?",future_demand,direct_capability,direct_graph_supported,auto_answer,capability_inventory,0,1,3,,"[{""avgPercentageChange"": ""1.505"", ""vehicleType"": ""BEHV""}, {""avgPercentageChange"": ""4.74375"", ""vehicleType"": ""BEV""}, {""avgPercentageChange"": ""0.845"", ""vehicleType"": ""ICE""}]","Answer: The query returned 3 row(s). Results: vehicle type: BEHV, avg percentage change: 1.505; vehicle type: BEV, avg percentage change: 4.74375; vehicle type: ICE, avg percentage change: 0.845.",,"SELECT ?vehicleType (AVG(?pct) AS ?avgPercentageChange) WHERE { ?entry a survey:FutureDemandAnalysis ; survey:analyzesVehicleType ?vehicle ; survey:percentageChange ?pct . BIND(REPLACE(STR(?vehicle), ""^.*/"", """") AS ?vehicleType) } GROUP BY ?vehicleType ORDER BY ?vehicleType",,
EFFKGQA0008,Compare current demand across region.,regional_demand,llm_or_ranking,direct_graph_supported,auto_answer,capability_inventory,0,1,15,,"[{""regionName"": ""Americas"", ""surveyGroup"": ""OEM"", ""totalDemand"": ""67744458.0""}, {""regionName"": ""Asia Pacific/All Other"", ""surveyGroup"": ""OEM"", ""totalDemand"": ""37293303.0""}, {""regionName"": ""Asia Pacific/China"", ""surveyGroup"": ""OEM"", ""totalDemand"": ""77885298.0""}, {""regionName"": ""Europe"", ""surveyGroup"": ""OEM"", ""totalDemand"": ""51729003.0""}, {""regionName"": ""Japan"", ""surveyGroup"": ""OEM"", ""totalDemand"": ""14117148.0""}, {""regionName"": ""Americas"", ""surveyGroup"": ""Semiconductor"", ""totalDemand"": ""35.0""}, {""regionName"": ""Asia Pacific/All Other"", ""surveyGroup"": ""Semiconductor"", ""totalDemand"": ""10.0""}, {""regionName"": ""Asia Pacific/China"", ""surveyGroup"": ""Semiconductor"", ""totalDemand"": ""20.0""}, {""regionN...","Answer: Regional demand returned 15 grouped row(s). First groups: survey group: OEM, region name: Americas, total demand: 67744458.0; survey group: OEM, region name: All Other, total demand: 37293303.0; survey group: OEM, region name: China, total demand: 77885298.0; survey group: OEM, region name: Europe, total demand: 51729003.0; survey group: OEM, region name: Japan, total demand: 14117148.0; survey group: Semiconductor, region name: Americas, total demand: 35.0; survey group: Semiconductor, region name: All Other, total demand: 10.0; survey group: Semiconductor, region name: China, total demand: 20.0.",,"SELECT ?surveyGroup ?regionName (SUM(?demand) AS ?totalDemand) WHERE { VALUES (?surveyClass ?surveyGroup) { (survey:OEM_Survey ""OEM"") (survey:Tier1_Survey ""Tier1"") (survey:Semiconductor_Survey ""Semiconductor"") } ?entry a survey:DemandForRegion ; survey:hasSurveyOrigin ?origin ; survey:inRegion ?region ; survey:totalDemand ?demand . ?origin a ?surveyClass . ?region survey:regionName ?regionName . } GROUP BY ?surveyGroup ?regionName ORDER BY ?surveyGroup ?regionName",,
EFFKGQA0009,"From the graph, show current demand by region?",regional_demand,llm_or_ranking,direct_graph_supported,auto_answer,capability_inventory,0,1,15,,"[{""regionName"": ""Americas"", ""surveyGroup"": ""OEM"", ""totalDemand"": ""67744458.0""}, {""regionName"": ""Asia Pacific/All Other"", ""surveyGroup"": ""OEM"", ""totalDemand"": ""37293303.0""}, {""regionName"": ""Asia Pacific/China"", ""surveyGroup"": ""OEM"", ""totalDemand"": ""77885298.0""}, {""regionName"": ""Europe"", ""surveyGroup"": ""OEM"", ""totalDemand"": ""51729003.0""}, {""regionName"": ""Japan"", ""surveyGroup"": ""OEM"", ""totalDemand"": ""14117148.0""}, {""regionName"": ""Americas"", ""surveyGroup"": ""Semiconductor"", ""totalDemand"": ""35.0""}, {""regionName"": ""Asia Pacific/All Other"", ""surveyGroup"": ""Semiconductor"", ""totalDemand"": ""10.0""}, {""regionName"": ""Asia Pacific/China"", ""surveyGroup"": ""Semiconductor"", ""totalDemand"": ""20.0""}, {""regionN...","Answer: Regional demand returned 15 grouped row(s). First groups: survey group: OEM, region name: Americas, total demand: 67744458.0; survey group: OEM, region name: All Other, total demand: 37293303.0; survey group: OEM, region name: China, total demand: 77885298.0; survey group: OEM, region name: Europe, total demand: 51729003.0; survey group: OEM, region name: Japan, total demand: 14117148.0; survey group: Semiconductor, region name: Americas, total demand: 35.0; survey group: Semiconductor, region name: All Other, total demand: 10.0; survey group: Semiconductor, region name: China, total demand: 20.0.",,"SELECT ?surveyGroup ?regionName (SUM(?demand) AS ?totalDemand) WHERE { VALUES (?surveyClass ?surveyGroup) { (survey:OEM_Survey ""OEM"") (survey:Tier1_Survey ""Tier1"") (survey:Semiconductor_Survey ""Semiconductor"") } ?entry a survey:DemandForRegion ; survey:hasSurveyOrigin ?origin ; survey:inRegion ?region ; survey:totalDemand ?demand . ?origin a ?surveyClass . ?region survey:regionName ?regionName . } GROUP BY ?surveyGroup ?regionName ORDER BY ?surveyGroup ?regionName",,
EFFKGQA0010,Summarize SAE level development by SAE level.,autonomous_driving,llm_or_ranking,direct_graph_supported,auto_answer,capability_inventory,0,1,5,,"[{""avgPercentage"": ""42.0"", ""saeLevel"": ""SAE_Level_1""}, {""avgPercentage"": ""52.0"", ""saeLevel"": ""SAE_Level_2""}, {""avgPercentage"": ""62.0"", ""saeLevel"": ""SAE_Level_3""}, {""avgPercentage"": ""72.0"", ""saeLevel"": ""SAE_Level_4""}, {""avgPercentage"": ""82.0"", ""saeLevel"": ""SAE_Level_5""}]","Answer: The query returned 5 row(s). Results: sae level: SAE_Level_1, avg percentage: 42.0; sae level: SAE_Level_2, avg percentage: 52.0; sae level: SAE_Level_3, avg percentage: 62.0; sae level: SAE_Level_4, avg percentage: 72.0; sae level: SAE_Level_5, avg percentage: 82.0.",,"SELECT ?saeLevel (AVG(?pct) AS ?avgPercentage) WHERE { ?entry a survey:AutonomousDrivingDevelopment ; survey:hasSAELevel ?sae ; survey:hasPercentage ?pct . BIND(REPLACE(STR(?sae), ""^.*/"", """") AS ?saeLevel) } GROUP BY ?saeLevel ORDER BY ?saeLevel",,
EFFKGQA0011,Show current demand by survey group.,regional_demand,llm_or_ranking,direct_graph_supported,auto_answer,capability_inventory,0,1,3,,"[{""surveyGroup"": ""OEM"", ""totalDemand"": ""248769210.0""}, {""surveyGroup"": ""Semiconductor"", ""totalDemand"": ""100.0""}, {""surveyGroup"": ""Tier1"", ""totalDemand"": ""100.0""}]","Answer: The query returned 3 row(s). Results: survey group: OEM, total demand: 248769210.0; survey group: Semiconductor, total demand: 100.0; survey group: Tier1, total demand: 100.0.",,"SELECT ?surveyGroup (SUM(?demand) AS ?totalDemand) WHERE { VALUES (?surveyClass ?surveyGroup) { (survey:OEM_Survey ""OEM"") (survey:Tier1_Survey ""Tier1"") (survey:Semiconductor_Survey ""Semiconductor"") } ?entry a survey:DemandForRegion ; survey:hasSurveyOrigin ?origin ; survey:totalDemand ?demand . ?origin a ?surveyClass . } GROUP BY ?surveyGroup ORDER BY ?surveyGroup",,
EFFKGQA0012,How does future demand evolve across quarter?,future_demand,direct_capability,direct_graph_supported,auto_answer,capability_inventory,0,1,8,,"[{""avgPercentageChange"": ""12.44380952380952380952381"", ""quarterLabel"": ""Current Quarter""}, {""avgPercentageChange"": ""9.510000000000000038461538"", ""quarterLabel"": ""Q1 2026""}, {""avgPercentageChange"": ""26.356153846153846153846154"", ""quarterLabel"": ""Q2 2025""}, {""avgPercentageChange"": ""7.285384615384615384615385"", ""quarterLabel"": ""Q2 2026""}, {""avgPercentageChange"": ""5.861923076923076923076923"", ""quarterLabel"": ""Q3 2025""}, {""avgPercentageChange"": ""8.775384615384615384615385"", ""quarterLabel"": ""Q3 2026""}, {""avgPercentageChange"": ""15.195769230769230807692308"", ""quarterLabel"": ""Q4 2025""}, {""avgPercentageChange"": ""8.727307692307692307692308"", ""quarterLabel"": ""Q4 2026""}]","Answer: The query returned 8 row(s). Results: quarter label: Current Quarter, avg percentage change: 12.44380952380952380952381; quarter label: Q1 2026, avg percentage change: 9.510000000000000038461538; quarter label: Q2 2025, avg percentage change: 26.356153846153846153846154; quarter label: Q2 2026, avg percentage change: 7.285384615384615384615385; quarter label: Q3 2025, avg percentage change: 5.861923076923076923076923; quarter label: Q3 2026, avg percentage change: 8.775384615384615384615385; quarter label: Q4 2025, avg percentage change: 15.195769230769230807692308; quarter label: Q4 2026, avg percentage change: 8.727307692307692307692308.",,SELECT ?quarterLabel (AVG(?pct) AS ?avgPercentageChange) WHERE { ?entry a survey:FutureDemandAnalysis ; survey:forTimePeriod ?quarter ; survey:percentageChange ?pct . ?quarter survey:periodLabel ?quarterLabel . } GROUP BY ?quarterLabel ORDER BY ?quarterLabel,,
EFFKGQA0013,Compare component inventory by trend.,inventory,llm_or_ranking,direct_graph_supported,auto_answer,capability_inventory,0,1,9,,"[{""component"": ""Component_EV"", ""participantTotal"": ""1"", ""trend"": ""Decrease""}, {""component"": ""Component_EV"", ""participantTotal"": ""1"", ""trend"": ""Increase""}, {""component"": ""Component_EV"", ""participantTotal"": ""3"", ""trend"": ""Stable""}, {""component"": ""Component_both"", ""participantTotal"": ""1"", ""trend"": ""Decrease""}, {""component"": ""Component_both"", ""participantTotal"": ""1"", ""trend"": ""Increase""}, {""component"": ""Component_both"", ""participantTotal"": ""3"", ""trend"": ""Stable""}, {""component"": ""Component_non_EV"", ""participantTotal"": ""1"", ""trend"": ""Decrease""}, {""component"": ""Component_non_EV"", ""participantTotal"": ""1"", ""trend"": ""Increase""}, {""component"": ""Component_non_EV"", ""participantTotal"": ""3"", ""trend"": ""S...","Answer: The query returned 9 row(s). First results: component: Component_EV, trend: Decrease, participant total: 1; component: Component_EV, trend: Increase, participant total: 1; component: Component_EV, trend: Stable, participant total: 3; component: Component_both, trend: Decrease, participant total: 1; component: Component_both, trend: Increase, participant total: 1; component: Component_both, trend: Stable, participant total: 3; component: Component_non_EV, trend: Decrease, participant total: 1; component: Component_non_EV, trend: Increase, participant total: 1.",,SELECT ?component ?trend (SUM(?participants) AS ?participantTotal) WHERE { ?entry a survey:InventoryDevelopment_Tier1 ; survey:forComponent ?component ; survey:inventoryTrend ?trend ; survey:participantCount ?participants . } GROUP BY ?component ?trend ORDER BY ?component ?trend,,
EFFKGQA0014,"Using the True Demand KG, give me OEM current demand grouped by survey group?",regional_demand,llm_or_ranking,direct_graph_supported,auto_answer,capability_inventory,0,1,1,,"[{""surveyGroup"": ""OEM"", ""totalDemand"": ""248769210.0""}]","Answer: The query returned 1 row(s). Results: survey group: OEM, total demand: 248769210.0.",,"SELECT ?surveyGroup (SUM(?demand) AS ?totalDemand) WHERE { BIND(""OEM"" AS ?surveyGroup) ?entry a survey:DemandForRegion ; survey:hasSurveyOrigin ?origin ; survey:totalDemand ?demand . ?origin a survey:OEM_Survey . } GROUP BY ?surveyGroup ORDER BY ?surveyGroup",,
EFFKGQA0015,Summarize autonomous driving development by SAE level.,autonomous_driving,llm_or_ranking,direct_graph_supported,auto_answer,capability_inventory,0,1,5,,"[{""avgPercentage"": ""42.0"", ""saeLevel"": ""SAE_Level_1""}, {""avgPercentage"": ""52.0"", ""saeLevel"": ""SAE_Level_2""}, {""avgPercentage"": ""62.0"", ""saeLevel"": ""SAE_Level_3""}, {""avgPercentage"": ""72.0"", ""saeLevel"": ""SAE_Level_4""}, {""avgPercentage"": ""82.0"", ""saeLevel"": ""SAE_Level_5""}]","Answer: The query returned 5 row(s). Results: sae level: SAE_Level_1, avg percentage: 42.0; sae level: SAE_Level_2, avg percentage: 52.0; sae level: SAE_Level_3, avg percentage: 62.0; sae level: SAE_Level_4, avg percentage: 72.0; sae level: SAE_Level_5, avg percentage: 82.0.",,"SELECT ?saeLevel (AVG(?pct) AS ?avgPercentage) WHERE { ?entry a survey:AutonomousDrivingDevelopment ; survey:hasSAELevel ?sae ; survey:hasPercentage ?pct . BIND(REPLACE(STR(?sae), ""^.*/"", """") AS ?saeLevel) } GROUP BY ?saeLevel ORDER BY ?saeLevel",,
EFFKGQA0016,"For the survey data, give me semiconductor current demand grouped by region?",regional_demand,llm_or_ranking,direct_graph_supported,auto_answer,capability_inventory,0,1,5,,"[{""regionName"": ""Americas"", ""totalDemand"": ""35.0""}, {""regionName"": ""Asia Pacific/All Other"", ""totalDemand"": ""10.0""}, {""regionName"": ""Asia Pacific/China"", ""totalDemand"": ""20.0""}, {""regionName"": ""Europe"", ""totalDemand"": ""25.0""}, {""regionName"": ""Japan"", ""totalDemand"": ""10.0""}]","Answer: Regional demand returned 5 grouped row(s). Groups: region name: Americas, total demand: 35.0; region name: All Other, total demand: 10.0; region name: China, total demand: 20.0; region name: Europe, total demand: 25.0; region name: Japan, total demand: 10.0.",,"SELECT ?regionName (SUM(?demand) AS ?totalDemand) WHERE { BIND(""Semiconductor"" AS ?surveyGroup) ?entry a survey:DemandForRegion ; survey:hasSurveyOrigin ?origin ; survey:inRegion ?region ; survey:totalDemand ?demand . ?origin a survey:Semiconductor_Survey . ?region survey:regionName ?regionName . } GROUP BY ?regionName ORDER BY ?regionName",,
EFFKGQA0017,Return a breakdown of Tier1 current demand by vehicle type.,regional_demand,llm_or_ranking,llm_ranking,llm_ranking,validated_retrieval,1,5,3,,"[{""pct"": ""-0.36"", ""vehicle"": ""BEV""}, {""pct"": ""3.77"", ""vehicle"": ""BEHV""}, {""pct"": ""4.59"", ""vehicle"": ""ICE""}]","Answer: The query returned 3 row(s). Results: vehicle: BEV, pct: -0.36; vehicle: BEHV, pct: 3.77; vehicle: ICE, pct: 4.59.",selected_best_executable_candidate,"SELECT ?vehicle ?pct WHERE { ?agg a survey:AggregatedDemand ; survey:hasSurveyOrigin survey:OEM_Survey_Instance ; survey:isAggregatedResult true ; survey:forVehicleType ?veh ; survey:percentageChange ?pct . BIND( IF(?veh = survey:BEV, ""BEV"", IF(?veh = survey:BEHV, ""BEHV"", IF(?veh = survey:ICE, ""ICE"", """") ) ) AS ?vehicle ) FILTER(?vehicle != """") BIND( IF(?vehicle = ""BEV"", 1, IF(?vehicle = ""BEHV"", 2, IF(?vehicle = ""ICE"", 3, 4) ) ) AS ?ord ) } ORDER BY ?ord",,
EFFKGQA0018,Compare SAE level development across survey group.,autonomous_driving,llm_or_ranking,llm_ranking,llm_ranking,validated_retrieval,1,10,15,,"[{""avgPercentage"": ""42.0"", ""saeLevel"": ""1"", ""vehicleType"": ""BEHV""}, {""avgPercentage"": ""52.0"", ""saeLevel"": ""2"", ""vehicleType"": ""BEHV""}, {""avgPercentage"": ""62.0"", ""saeLevel"": ""3"", ""vehicleType"": ""BEHV""}, {""avgPercentage"": ""72.0"", ""saeLevel"": ""4"", ""vehicleType"": ""BEHV""}, {""avgPercentage"": ""82.0"", ""saeLevel"": ""5"", ""vehicleType"": ""BEHV""}, {""avgPercentage"": ""42.0"", ""saeLevel"": ""1"", ""vehicleType"": ""BEV""}, {""avgPercentage"": ""52.0"", ""saeLevel"": ""2"", ""vehicleType"": ""BEV""}, {""avgPercentage"": ""62.0"", ""saeLevel"": ""3"", ""vehicleType"": ""BEV""}, {""avgPercentage"": ""72.0"", ""saeLevel"": ""4"", ""vehicleType"": ""BEV""}, {""avgPercentage"": ""82.0"", ""saeLevel"": ""5"", ""vehicleType"": ""BEV""}, {""avgPercentage"": ""42.0"", ""saeL...","Answer: Autonomous-driving development returned 15 grouped row(s). First groups: vehicle type: BEHV, sae level: 1, avg percentage: 42.0; vehicle type: BEHV, sae level: 2, avg percentage: 52.0; vehicle type: BEHV, sae level: 3, avg percentage: 62.0; vehicle type: BEHV, sae level: 4, avg percentage: 72.0; vehicle type: BEHV, sae level: 5, avg percentage: 82.0; vehicle type: BEV, sae level: 1, avg percentage: 42.0; vehicle type: BEV, sae level: 2, avg percentage: 52.0; vehicle type: BEV, sae level: 3, avg percentage: 62.0.",selected_best_executable_candidate,"SELECT ?vehicleType ?saeLevel (AVG(?percentage) AS ?avgPercentage) WHERE { ?entry a survey:AutonomousDrivingDevelopment ; survey:hasVehicleType ?vehicle ; survey:hasSAELevel ?sae ; survey:hasPercentage ?percentage . BIND(REPLACE(STR(?vehicle), '^.*/', '') AS ?vehicleType) BIND(REPLACE(STR(?sae), '^.*/SAE_Level_', '') AS ?saeLevel) } GROUP BY ?vehicleType ?saeLevel ORDER BY ?vehicleType xsd:integer(?saeLevel)",,
EFFKGQA0019,Compare inventory responses by technology category.,inventory,llm_or_ranking,direct_graph_supported,auto_answer,capability_inventory,0,1,9,,"[{""entryCount"": ""1"", ""technologyCategory"": ""10nm_to_%3C28nm"", ""trend"": ""Decrease""}, {""entryCount"": ""1"", ""technologyCategory"": ""10nm_to_%3C28nm"", ""trend"": ""Increase""}, {""entryCount"": ""1"", ""technologyCategory"": ""180nm_or_greater"", ""trend"": ""Decrease""}, {""entryCount"": ""1"", ""technologyCategory"": ""180nm_or_greater"", ""trend"": ""Stable""}, {""entryCount"": ""1"", ""technologyCategory"": ""28nm_to_%3C45nm"", ""trend"": ""Decrease""}, {""entryCount"": ""1"", ""technologyCategory"": ""28nm_to_%3C45nm"", ""trend"": ""Stable""}, {""entryCount"": ""1"", ""technologyCategory"": ""55nm_to_180nm"", ""trend"": ""Increase""}, {""entryCount"": ""1"", ""technologyCategory"": ""55nm_to_180nm"", ""trend"": ""Stable""}, {""entryCount"": ""2"", ""technologyCategory""...","Answer: The query returned 9 row(s). First results: technology category: 10nm_to_%3C28nm, trend: Decrease, entry count: 1; technology category: 10nm_to_%3C28nm, trend: Increase, entry count: 1; technology category: 180nm_or_greater, trend: Decrease, entry count: 1; technology category: 180nm_or_greater, trend: Stable, entry count: 1; technology category: 28nm_to_%3C45nm, trend: Decrease, entry count: 1; technology category: 28nm_to_%3C45nm, trend: Stable, entry count: 1; technology category: 55nm_to_180nm, trend: Increase, entry count: 1; technology category: 55nm_to_180nm, trend: Stable, entry count: 1.",,"SELECT ?technologyCategory ?trend (COUNT(?entry) AS ?entryCount) WHERE { ?entry a survey:InventoryDevelopment_Semi ; survey:forTechnologyCategory ?technology ; survey:hasInventoryTrend ?trend . BIND(REPLACE(STR(?technology), ""^.*/"", """") AS ?technologyCategory) } GROUP BY ?technologyCategory ?trend ORDER BY ?technologyCategory ?trend",,
EFFKGQA0020,"From the graph, summarize Tier1 current demand per survey group?",regional_demand,llm_or_ranking,direct_graph_supported,auto_answer,capability_inventory,0,1,1,,"[{""surveyGroup"": ""Tier1"", ""totalDemand"": ""100.0""}]","Answer: The query returned 1 row(s). Results: survey group: Tier1, total demand: 100.0.",,"SELECT ?surveyGroup (SUM(?demand) AS ?totalDemand) WHERE { BIND(""Tier1"" AS ?surveyGroup) ?entry a survey:DemandForRegion ; survey:hasSurveyOrigin ?origin ; survey:totalDemand ?demand . ?origin a survey:Tier1_Survey . } GROUP BY ?surveyGroup ORDER BY ?surveyGroup",,
EFFKGQA0021,Return forecast vehicle sales grouped by time period.,vehicle_sales,llm_or_ranking,llm_ranking,llm_ranking,template,1,5,36,,"[{""forecastUnits"": ""6818720"", ""month"": ""time_Apr_2024""}, {""forecastUnits"": ""7260983"", ""month"": ""time_Apr_2025""}, {""forecastUnits"": ""7009380"", ""month"": ""time_Apr_2026""}, {""forecastUnits"": ""6837967"", ""month"": ""time_Aug_2024""}, {""forecastUnits"": ""6966169"", ""month"": ""time_Aug_2025""}, {""forecastUnits"": ""6967132"", ""month"": ""time_Aug_2026""}, {""forecastUnits"": ""8544327"", ""month"": ""time_Dec_2024""}, {""forecastUnits"": ""8455087"", ""month"": ""time_Dec_2025""}, {""forecastUnits"": ""8482982"", ""month"": ""time_Dec_2026""}, {""forecastUnits"": ""5986188"", ""month"": ""time_Feb_2024""}, {""forecastUnits"": ""6549728"", ""month"": ""time_Feb_2025""}, {""forecastUnits"": ""6604305"", ""month"": ""time_Feb_2026""}, {""forecastUnits"": ""65993...","Answer: The query returned 36 row(s). First results: month: time_Apr_2024, forecast units: 6818720; month: time_Apr_2025, forecast units: 7260983; month: time_Apr_2026, forecast units: 7009380; month: time_Aug_2024, forecast units: 6837967; month: time_Aug_2025, forecast units: 6966169; month: time_Aug_2026, forecast units: 6967132; month: time_Dec_2024, forecast units: 8544327; month: time_Dec_2025, forecast units: 8455087.",kept_selected_nonempty,"SELECT ?month (SUM(?unitsSold) AS ?forecastUnits) WHERE { ?obs a survey:VehicleSalesObservation ; survey:isForecastData true ; survey:forTimePeriod ?period ; survey:unitsSold ?unitsSold . BIND(REPLACE(STR(?period), '^.*/', '') AS ?month) } GROUP BY ?month ORDER BY ?month",,
EFFKGQA0022,Which year has the highest sales volume?,vehicle_sales,llm_or_ranking,direct_graph_supported,auto_answer,capability_inventory,0,1,4,,"[{""unitsSold"": ""86125479"", ""year"": ""2023""}, {""unitsSold"": ""88109476"", ""year"": ""2024""}, {""unitsSold"": ""90166856"", ""year"": ""2025""}, {""unitsSold"": ""90471186"", ""year"": ""2026""}]","Answer: The query returned 4 row(s). Results: year: 2023, units sold: 86125479; year: 2024, units sold: 88109476; year: 2025, units sold: 90166856; year: 2026, units sold: 90471186.",,"SELECT ?year (SUM(?units) AS ?unitsSold) WHERE { ?obs a survey:VehicleSalesObservation ; survey:forTimePeriod ?month ; survey:unitsSold ?units . OPTIONAL { ?month survey:periodLabel ?periodLabel . } BIND(COALESCE(?periodLabel, REPLACE(STR(?month), ""^.*/"", """")) AS ?label) BIND(REPLACE(STR(?label), ""^.*(20[0-9]{2}).*$"", ""$1"") AS ?year) } GROUP BY ?year ORDER BY ?year",,
EFFKGQA0023,Compare shortage status by survey group.,shortage,llm_or_ranking,direct_graph_supported,auto_answer,capability_inventory,0,1,6,,"[{""companyCount"": ""1"", ""shortageStatus"": ""no"", ""surveyGroup"": ""OEM""}, {""companyCount"": ""2"", ""shortageStatus"": ""yes"", ""surveyGroup"": ""OEM""}, {""companyCount"": ""1"", ""shortageStatus"": ""no"", ""surveyGroup"": ""Semiconductor""}, {""companyCount"": ""2"", ""shortageStatus"": ""yes"", ""surveyGroup"": ""Semiconductor""}, {""companyCount"": ""1"", ""shortageStatus"": ""no"", ""surveyGroup"": ""Tier1""}, {""companyCount"": ""2"", ""shortageStatus"": ""yes"", ""surveyGroup"": ""Tier1""}]","Answer: The query returned 6 row(s). Results: survey group: OEM, shortage status: no, company count: 1; survey group: OEM, shortage status: yes, company count: 2; survey group: Semiconductor, shortage status: no, company count: 1; survey group: Semiconductor, shortage status: yes, company count: 2; survey group: Tier1, shortage status: no, company count: 1; survey group: Tier1, shortage status: yes, company count: 2.",,"SELECT ?surveyGroup ?shortageStatus (COUNT(?company) AS ?companyCount) WHERE { VALUES (?surveyClass ?surveyGroup) { (survey:OEM_Survey ""OEM"") (survey:Tier1_Survey ""Tier1"") (survey:Semiconductor_Survey ""Semiconductor"") } ?company a survey:Company ; survey:hasSurveyOrigin ?origin ; survey:reportsShortage ?shortage . ?origin a ?surveyClass . BIND(IF(?shortage = true, ""yes"", ""no"") AS ?shortageStatus) } GROUP BY ?surveyGroup ?shortageStatus ORDER BY ?surveyGroup ?shortageStatus",,
EFFKGQA0024,Which technology category appears most often in inventory development?,inventory,llm_or_ranking,direct_graph_supported,auto_answer,capability_inventory,0,1,9,,"[{""entryCount"": ""1"", ""technologyCategory"": ""10nm_to_%3C28nm"", ""trend"": ""Decrease""}, {""entryCount"": ""1"", ""technologyCategory"": ""10nm_to_%3C28nm"", ""trend"": ""Increase""}, {""entryCount"": ""1"", ""technologyCategory"": ""180nm_or_greater"", ""trend"": ""Decrease""}, {""entryCount"": ""1"", ""technologyCategory"": ""180nm_or_greater"", ""trend"": ""Stable""}, {""entryCount"": ""1"", ""technologyCategory"": ""28nm_to_%3C45nm"", ""trend"": ""Decrease""}, {""entryCount"": ""1"", ""technologyCategory"": ""28nm_to_%3C45nm"", ""trend"": ""Stable""}, {""entryCount"": ""1"", ""technologyCategory"": ""55nm_to_180nm"", ""trend"": ""Increase""}, {""entryCount"": ""1"", ""technologyCategory"": ""55nm_to_180nm"", ""trend"": ""Stable""}, {""entryCount"": ""2"", ""technologyCategory""...","Answer: The query returned 9 row(s). First results: technology category: 10nm_to_%3C28nm, trend: Decrease, entry count: 1; technology category: 10nm_to_%3C28nm, trend: Increase, entry count: 1; technology category: 180nm_or_greater, trend: Decrease, entry count: 1; technology category: 180nm_or_greater, trend: Stable, entry count: 1; technology category: 28nm_to_%3C45nm, trend: Decrease, entry count: 1; technology category: 28nm_to_%3C45nm, trend: Stable, entry count: 1; technology category: 55nm_to_180nm, trend: Increase, entry count: 1; technology category: 55nm_to_180nm, trend: Stable, entry count: 1.",,"SELECT ?technologyCategory ?trend (COUNT(?entry) AS ?entryCount) WHERE { ?entry a survey:InventoryDevelopment_Semi ; survey:forTechnologyCategory ?technology ; survey:hasInventoryTrend ?trend . BIND(REPLACE(STR(?technology), ""^.*/"", """") AS ?technologyCategory) } GROUP BY ?technologyCategory ?trend ORDER BY ?technologyCategory ?trend",,
EFFKGQA0025,"For the survey data, future demand by technology category, please?",future_demand,direct_capability,llm_ranking,llm_ranking,validated_retrieval,1,9,1,,"[{""avgFutureChange"": ""36.1225"", ""techLabel"": ""TechCategory_180nm_or_greater""}]","Answer: The query returned 1 row(s). Results: tech label: TechCategory_180nm_or_greater, avg future change: 36.1225.",kept_selected_nonempty,"SELECT ?techLabel (AVG(?pct) AS ?avgFutureChange) WHERE { ?entry a survey:FutureDemandAnalysis ; survey:analyzesTechnologyCategory ?tech ; survey:percentageChange ?pct . BIND(REPLACE(STR(?tech), '^.*/', '') AS ?techLabel) } GROUP BY ?techLabel ORDER BY DESC(?avgFutureChange) LIMIT 1",,
EFFKGQA0026,Return autonomous driving percentage grouped by survey group.,autonomous_driving,llm_or_ranking,llm_ranking,llm_ranking,infineon,1,5,0,,,Answer: No results returned for the given query.,selected_best_executable_candidate,"SELECT ?surveyType (AVG(?percentage) AS ?avgPercentage) WHERE { VALUES (?surveyClass ?surveyType) { (survey:OEM_Survey 'OEM') (survey:Tier1_Survey 'Tier1') (survey:Semiconductor_Survey 'Semiconductor') } ?devClass a ?devType ; survey:hasSurveyOrigin ?origin ; survey:hasDetail ?entry . ?origin a ?surveyClass . FILTER(?devType IN (survey:AutonomousDrivingDevelopment_OEM, survey:AutonomousDrivingDevelopment_Tier1)) ?entry a survey:AutonomousDrivingDevelopment ; survey:hasPercentage ?percentage . } GROUP BY ?surveyType ORDER BY ?surveyType",,
EFFKGQA0027,Return a breakdown of regional demand by survey group.,regional_demand,llm_or_ranking,direct_graph_supported,auto_answer,capability_inventory,0,1,15,,"[{""regionName"": ""Americas"", ""surveyGroup"": ""OEM"", ""totalDemand"": ""67744458.0""}, {""regionName"": ""Asia Pacific/All Other"", ""surveyGroup"": ""OEM"", ""totalDemand"": ""37293303.0""}, {""regionName"": ""Asia Pacific/China"", ""surveyGroup"": ""OEM"", ""totalDemand"": ""77885298.0""}, {""regionName"": ""Europe"", ""surveyGroup"": ""OEM"", ""totalDemand"": ""51729003.0""}, {""regionName"": ""Japan"", ""surveyGroup"": ""OEM"", ""totalDemand"": ""14117148.0""}, {""regionName"": ""Americas"", ""surveyGroup"": ""Semiconductor"", ""totalDemand"": ""35.0""}, {""regionName"": ""Asia Pacific/All Other"", ""surveyGroup"": ""Semiconductor"", ""totalDemand"": ""10.0""}, {""regionName"": ""Asia Pacific/China"", ""surveyGroup"": ""Semiconductor"", ""totalDemand"": ""20.0""}, {""regionN...","Answer: Regional demand returned 15 grouped row(s). First groups: survey group: OEM, region name: Americas, total demand: 67744458.0; survey group: OEM, region name: All Other, total demand: 37293303.0; survey group: OEM, region name: China, total demand: 77885298.0; survey group: OEM, region name: Europe, total demand: 51729003.0; survey group: OEM, region name: Japan, total demand: 14117148.0; survey group: Semiconductor, region name: Americas, total demand: 35.0; survey group: Semiconductor, region name: All Other, total demand: 10.0; survey group: Semiconductor, region name: China, total demand: 20.0.",,"SELECT ?surveyGroup ?regionName (SUM(?demand) AS ?totalDemand) WHERE { VALUES (?surveyClass ?surveyGroup) { (survey:OEM_Survey ""OEM"") (survey:Tier1_Survey ""Tier1"") (survey:Semiconductor_Survey ""Semiconductor"") } ?entry a survey:DemandForRegion ; survey:hasSurveyOrigin ?origin ; survey:inRegion ?region ; survey:totalDemand ?demand . ?origin a ?surveyClass . ?region survey:regionName ?regionName . } GROUP BY ?surveyGroup ?regionName ORDER BY ?surveyGroup ?regionName",,
EFFKGQA0028,"From the graph, return future demand values for each technology category?",future_demand,direct_capability,direct_graph_supported,auto_answer,capability_inventory,0,1,5,,"[{""avgPercentageChange"": ""12.24875"", ""technologyCategory"": ""TechCategory_%3C%3D_7nm""}, {""avgPercentageChange"": ""3.7225"", ""technologyCategory"": ""TechCategory_10nm_to_%3C28nm""}, {""avgPercentageChange"": ""36.1225"", ""technologyCategory"": ""TechCategory_180nm_or_greater""}, {""avgPercentageChange"": ""12.375"", ""technologyCategory"": ""TechCategory_28nm_to_%3C45nm""}, {""avgPercentageChange"": ""2.9525"", ""technologyCategory"": ""TechCategory_55nm_to_180nm""}]","Answer: The query returned 5 row(s). Results: technology category: TechCategory_%3C%3D_7nm, avg percentage change: 12.24875; technology category: TechCategory_10nm_to_%3C28nm, avg percentage change: 3.7225; technology category: TechCategory_180nm_or_greater, avg percentage change: 36.1225; technology category: TechCategory_28nm_to_%3C45nm, avg percentage change: 12.375; technology category: TechCategory_55nm_to_180nm, avg percentage change: 2.9525.",,"SELECT ?technologyCategory (AVG(?pct) AS ?avgPercentageChange) WHERE { ?entry a survey:FutureDemandAnalysis ; survey:analyzesTechnologyCategory ?technology ; survey:percentageChange ?pct . OPTIONAL { ?technology survey:technologyCategoryName ?technologyName . } BIND(COALESCE(?technologyName, REPLACE(STR(?technology), ""^.*/"", """")) AS ?technologyCategory) } GROUP BY ?technologyCategory ORDER BY ?technologyCategory",,
EFFKGQA0029,Show forecast vehicle sales by year.,vehicle_sales,llm_or_ranking,direct_graph_supported,auto_answer,capability_inventory,0,1,3,,"[{""unitsSold"": ""88109476"", ""year"": ""2024""}, {""unitsSold"": ""90166856"", ""year"": ""2025""}, {""unitsSold"": ""90471186"", ""year"": ""2026""}]","Answer: The query returned 3 row(s). Results: year: 2024, units sold: 88109476; year: 2025, units sold: 90166856; year: 2026, units sold: 90471186.",,"SELECT ?year (SUM(?units) AS ?unitsSold) WHERE { ?obs a survey:VehicleSalesObservation ; survey:isForecastData true ; survey:forTimePeriod ?month ; survey:unitsSold ?units . OPTIONAL { ?month survey:periodLabel ?periodLabel . } BIND(COALESCE(?periodLabel, REPLACE(STR(?month), ""^.*/"", """")) AS ?label) BIND(REPLACE(STR(?label), ""^.*(20[0-9]{2}).*$"", ""$1"") AS ?year) } GROUP BY ?year ORDER BY ?year",,
EFFKGQA0030,Please compare regional demand across quarter?,regional_demand,llm_or_ranking,direct_graph_supported,auto_answer,capability_inventory,0,1,15,,"[{""regionName"": ""Americas"", ""surveyGroup"": ""OEM"", ""totalDemand"": ""67744458.0""}, {""regionName"": ""Asia Pacific/All Other"", ""surveyGroup"": ""OEM"", ""totalDemand"": ""37293303.0""}, {""regionName"": ""Asia Pacific/China"", ""surveyGroup"": ""OEM"", ""totalDemand"": ""77885298.0""}, {""regionName"": ""Europe"", ""surveyGroup"": ""OEM"", ""totalDemand"": ""51729003.0""}, {""regionName"": ""Japan"", ""surveyGroup"": ""OEM"", ""totalDemand"": ""14117148.0""}, {""regionName"": ""Americas"", ""surveyGroup"": ""Semiconductor"", ""totalDemand"": ""35.0""}, {""regionName"": ""Asia Pacific/All Other"", ""surveyGroup"": ""Semiconductor"", ""totalDemand"": ""10.0""}, {""regionName"": ""Asia Pacific/China"", ""surveyGroup"": ""Semiconductor"", ""totalDemand"": ""20.0""}, {""regionN...","Answer: Regional demand returned 15 grouped row(s). First groups: survey group: OEM, region name: Americas, total demand: 67744458.0; survey group: OEM, region name: All Other, total demand: 37293303.0; survey group: OEM, region name: China, total demand: 77885298.0; survey group: OEM, region name: Europe, total demand: 51729003.0; survey group: OEM, region name: Japan, total demand: 14117148.0; survey group: Semiconductor, region name: Americas, total demand: 35.0; survey group: Semiconductor, region name: All Other, total demand: 10.0; survey group: Semiconductor, region name: China, total demand: 20.0.",,"SELECT ?surveyGroup ?regionName (SUM(?demand) AS ?totalDemand) WHERE { VALUES (?surveyClass ?surveyGroup) { (survey:OEM_Survey ""OEM"") (survey:Tier1_Survey ""Tier1"") (survey:Semiconductor_Survey ""Semiconductor"") } ?entry a survey:DemandForRegion ; survey:hasSurveyOrigin ?origin ; survey:inRegion ?region ; survey:totalDemand ?demand . ?origin a ?surveyClass . ?region survey:regionName ?regionName . } GROUP BY ?surveyGroup ?regionName ORDER BY ?surveyGroup ?regionName",,
EFFKGQA0031,Return autonomous driving development grouped by year.,autonomous_driving,llm_or_ranking,direct_graph_supported,auto_answer,capability_inventory,0,1,3,,"[{""avgPercentage"": ""42.0"", ""year"": ""2025""}, {""avgPercentage"": ""62.0"", ""year"": ""2026""}, {""avgPercentage"": ""82.0"", ""year"": ""2027""}]","Answer: The query returned 3 row(s). Results: year: 2025, avg percentage: 42.0; year: 2026, avg percentage: 62.0; year: 2027, avg percentage: 82.0.",,SELECT ?year (AVG(?pct) AS ?avgPercentage) WHERE { ?entry a survey:AutonomousDrivingDevelopment ; survey:hasYear ?year ; survey:hasPercentage ?pct . } GROUP BY ?year ORDER BY ?year,,
EFFKGQA0032,Show cancellation behavior by response type.,order_cancellation,llm_or_ranking,llm_ranking,llm_ranking,validated_retrieval,1,5,15,,"[{""responseType"": ""Decrease"", ""responses"": ""1"", ""tech"": ""OrderCancellationChange_Semi_10nm_to_lt28nm""}, {""responseType"": ""Increase"", ""responses"": ""2"", ""tech"": ""OrderCancellationChange_Semi_10nm_to_lt28nm""}, {""responseType"": ""Stable"", ""responses"": ""0"", ""tech"": ""OrderCancellationChange_Semi_10nm_to_lt28nm""}, {""responseType"": ""Decrease"", ""responses"": ""2"", ""tech"": ""OrderCancellationChange_Semi_180nm_or_greater""}, {""responseType"": ""Increase"", ""responses"": ""0"", ""tech"": ""OrderCancellationChange_Semi_180nm_or_greater""}, {""responseType"": ""Stable"", ""responses"": ""1"", ""tech"": ""OrderCancellationChange_Semi_180nm_or_greater""}, {""responseType"": ""Decrease"", ""responses"": ""1"", ""tech"": ""OrderCancellationCha...",Answer: Order-cancellation results returned 15 row(s). The largest returned responses is Increase for OrderCancellationChange Semi 10nm to <28nm with 2.,switched_to_nonempty_candidate,SELECT ?tech ?responseType (SUM(xsd:integer(?cnt)) AS ?responses) WHERE { ?oc a survey:OrderCancellation ; survey:forTechnologyCategory ?tech ; survey:hasResponseType ?responseType ; survey:participantCount ?cnt . } GROUP BY ?tech ?responseType ORDER BY ?tech ?responseType,,
EFFKGQA0033,Return inventory responses grouped by component.,inventory,llm_or_ranking,direct_graph_supported,auto_answer,capability_inventory,0,1,9,,"[{""component"": ""Component_EV"", ""participantTotal"": ""1"", ""trend"": ""Decrease""}, {""component"": ""Component_EV"", ""participantTotal"": ""1"", ""trend"": ""Increase""}, {""component"": ""Component_EV"", ""participantTotal"": ""3"", ""trend"": ""Stable""}, {""component"": ""Component_both"", ""participantTotal"": ""1"", ""trend"": ""Decrease""}, {""component"": ""Component_both"", ""participantTotal"": ""1"", ""trend"": ""Increase""}, {""component"": ""Component_both"", ""participantTotal"": ""3"", ""trend"": ""Stable""}, {""component"": ""Component_non_EV"", ""participantTotal"": ""1"", ""trend"": ""Decrease""}, {""component"": ""Component_non_EV"", ""participantTotal"": ""1"", ""trend"": ""Increase""}, {""component"": ""Component_non_EV"", ""participantTotal"": ""3"", ""trend"": ""S...","Answer: The query returned 9 row(s). First results: component: Component_EV, trend: Decrease, participant total: 1; component: Component_EV, trend: Increase, participant total: 1; component: Component_EV, trend: Stable, participant total: 3; component: Component_both, trend: Decrease, participant total: 1; component: Component_both, trend: Increase, participant total: 1; component: Component_both, trend: Stable, participant total: 3; component: Component_non_EV, trend: Decrease, participant total: 1; component: Component_non_EV, trend: Increase, participant total: 1.",,SELECT ?component ?trend (SUM(?participants) AS ?participantTotal) WHERE { ?entry a survey:InventoryDevelopment_Tier1 ; survey:forComponent ?component ; survey:inventoryTrend ?trend ; survey:participantCount ?participants . } GROUP BY ?component ?trend ORDER BY ?component ?trend,,
EFFKGQA0034,Compare reported shortages by survey group.,shortage,llm_or_ranking,direct_graph_supported,auto_answer,capability_inventory,0,1,6,,"[{""companyCount"": ""1"", ""shortageStatus"": ""no"", ""surveyGroup"": ""OEM""}, {""companyCount"": ""2"", ""shortageStatus"": ""yes"", ""surveyGroup"": ""OEM""}, {""companyCount"": ""1"", ""shortageStatus"": ""no"", ""surveyGroup"": ""Semiconductor""}, {""companyCount"": ""2"", ""shortageStatus"": ""yes"", ""surveyGroup"": ""Semiconductor""}, {""companyCount"": ""1"", ""shortageStatus"": ""no"", ""surveyGroup"": ""Tier1""}, {""companyCount"": ""2"", ""shortageStatus"": ""yes"", ""surveyGroup"": ""Tier1""}]","Answer: The query returned 6 row(s). Results: survey group: OEM, shortage status: no, company count: 1; survey group: OEM, shortage status: yes, company count: 2; survey group: Semiconductor, shortage status: no, company count: 1; survey group: Semiconductor, shortage status: yes, company count: 2; survey group: Tier1, shortage status: no, company count: 1; survey group: Tier1, shortage status: yes, company count: 2.",,"SELECT ?surveyGroup ?shortageStatus (COUNT(?company) AS ?companyCount) WHERE { VALUES (?surveyClass ?surveyGroup) { (survey:OEM_Survey ""OEM"") (survey:Tier1_Survey ""Tier1"") (survey:Semiconductor_Survey ""Semiconductor"") } ?company a survey:Company ; survey:hasSurveyOrigin ?origin ; survey:reportsShortage ?shortage . ?origin a ?surveyClass . BIND(IF(?shortage = true, ""yes"", ""no"") AS ?shortageStatus) } GROUP BY ?surveyGroup ?shortageStatus ORDER BY ?surveyGroup ?shortageStatus",,
EFFKGQA0035,Show OEM current demand by vehicle type.,regional_demand,llm_or_ranking,llm_ranking,llm_ranking,validated_retrieval,1,5,3,,"[{""pct"": ""-0.36"", ""vehicle"": ""BEV""}, {""pct"": ""3.77"", ""vehicle"": ""BEHV""}, {""pct"": ""4.59"", ""vehicle"": ""ICE""}]","Answer: The query returned 3 row(s). Results: vehicle: BEV, pct: -0.36; vehicle: BEHV, pct: 3.77; vehicle: ICE, pct: 4.59.",selected_best_executable_candidate,"SELECT ?vehicle ?pct WHERE { ?agg a survey:AggregatedDemand ; survey:hasSurveyOrigin survey:OEM_Survey_Instance ; survey:isAggregatedResult true ; survey:forVehicleType ?veh ; survey:percentageChange ?pct . BIND( IF(?veh = survey:BEV, ""BEV"", IF(?veh = survey:BEHV, ""BEHV"", IF(?veh = survey:ICE, ""ICE"", """") ) ) AS ?vehicle ) FILTER(?vehicle != """") BIND( IF(?vehicle = ""BEV"", 1, IF(?vehicle = ""BEHV"", 2, IF(?vehicle = ""ICE"", 3, 4) ) ) AS ?ord ) } ORDER BY ?ord",,
EFFKGQA0036,What does future demand look like for each technology category?,future_demand,direct_capability,llm_ranking,llm_ranking,infineon,1,8,5,,"[{""avgFutureChange"": ""12.24875"", ""techLabel"": ""TechCategory_%3C%3D_7nm""}, {""avgFutureChange"": ""3.7225"", ""techLabel"": ""TechCategory_10nm_to_%3C28nm""}, {""avgFutureChange"": ""36.1225"", ""techLabel"": ""TechCategory_180nm_or_greater""}, {""avgFutureChange"": ""12.375"", ""techLabel"": ""TechCategory_28nm_to_%3C45nm""}, {""avgFutureChange"": ""2.9525"", ""techLabel"": ""TechCategory_55nm_to_180nm""}]","Answer: The query returned 5 row(s). Results: tech label: TechCategory_%3C%3D_7nm, avg future change: 12.24875; tech label: TechCategory_10nm_to_%3C28nm, avg future change: 3.7225; tech label: TechCategory_180nm_or_greater, avg future change: 36.1225; tech label: TechCategory_28nm_to_%3C45nm, avg future change: 12.375; tech label: TechCategory_55nm_to_180nm, avg future change: 2.9525.",kept_selected_nonempty,"SELECT ?techLabel (AVG(?pct) AS ?avgFutureChange) WHERE { ?entry a survey:FutureDemandAnalysis ; survey:analyzesTechnologyCategory ?tech ; survey:percentageChange ?pct . BIND(REPLACE(STR(?tech), '^.*/', '') AS ?techLabel) } GROUP BY ?techLabel ORDER BY ?techLabel",,
EFFKGQA0037,Summarize reported shortages across technology category.,shortage,llm_or_ranking,llm_ranking,llm_ranking,validated_retrieval,1,12,15,,"[{""participantCount"": ""1"", ""responseType"": ""Decrease"", ""technologyCategory"": ""OrderCancellationChange_Semi_10nm_to_lt28nm""}, {""participantCount"": ""2"", ""responseType"": ""Increase"", ""technologyCategory"": ""OrderCancellationChange_Semi_10nm_to_lt28nm""}, {""participantCount"": ""0"", ""responseType"": ""Stable"", ""technologyCategory"": ""OrderCancellationChange_Semi_10nm_to_lt28nm""}, {""participantCount"": ""2"", ""responseType"": ""Decrease"", ""technologyCategory"": ""OrderCancellationChange_Semi_180nm_or_greater""}, {""participantCount"": ""0"", ""responseType"": ""Increase"", ""technologyCategory"": ""OrderCancellationChange_Semi_180nm_or_greater""}, {""participantCount"": ""1"", ""responseType"": ""Stable"", ""technologyCategory"": ...",Answer: Order-cancellation results returned 15 row(s). The largest returned participant count is Increase for OrderCancellationChange Semi 10nm to <28nm with 2.,selected_best_executable_candidate,"SELECT ?technologyCategory ?responseType (SUM(?participants) AS ?participantCount) WHERE { ?entry a survey:OrderCancellation ; survey:forTechnologyCategory ?tech ; survey:hasResponseType ?responseType ; survey:participantCount ?participants . BIND(REPLACE(STR(?tech), '^.*/', '') AS ?technologyCategory) } GROUP BY ?technologyCategory ?responseType ORDER BY ?technologyCategory ?responseType",,
EFFKGQA0038,Please give me OEM current demand grouped by quarter?,regional_demand,llm_or_ranking,llm_ranking,llm_ranking,infineon,1,5,0,,,Answer: No results returned for the given query.,selected_best_executable_candidate,"SELECT ?quarterLabel (SUM(?currentDemand) AS ?totalCurrentDemand) WHERE { ?root a survey:CurrentDemandAnalysis ; survey:hasSurveyOrigin survey:OEM_Survey ; survey:hasAggregatedResult ?entry . ?entry a survey:CurrentDemandAnalysis ; survey:forTimePeriod ?quarter ; survey:currentDemand ?currentDemand . ?quarter a survey:Quarter . BIND(REPLACE(STR(?quarter), '^.*/', '') AS ?quarterLabel) } GROUP BY ?quarterLabel ORDER BY ?quarterLabel",,
EFFKGQA0039,Summarize component inventory across component.,inventory,llm_or_ranking,direct_graph_supported,auto_answer,capability_inventory,0,1,9,,"[{""component"": ""Component_EV"", ""participantTotal"": ""1"", ""trend"": ""Decrease""}, {""component"": ""Component_EV"", ""participantTotal"": ""1"", ""trend"": ""Increase""}, {""component"": ""Component_EV"", ""participantTotal"": ""3"", ""trend"": ""Stable""}, {""component"": ""Component_both"", ""participantTotal"": ""1"", ""trend"": ""Decrease""}, {""component"": ""Component_both"", ""participantTotal"": ""1"", ""trend"": ""Increase""}, {""component"": ""Component_both"", ""participantTotal"": ""3"", ""trend"": ""Stable""}, {""component"": ""Component_non_EV"", ""participantTotal"": ""1"", ""trend"": ""Decrease""}, {""component"": ""Component_non_EV"", ""participantTotal"": ""1"", ""trend"": ""Increase""}, {""component"": ""Component_non_EV"", ""participantTotal"": ""3"", ""trend"": ""S...","Answer: The query returned 9 row(s). First results: component: Component_EV, trend: Decrease, participant total: 1; component: Component_EV, trend: Increase, participant total: 1; component: Component_EV, trend: Stable, participant total: 3; component: Component_both, trend: Decrease, participant total: 1; component: Component_both, trend: Increase, participant total: 1; component: Component_both, trend: Stable, participant total: 3; component: Component_non_EV, trend: Decrease, participant total: 1; component: Component_non_EV, trend: Increase, participant total: 1.",,SELECT ?component ?trend (SUM(?participants) AS ?participantTotal) WHERE { ?entry a survey:InventoryDevelopment_Tier1 ; survey:forComponent ?component ; survey:inventoryTrend ?trend ; survey:participantCount ?participants . } GROUP BY ?component ?trend ORDER BY ?component ?trend,,
EFFKGQA0040,Compare cancellation participant counts by technology category.,order_cancellation,llm_or_ranking,llm_ranking,llm_ranking,validated_retrieval,1,13,15,,"[{""responseType"": ""Decrease"", ""responses"": ""1"", ""tech"": ""OrderCancellationChange_Semi_10nm_to_lt28nm""}, {""responseType"": ""Increase"", ""responses"": ""2"", ""tech"": ""OrderCancellationChange_Semi_10nm_to_lt28nm""}, {""responseType"": ""Stable"", ""responses"": ""0"", ""tech"": ""OrderCancellationChange_Semi_10nm_to_lt28nm""}, {""responseType"": ""Decrease"", ""responses"": ""2"", ""tech"": ""OrderCancellationChange_Semi_180nm_or_greater""}, {""responseType"": ""Increase"", ""responses"": ""0"", ""tech"": ""OrderCancellationChange_Semi_180nm_or_greater""}, {""responseType"": ""Stable"", ""responses"": ""1"", ""tech"": ""OrderCancellationChange_Semi_180nm_or_greater""}, {""responseType"": ""Decrease"", ""responses"": ""1"", ""tech"": ""OrderCancellationCha...",Answer: Order-cancellation results returned 15 row(s). The largest returned responses is Increase for OrderCancellationChange Semi 10nm to <28nm with 2.,selected_best_executable_candidate,SELECT ?tech ?responseType (SUM(xsd:integer(?cnt)) AS ?responses) WHERE { ?oc a survey:OrderCancellation ; survey:forTechnologyCategory ?tech ; survey:hasResponseType ?responseType ; survey:participantCount ?cnt . } GROUP BY ?tech ?responseType ORDER BY ?tech ?responseType,,
EFFKGQA0041,Compare inventory development by trend.,inventory,llm_or_ranking,llm_ranking,llm_ranking,validated_retrieval,1,7,9,,"[{""component"": ""Component_EV"", ""responses"": ""1"", ""trend"": ""Decrease""}, {""component"": ""Component_EV"", ""responses"": ""1"", ""trend"": ""Increase""}, {""component"": ""Component_EV"", ""responses"": ""3"", ""trend"": ""Stable""}, {""component"": ""Component_both"", ""responses"": ""1"", ""trend"": ""Decrease""}, {""component"": ""Component_both"", ""responses"": ""1"", ""trend"": ""Increase""}, {""component"": ""Component_both"", ""responses"": ""3"", ""trend"": ""Stable""}, {""component"": ""Component_non_EV"", ""responses"": ""1"", ""trend"": ""Decrease""}, {""component"": ""Component_non_EV"", ""responses"": ""1"", ""trend"": ""Increase""}, {""component"": ""Component_non_EV"", ""responses"": ""3"", ""trend"": ""Stable""}]","Answer: The query returned 9 row(s). First results: component: Component_EV, trend: Decrease, responses: 1; component: Component_EV, trend: Increase, responses: 1; component: Component_EV, trend: Stable, responses: 3; component: Component_both, trend: Decrease, responses: 1; component: Component_both, trend: Increase, responses: 1; component: Component_both, trend: Stable, responses: 3; component: Component_non_EV, trend: Decrease, responses: 1; component: Component_non_EV, trend: Increase, responses: 1.",switched_to_nonempty_candidate,SELECT ?component ?trend (SUM(xsd:integer(?cnt)) AS ?responses) WHERE { ?entry a survey:InventoryDevelopment_Tier1 ; survey:forComponent ?component ; survey:inventoryTrend ?trend ; survey:participantCount ?cnt . } GROUP BY ?component ?trend ORDER BY ?component ?trend,,
EFFKGQA0042,How many companies are in each shortage status for shortage status?,shortage,llm_or_ranking,direct_graph_supported,auto_answer,capability_inventory,0,1,2,,"[{""companyCount"": ""3"", ""shortageStatus"": ""no""}, {""companyCount"": ""6"", ""shortageStatus"": ""yes""}]","Answer: The query returned 2 row(s). Results: shortage status: no, company count: 3; shortage status: yes, company count: 6.",,"SELECT ?shortageStatus (COUNT(?company) AS ?companyCount) WHERE { VALUES (?surveyClass ?surveyGroup) { (survey:OEM_Survey ""OEM"") (survey:Tier1_Survey ""Tier1"") (survey:Semiconductor_Survey ""Semiconductor"") } ?company a survey:Company ; survey:hasSurveyOrigin ?origin ; survey:reportsShortage ?shortage . ?origin a ?surveyClass . BIND(IF(?shortage = true, ""yes"", ""no"") AS ?shortageStatus) } GROUP BY ?shortageStatus ORDER BY ?shortageStatus",,
EFFKGQA0043,Return companies reporting shortage grouped by survey group.,shortage,llm_or_ranking,direct_graph_supported,auto_answer,capability_inventory,0,1,6,,"[{""companyCount"": ""1"", ""shortageStatus"": ""no"", ""surveyGroup"": ""OEM""}, {""companyCount"": ""2"", ""shortageStatus"": ""yes"", ""surveyGroup"": ""OEM""}, {""companyCount"": ""1"", ""shortageStatus"": ""no"", ""surveyGroup"": ""Semiconductor""}, {""companyCount"": ""2"", ""shortageStatus"": ""yes"", ""surveyGroup"": ""Semiconductor""}, {""companyCount"": ""1"", ""shortageStatus"": ""no"", ""surveyGroup"": ""Tier1""}, {""companyCount"": ""2"", ""shortageStatus"": ""yes"", ""surveyGroup"": ""Tier1""}]","Answer: The query returned 6 row(s). Results: survey group: OEM, shortage status: no, company count: 1; survey group: OEM, shortage status: yes, company count: 2; survey group: Semiconductor, shortage status: no, company count: 1; survey group: Semiconductor, shortage status: yes, company count: 2; survey group: Tier1, shortage status: no, company count: 1; survey group: Tier1, shortage status: yes, company count: 2.",,"SELECT ?surveyGroup ?shortageStatus (COUNT(?company) AS ?companyCount) WHERE { VALUES (?surveyClass ?surveyGroup) { (survey:OEM_Survey ""OEM"") (survey:Tier1_Survey ""Tier1"") (survey:Semiconductor_Survey ""Semiconductor"") } ?company a survey:Company ; survey:hasSurveyOrigin ?origin ; survey:reportsShortage ?shortage . ?origin a ?surveyClass . BIND(IF(?shortage = true, ""yes"", ""no"") AS ?shortageStatus) } GROUP BY ?surveyGroup ?shortageStatus ORDER BY ?surveyGroup ?shortageStatus",,
EFFKGQA0044,Compare autonomous driving development across SAE level.,autonomous_driving,llm_or_ranking,direct_graph_supported,auto_answer,capability_inventory,0,1,5,,"[{""avgPercentage"": ""42.0"", ""saeLevel"": ""SAE_Level_1""}, {""avgPercentage"": ""52.0"", ""saeLevel"": ""SAE_Level_2""}, {""avgPercentage"": ""62.0"", ""saeLevel"": ""SAE_Level_3""}, {""avgPercentage"": ""72.0"", ""saeLevel"": ""SAE_Level_4""}, {""avgPercentage"": ""82.0"", ""saeLevel"": ""SAE_Level_5""}]","Answer: The query returned 5 row(s). Results: sae level: SAE_Level_1, avg percentage: 42.0; sae level: SAE_Level_2, avg percentage: 52.0; sae level: SAE_Level_3, avg percentage: 62.0; sae level: SAE_Level_4, avg percentage: 72.0; sae level: SAE_Level_5, avg percentage: 82.0.",,"SELECT ?saeLevel (AVG(?pct) AS ?avgPercentage) WHERE { ?entry a survey:AutonomousDrivingDevelopment ; survey:hasSAELevel ?sae ; survey:hasPercentage ?pct . BIND(REPLACE(STR(?sae), ""^.*/"", """") AS ?saeLevel) } GROUP BY ?saeLevel ORDER BY ?saeLevel",,
EFFKGQA0045,Summarize future demand across quarter.,future_demand,direct_capability,direct_graph_supported,auto_answer,capability_inventory,0,1,8,,"[{""avgPercentageChange"": ""12.44380952380952380952381"", ""quarterLabel"": ""Current Quarter""}, {""avgPercentageChange"": ""9.510000000000000038461538"", ""quarterLabel"": ""Q1 2026""}, {""avgPercentageChange"": ""26.356153846153846153846154"", ""quarterLabel"": ""Q2 2025""}, {""avgPercentageChange"": ""7.285384615384615384615385"", ""quarterLabel"": ""Q2 2026""}, {""avgPercentageChange"": ""5.861923076923076923076923"", ""quarterLabel"": ""Q3 2025""}, {""avgPercentageChange"": ""8.775384615384615384615385"", ""quarterLabel"": ""Q3 2026""}, {""avgPercentageChange"": ""15.195769230769230807692308"", ""quarterLabel"": ""Q4 2025""}, {""avgPercentageChange"": ""8.727307692307692307692308"", ""quarterLabel"": ""Q4 2026""}]","Answer: The query returned 8 row(s). Results: quarter label: Current Quarter, avg percentage change: 12.44380952380952380952381; quarter label: Q1 2026, avg percentage change: 9.510000000000000038461538; quarter label: Q2 2025, avg percentage change: 26.356153846153846153846154; quarter label: Q2 2026, avg percentage change: 7.285384615384615384615385; quarter label: Q3 2025, avg percentage change: 5.861923076923076923076923; quarter label: Q3 2026, avg percentage change: 8.775384615384615384615385; quarter label: Q4 2025, avg percentage change: 15.195769230769230807692308; quarter label: Q4 2026, avg percentage change: 8.727307692307692307692308.",,SELECT ?quarterLabel (AVG(?pct) AS ?avgPercentageChange) WHERE { ?entry a survey:FutureDemandAnalysis ; survey:forTimePeriod ?quarter ; survey:percentageChange ?pct . ?quarter survey:periodLabel ?quarterLabel . } GROUP BY ?quarterLabel ORDER BY ?quarterLabel,,
EFFKGQA0046,Which component appears most often in component inventory?,inventory,llm_or_ranking,direct_graph_supported,auto_answer,capability_inventory,0,1,9,,"[{""component"": ""Component_EV"", ""participantTotal"": ""1"", ""trend"": ""Decrease""}, {""component"": ""Component_EV"", ""participantTotal"": ""1"", ""trend"": ""Increase""}, {""component"": ""Component_EV"", ""participantTotal"": ""3"", ""trend"": ""Stable""}, {""component"": ""Component_both"", ""participantTotal"": ""1"", ""trend"": ""Decrease""}, {""component"": ""Component_both"", ""participantTotal"": ""1"", ""trend"": ""Increase""}, {""component"": ""Component_both"", ""participantTotal"": ""3"", ""trend"": ""Stable""}, {""component"": ""Component_non_EV"", ""participantTotal"": ""1"", ""trend"": ""Decrease""}, {""component"": ""Component_non_EV"", ""participantTotal"": ""1"", ""trend"": ""Increase""}, {""component"": ""Component_non_EV"", ""participantTotal"": ""3"", ""trend"": ""S...","Answer: The query returned 9 row(s). First results: component: Component_EV, trend: Decrease, participant total: 1; component: Component_EV, trend: Increase, participant total: 1; component: Component_EV, trend: Stable, participant total: 3; component: Component_both, trend: Decrease, participant total: 1; component: Component_both, trend: Increase, participant total: 1; component: Component_both, trend: Stable, participant total: 3; component: Component_non_EV, trend: Decrease, participant total: 1; component: Component_non_EV, trend: Increase, participant total: 1.",,SELECT ?component ?trend (SUM(?participants) AS ?participantTotal) WHERE { ?entry a survey:InventoryDevelopment_Tier1 ; survey:forComponent ?component ; survey:inventoryTrend ?trend ; survey:participantCount ?participants . } GROUP BY ?component ?trend ORDER BY ?component ?trend,,
EFFKGQA0047,"For the survey data, summarize semiconductor current demand per vehicle type?",regional_demand,llm_or_ranking,llm_ranking,llm_ranking,infineon,1,5,0,,,Answer: No results returned for the given query.,selected_best_executable_candidate,"SELECT ?vehicleType (SUM(?currentDemand) AS ?totalCurrentDemand) WHERE { ?entry a survey:CurrentDemandAnalysis ; survey:hasSurveyOrigin ?origin ; survey:analyzesVehicleType ?vehicle ; survey:currentDemand ?currentDemand . ?origin a survey:Semiconductor_Survey . BIND(REPLACE(STR(?vehicle), '^.*/', '') AS ?vehicleType) } GROUP BY ?vehicleType ORDER BY ?vehicleType",,
EFFKGQA0048,Summarize Tier1 current demand per vehicle type.,regional_demand,llm_or_ranking,llm_ranking,llm_ranking,validated_retrieval,1,5,3,,"[{""pct"": ""-0.36"", ""vehicle"": ""BEV""}, {""pct"": ""3.77"", ""vehicle"": ""BEHV""}, {""pct"": ""4.59"", ""vehicle"": ""ICE""}]","Answer: The query returned 3 row(s). Results: vehicle: BEV, pct: -0.36; vehicle: BEHV, pct: 3.77; vehicle: ICE, pct: 4.59.",switched_to_nonempty_candidate,"SELECT ?vehicle ?pct WHERE { ?agg a survey:AggregatedDemand ; survey:hasSurveyOrigin survey:OEM_Survey_Instance ; survey:isAggregatedResult true ; survey:forVehicleType ?veh ; survey:percentageChange ?pct . BIND( IF(?veh = survey:BEV, ""BEV"", IF(?veh = survey:BEHV, ""BEHV"", IF(?veh = survey:ICE, ""ICE"", """") ) ) AS ?vehicle ) FILTER(?vehicle != """") BIND( IF(?vehicle = ""BEV"", 1, IF(?vehicle = ""BEHV"", 2, IF(?vehicle = ""ICE"", 3, 4) ) ) AS ?ord ) } ORDER BY ?ord",,
EFFKGQA0049,What is the average future demand percentage change by technology category?,future_demand,direct_capability,direct_graph_supported,auto_answer,capability_inventory,0,1,5,,"[{""avgPercentageChange"": ""12.24875"", ""technologyCategory"": ""TechCategory_%3C%3D_7nm""}, {""avgPercentageChange"": ""3.7225"", ""technologyCategory"": ""TechCategory_10nm_to_%3C28nm""}, {""avgPercentageChange"": ""36.1225"", ""technologyCategory"": ""TechCategory_180nm_or_greater""}, {""avgPercentageChange"": ""12.375"", ""technologyCategory"": ""TechCategory_28nm_to_%3C45nm""}, {""avgPercentageChange"": ""2.9525"", ""technologyCategory"": ""TechCategory_55nm_to_180nm""}]","Answer: The query returned 5 row(s). Results: technology category: TechCategory_%3C%3D_7nm, avg percentage change: 12.24875; technology category: TechCategory_10nm_to_%3C28nm, avg percentage change: 3.7225; technology category: TechCategory_180nm_or_greater, avg percentage change: 36.1225; technology category: TechCategory_28nm_to_%3C45nm, avg percentage change: 12.375; technology category: TechCategory_55nm_to_180nm, avg percentage change: 2.9525.",,"SELECT ?technologyCategory (AVG(?pct) AS ?avgPercentageChange) WHERE { ?entry a survey:FutureDemandAnalysis ; survey:analyzesTechnologyCategory ?technology ; survey:percentageChange ?pct . OPTIONAL { ?technology survey:technologyCategoryName ?technologyName . } BIND(COALESCE(?technologyName, REPLACE(STR(?technology), ""^.*/"", """")) AS ?technologyCategory) } GROUP BY ?technologyCategory ORDER BY ?technologyCategory",,
EFFKGQA0050,What does future demand look like for each quarter?,future_demand,direct_capability,llm_ranking,llm_ranking,validated_retrieval,1,11,35,,"[{""percentShare"": ""22.5"", ""quarterLabel"": ""Q1 2026"", ""regionName"": ""Americas""}, {""percentShare"": ""18.33"", ""quarterLabel"": ""Q1 2026"", ""regionName"": ""Asia Pacific/All Other""}, {""percentShare"": ""20.0"", ""quarterLabel"": ""Q1 2026"", ""regionName"": ""Asia Pacific/China""}, {""percentShare"": ""20.83"", ""quarterLabel"": ""Q1 2026"", ""regionName"": ""Europe""}, {""percentShare"": ""18.33"", ""quarterLabel"": ""Q1 2026"", ""regionName"": ""Japan""}, {""percentShare"": ""25.63"", ""quarterLabel"": ""Q2 2025"", ""regionName"": ""Americas""}, {""percentShare"": ""16.25"", ""quarterLabel"": ""Q2 2025"", ""regionName"": ""Asia Pacific/All Other""}, {""percentShare"": ""20.0"", ""quarterLabel"": ""Q2 2025"", ""regionName"": ""Asia Pacific/China""}, {""percentShare"":...","Answer: The query returned 35 row(s). First results: quarter label: Q1 2026, region name: Americas, percent share: 22.5; quarter label: Q1 2026, region name: Asia Pacific/All Other, percent share: 18.33; quarter label: Q1 2026, region name: Asia Pacific/China, percent share: 20.0; quarter label: Q1 2026, region name: Europe, percent share: 20.83; quarter label: Q1 2026, region name: Japan, percent share: 18.33; quarter label: Q2 2025, region name: Americas, percent share: 25.63; quarter label: Q2 2025, region name: Asia Pacific/All Other, percent share: 16.25; quarter label: Q2 2025, region name: Asia Pacific/China, percent share: 20.0.",switched_to_nonempty_candidate,SELECT ?quarterLabel ?regionName (ROUND(((SUM(?pct) / ?grandTotal) * 100) * 100) / 100 AS ?percentShare) WHERE { BIND(survey:Semiconductor_Survey AS ?surveyType) ?origin a ?surveyType . ?entry a survey:DemandForRegion ; survey:hasSurveyOrigin ?origin ; survey:inRegion ?region ; survey:quarter ?q ; survey:totalDemandPercentageChange ?pct . ?q survey:periodLabel ?quarterLabel . ?region survey:regionName ?regionName . { SELECT ?origin ?quarterLabel (SUM(?v) AS ?grandTotal) WHERE { ?e a survey:DemandForRegion ; survey:hasSurveyOrigin ?origin ; survey:quarter ?qq ; survey:totalDemandPercentageChange ?v . ?qq survey:periodLabel ?quarterLabel . } GROUP BY ?origin ?quarterLabel } } GROUP BY ?quarterLabel ?regionName ?grandTotal ORDER BY ?quarterLabel ?regionName,,
EFFKGQA0051,What is the total regional demand for each quarter?,regional_demand,llm_or_ranking,direct_graph_supported,auto_answer,capability_inventory,0,1,15,,"[{""regionName"": ""Americas"", ""surveyGroup"": ""OEM"", ""totalDemand"": ""67744458.0""}, {""regionName"": ""Asia Pacific/All Other"", ""surveyGroup"": ""OEM"", ""totalDemand"": ""37293303.0""}, {""regionName"": ""Asia Pacific/China"", ""surveyGroup"": ""OEM"", ""totalDemand"": ""77885298.0""}, {""regionName"": ""Europe"", ""surveyGroup"": ""OEM"", ""totalDemand"": ""51729003.0""}, {""regionName"": ""Japan"", ""surveyGroup"": ""OEM"", ""totalDemand"": ""14117148.0""}, {""regionName"": ""Americas"", ""surveyGroup"": ""Semiconductor"", ""totalDemand"": ""35.0""}, {""regionName"": ""Asia Pacific/All Other"", ""surveyGroup"": ""Semiconductor"", ""totalDemand"": ""10.0""}, {""regionName"": ""Asia Pacific/China"", ""surveyGroup"": ""Semiconductor"", ""totalDemand"": ""20.0""}, {""regionN...","Answer: Regional demand returned 15 grouped row(s). First groups: survey group: OEM, region name: Americas, total demand: 67744458.0; survey group: OEM, region name: All Other, total demand: 37293303.0; survey group: OEM, region name: China, total demand: 77885298.0; survey group: OEM, region name: Europe, total demand: 51729003.0; survey group: OEM, region name: Japan, total demand: 14117148.0; survey group: Semiconductor, region name: Americas, total demand: 35.0; survey group: Semiconductor, region name: All Other, total demand: 10.0; survey group: Semiconductor, region name: China, total demand: 20.0.",,"SELECT ?surveyGroup ?regionName (SUM(?demand) AS ?totalDemand) WHERE { VALUES (?surveyClass ?surveyGroup) { (survey:OEM_Survey ""OEM"") (survey:Tier1_Survey ""Tier1"") (survey:Semiconductor_Survey ""Semiconductor"") } ?entry a survey:DemandForRegion ; survey:hasSurveyOrigin ?origin ; survey:inRegion ?region ; survey:totalDemand ?demand . ?origin a ?surveyClass . ?region survey:regionName ?regionName . } GROUP BY ?surveyGroup ?regionName ORDER BY ?surveyGroup ?regionName",,
EFFKGQA0052,"Using the True Demand KG, what are the future demand changes for each region?",future_demand,direct_capability,direct_graph_supported,auto_answer,capability_inventory,0,1,5,,"[{""avgPercentageChange"": ""1993696.795238095238095238095238"", ""regionName"": ""Americas""}, {""avgPercentageChange"": ""1092445.9"", ""regionName"": ""Asia Pacific/All Other""}, {""avgPercentageChange"": ""2386112.016666666666666666666667"", ""regionName"": ""Asia Pacific/China""}, {""avgPercentageChange"": ""1491199.795238095238095238095238"", ""regionName"": ""Europe""}, {""avgPercentageChange"": ""369089.207142857142857142857143"", ""regionName"": ""Japan""}]","Answer: The query returned 5 row(s). Results: region name: Americas, avg percentage change: 1993696.795238095238095238095238; region name: Asia Pacific/All Other, avg percentage change: 1092445.9; region name: Asia Pacific/China, avg percentage change: 2386112.016666666666666666666667; region name: Europe, avg percentage change: 1491199.795238095238095238095238; region name: Japan, avg percentage change: 369089.207142857142857142857143.",,SELECT ?regionName (AVG(?pct) AS ?avgPercentageChange) WHERE { ?entry a survey:DemandForRegion ; survey:inRegion ?region ; survey:totalDemandPercentageChange ?pct . ?region survey:regionName ?regionName . } GROUP BY ?regionName ORDER BY ?regionName,,
EFFKGQA0053,"For the survey data, return a breakdown of Tier1 current demand by quarter?",regional_demand,llm_or_ranking,llm_ranking,llm_ranking,infineon,1,5,0,,,Answer: No results returned for the given query.,selected_best_executable_candidate,"SELECT ?quarterLabel (SUM(?value) AS ?totalDemand) WHERE { survey:Tier1CurrentDemand a survey:CurrentDemandAnalysis ; survey:hasAggregatedResult ?entry . ?entry survey:forTimePeriod ?quarter ; survey:percentageChange ?value . ?quarter a survey:Quarter . BIND(REPLACE(STR(?quarter), '^.*/', '') AS ?quarterLabel) } GROUP BY ?quarterLabel ORDER BY ?quarterLabel",,
EFFKGQA0054,Please i need future demand grouped by quarter?,future_demand,direct_capability,direct_graph_supported,auto_answer,capability_inventory,0,1,8,,"[{""avgPercentageChange"": ""12.44380952380952380952381"", ""quarterLabel"": ""Current Quarter""}, {""avgPercentageChange"": ""9.510000000000000038461538"", ""quarterLabel"": ""Q1 2026""}, {""avgPercentageChange"": ""26.356153846153846153846154"", ""quarterLabel"": ""Q2 2025""}, {""avgPercentageChange"": ""7.285384615384615384615385"", ""quarterLabel"": ""Q2 2026""}, {""avgPercentageChange"": ""5.861923076923076923076923"", ""quarterLabel"": ""Q3 2025""}, {""avgPercentageChange"": ""8.775384615384615384615385"", ""quarterLabel"": ""Q3 2026""}, {""avgPercentageChange"": ""15.195769230769230807692308"", ""quarterLabel"": ""Q4 2025""}, {""avgPercentageChange"": ""8.727307692307692307692308"", ""quarterLabel"": ""Q4 2026""}]","Answer: The query returned 8 row(s). Results: quarter label: Current Quarter, avg percentage change: 12.44380952380952380952381; quarter label: Q1 2026, avg percentage change: 9.510000000000000038461538; quarter label: Q2 2025, avg percentage change: 26.356153846153846153846154; quarter label: Q2 2026, avg percentage change: 7.285384615384615384615385; quarter label: Q3 2025, avg percentage change: 5.861923076923076923076923; quarter label: Q3 2026, avg percentage change: 8.775384615384615384615385; quarter label: Q4 2025, avg percentage change: 15.195769230769230807692308; quarter label: Q4 2026, avg percentage change: 8.727307692307692307692308.",,SELECT ?quarterLabel (AVG(?pct) AS ?avgPercentageChange) WHERE { ?entry a survey:FutureDemandAnalysis ; survey:forTimePeriod ?quarter ; survey:percentageChange ?pct . ?quarter survey:periodLabel ?quarterLabel . } GROUP BY ?quarterLabel ORDER BY ?quarterLabel,,
EFFKGQA0055,Can you give me the future demand overview by vehicle type?,future_demand,direct_capability,direct_graph_supported,auto_answer,capability_inventory,0,1,3,,"[{""avgPercentageChange"": ""1.505"", ""vehicleType"": ""BEHV""}, {""avgPercentageChange"": ""4.74375"", ""vehicleType"": ""BEV""}, {""avgPercentageChange"": ""0.845"", ""vehicleType"": ""ICE""}]","Answer: The query returned 3 row(s). Results: vehicle type: BEHV, avg percentage change: 1.505; vehicle type: BEV, avg percentage change: 4.74375; vehicle type: ICE, avg percentage change: 0.845.",,"SELECT ?vehicleType (AVG(?pct) AS ?avgPercentageChange) WHERE { ?entry a survey:FutureDemandAnalysis ; survey:analyzesVehicleType ?vehicle ; survey:percentageChange ?pct . BIND(REPLACE(STR(?vehicle), ""^.*/"", """") AS ?vehicleType) } GROUP BY ?vehicleType ORDER BY ?vehicleType",,
EFFKGQA0056,Return a breakdown of total demand by quarter.,regional_demand,llm_or_ranking,llm_ranking,llm_ranking,validated_retrieval,1,12,35,,"[{""quarterLabel"": ""Q1 2026"", ""regionName"": ""Americas"", ""totalPctChange"": ""0.0""}, {""quarterLabel"": ""Q1 2026"", ""regionName"": ""Asia Pacific/All Other"", ""totalPctChange"": ""0.0""}, {""quarterLabel"": ""Q1 2026"", ""regionName"": ""Asia Pacific/China"", ""totalPctChange"": ""0.0""}, {""quarterLabel"": ""Q1 2026"", ""regionName"": ""Europe"", ""totalPctChange"": ""0.0""}, {""quarterLabel"": ""Q1 2026"", ""regionName"": ""Japan"", ""totalPctChange"": ""0.0""}, {""quarterLabel"": ""Q2 2025"", ""regionName"": ""Americas"", ""totalPctChange"": ""10.8""}, {""quarterLabel"": ""Q2 2025"", ""regionName"": ""Asia Pacific/All Other"", ""totalPctChange"": ""3.6""}, {""quarterLabel"": ""Q2 2025"", ""regionName"": ""Asia Pacific/China"", ""totalPctChange"": ""5.4""}, {""quarterLab...","Answer: The query returned 35 row(s). First results: quarter label: Q1 2026, region name: Americas, total pct change: 0.0; quarter label: Q1 2026, region name: Asia Pacific/All Other, total pct change: 0.0; quarter label: Q1 2026, region name: Asia Pacific/China, total pct change: 0.0; quarter label: Q1 2026, region name: Europe, total pct change: 0.0; quarter label: Q1 2026, region name: Japan, total pct change: 0.0; quarter label: Q2 2025, region name: Americas, total pct change: 10.8; quarter label: Q2 2025, region name: Asia Pacific/All Other, total pct change: 3.6; quarter label: Q2 2025, region name: Asia Pacific/China, total pct change: 5.4.",selected_best_executable_candidate,SELECT ?quarterLabel ?regionName (SUM(?pct) AS ?totalPctChange) WHERE { ?d a survey:DemandForRegion ; survey:hasSurveyOrigin ?o ; survey:inRegion ?r ; survey:quarter ?q ; survey:totalDemandPercentageChange ?pct . ?o a survey:Tier1_Survey . ?r survey:regionName ?regionName . ?q survey:periodLabel ?quarterLabel . } GROUP BY ?quarterLabel ?regionName ORDER BY ?quarterLabel ?regionName,,
EFFKGQA0057,Count shortage information for each technology category.,shortage,llm_or_ranking,llm_ranking,llm_ranking,validated_retrieval,1,13,9,,"[{""entryCount"": ""1"", ""technologyCategory"": ""10nm_to_%3C28nm"", ""trend"": ""Decrease""}, {""entryCount"": ""1"", ""technologyCategory"": ""10nm_to_%3C28nm"", ""trend"": ""Increase""}, {""entryCount"": ""1"", ""technologyCategory"": ""180nm_or_greater"", ""trend"": ""Decrease""}, {""entryCount"": ""1"", ""technologyCategory"": ""180nm_or_greater"", ""trend"": ""Stable""}, {""entryCount"": ""1"", ""technologyCategory"": ""28nm_to_%3C45nm"", ""trend"": ""Decrease""}, {""entryCount"": ""1"", ""technologyCategory"": ""28nm_to_%3C45nm"", ""trend"": ""Stable""}, {""entryCount"": ""1"", ""technologyCategory"": ""55nm_to_180nm"", ""trend"": ""Increase""}, {""entryCount"": ""1"", ""technologyCategory"": ""55nm_to_180nm"", ""trend"": ""Stable""}, {""entryCount"": ""2"", ""technologyCategory""...","Answer: The query returned 9 row(s). First results: technology category: 10nm_to_%3C28nm, trend: Decrease, entry count: 1; technology category: 10nm_to_%3C28nm, trend: Increase, entry count: 1; technology category: 180nm_or_greater, trend: Decrease, entry count: 1; technology category: 180nm_or_greater, trend: Stable, entry count: 1; technology category: 28nm_to_%3C45nm, trend: Decrease, entry count: 1; technology category: 28nm_to_%3C45nm, trend: Stable, entry count: 1; technology category: 55nm_to_180nm, trend: Increase, entry count: 1; technology category: 55nm_to_180nm, trend: Stable, entry count: 1.",selected_best_executable_candidate,"SELECT ?technologyCategory ?trend (COUNT(?entry) AS ?entryCount) WHERE { ?entry a survey:InventoryDevelopment_Semi ; survey:forTechnologyCategory ?tech ; survey:hasInventoryTrend ?trend . BIND(REPLACE(STR(?tech), '^.*/', '') AS ?technologyCategory) } GROUP BY ?technologyCategory ?trend ORDER BY ?technologyCategory ?trend",,
EFFKGQA0058,Summarize self-driving development by year.,autonomous_driving,llm_or_ranking,direct_graph_supported,auto_answer,capability_inventory,0,1,3,,"[{""avgPercentage"": ""42.0"", ""year"": ""2025""}, {""avgPercentage"": ""62.0"", ""year"": ""2026""}, {""avgPercentage"": ""82.0"", ""year"": ""2027""}]","Answer: The query returned 3 row(s). Results: year: 2025, avg percentage: 42.0; year: 2026, avg percentage: 62.0; year: 2027, avg percentage: 82.0.",,SELECT ?year (AVG(?pct) AS ?avgPercentage) WHERE { ?entry a survey:AutonomousDrivingDevelopment ; survey:hasYear ?year ; survey:hasPercentage ?pct . } GROUP BY ?year ORDER BY ?year,,
EFFKGQA0059,Summarize cancellation behavior across technology category.,order_cancellation,llm_or_ranking,llm_ranking,llm_ranking,validated_retrieval,1,12,15,,"[{""participantCount"": ""1"", ""responseType"": ""Decrease"", ""technologyCategory"": ""OrderCancellationChange_Semi_10nm_to_lt28nm""}, {""participantCount"": ""2"", ""responseType"": ""Increase"", ""technologyCategory"": ""OrderCancellationChange_Semi_10nm_to_lt28nm""}, {""participantCount"": ""0"", ""responseType"": ""Stable"", ""technologyCategory"": ""OrderCancellationChange_Semi_10nm_to_lt28nm""}, {""participantCount"": ""2"", ""responseType"": ""Decrease"", ""technologyCategory"": ""OrderCancellationChange_Semi_180nm_or_greater""}, {""participantCount"": ""0"", ""responseType"": ""Increase"", ""technologyCategory"": ""OrderCancellationChange_Semi_180nm_or_greater""}, {""participantCount"": ""1"", ""responseType"": ""Stable"", ""technologyCategory"": ...",Answer: Order-cancellation results returned 15 row(s). The largest returned participant count is Increase for OrderCancellationChange Semi 10nm to <28nm with 2.,kept_selected_nonempty,"SELECT ?technologyCategory ?responseType (SUM(?participants) AS ?participantCount) WHERE { ?entry a survey:OrderCancellation ; survey:forTechnologyCategory ?tech ; survey:hasResponseType ?responseType ; survey:participantCount ?participants . BIND(REPLACE(STR(?tech), '^.*/', '') AS ?technologyCategory) } GROUP BY ?technologyCategory ?responseType ORDER BY ?technologyCategory ?responseType",,
EFFKGQA0060,Compare order cancellation by technology category.,order_cancellation,llm_or_ranking,direct_graph_supported,auto_answer,capability_inventory,0,1,5,,"[{""participantCount"": ""3"", ""technologyCategory"": ""OrderCancellationChange_Semi_10nm_to_lt28nm""}, {""participantCount"": ""3"", ""technologyCategory"": ""OrderCancellationChange_Semi_180nm_or_greater""}, {""participantCount"": ""3"", ""technologyCategory"": ""OrderCancellationChange_Semi_28nm_to_lt45nm""}, {""participantCount"": ""3"", ""technologyCategory"": ""OrderCancellationChange_Semi_55nm_to_180nm""}, {""participantCount"": ""3"", ""technologyCategory"": ""OrderCancellationChange_Semi_lt%3D_7nm""}]","Answer: The query returned 5 row(s). Results: technology category: OrderCancellationChange_Semi_10nm_to_lt28nm, participant count: 3; technology category: OrderCancellationChange_Semi_180nm_or_greater, participant count: 3; technology category: OrderCancellationChange_Semi_28nm_to_lt45nm, participant count: 3; technology category: OrderCancellationChange_Semi_55nm_to_180nm, participant count: 3; technology category: OrderCancellationChange_Semi_lt%3D_7nm, participant count: 3.",,"SELECT ?technologyCategory (SUM(?participants) AS ?participantCount) WHERE { ?entry a survey:OrderCancellation ; survey:forTechnologyCategory ?technology ; survey:participantCount ?participants . BIND(REPLACE(STR(?technology), ""^.*/"", """") AS ?technologyCategory) } GROUP BY ?technologyCategory ORDER BY ?technologyCategory",,
EFFKGQA0061,Can you what is the total semiconductor current demand for each region?,regional_demand,llm_or_ranking,direct_graph_supported,auto_answer,capability_inventory,0,1,5,,"[{""regionName"": ""Americas"", ""totalDemand"": ""35.0""}, {""regionName"": ""Asia Pacific/All Other"", ""totalDemand"": ""10.0""}, {""regionName"": ""Asia Pacific/China"", ""totalDemand"": ""20.0""}, {""regionName"": ""Europe"", ""totalDemand"": ""25.0""}, {""regionName"": ""Japan"", ""totalDemand"": ""10.0""}]","Answer: Regional demand returned 5 grouped row(s). Groups: region name: Americas, total demand: 35.0; region name: All Other, total demand: 10.0; region name: China, total demand: 20.0; region name: Europe, total demand: 25.0; region name: Japan, total demand: 10.0.",,"SELECT ?regionName (SUM(?demand) AS ?totalDemand) WHERE { BIND(""Semiconductor"" AS ?surveyGroup) ?entry a survey:DemandForRegion ; survey:hasSurveyOrigin ?origin ; survey:inRegion ?region ; survey:totalDemand ?demand . ?origin a survey:Semiconductor_Survey . ?region survey:regionName ?regionName . } GROUP BY ?regionName ORDER BY ?regionName",,
EFFKGQA0062,Use the graph to show Tier1 current demand by region.,regional_demand,llm_or_ranking,direct_graph_supported,auto_answer,capability_inventory,0,1,5,,"[{""regionName"": ""Americas"", ""totalDemand"": ""30.0""}, {""regionName"": ""Asia Pacific/All Other"", ""totalDemand"": ""10.0""}, {""regionName"": ""Asia Pacific/China"", ""totalDemand"": ""15.0""}, {""regionName"": ""Europe"", ""totalDemand"": ""30.0""}, {""regionName"": ""Japan"", ""totalDemand"": ""15.0""}]","Answer: Regional demand returned 5 grouped row(s). Groups: region name: Americas, total demand: 30.0; region name: All Other, total demand: 10.0; region name: China, total demand: 15.0; region name: Europe, total demand: 30.0; region name: Japan, total demand: 15.0.",,"SELECT ?regionName (SUM(?demand) AS ?totalDemand) WHERE { BIND(""Tier1"" AS ?surveyGroup) ?entry a survey:DemandForRegion ; survey:hasSurveyOrigin ?origin ; survey:inRegion ?region ; survey:totalDemand ?demand . ?origin a survey:Tier1_Survey . ?region survey:regionName ?regionName . } GROUP BY ?regionName ORDER BY ?regionName",,
EFFKGQA0063,Can you what is the average future demand percentage change by region?,future_demand,direct_capability,direct_graph_supported,auto_answer,capability_inventory,0,1,5,,"[{""avgPercentageChange"": ""1993696.795238095238095238095238"", ""regionName"": ""Americas""}, {""avgPercentageChange"": ""1092445.9"", ""regionName"": ""Asia Pacific/All Other""}, {""avgPercentageChange"": ""2386112.016666666666666666666667"", ""regionName"": ""Asia Pacific/China""}, {""avgPercentageChange"": ""1491199.795238095238095238095238"", ""regionName"": ""Europe""}, {""avgPercentageChange"": ""369089.207142857142857142857143"", ""regionName"": ""Japan""}]","Answer: The query returned 5 row(s). Results: region name: Americas, avg percentage change: 1993696.795238095238095238095238; region name: Asia Pacific/All Other, avg percentage change: 1092445.9; region name: Asia Pacific/China, avg percentage change: 2386112.016666666666666666666667; region name: Europe, avg percentage change: 1491199.795238095238095238095238; region name: Japan, avg percentage change: 369089.207142857142857142857143.",,SELECT ?regionName (AVG(?pct) AS ?avgPercentageChange) WHERE { ?entry a survey:DemandForRegion ; survey:inRegion ?region ; survey:totalDemandPercentageChange ?pct . ?region survey:regionName ?regionName . } GROUP BY ?regionName ORDER BY ?regionName,,
EFFKGQA0064,Summarize vehicle sales units over month.,vehicle_sales,llm_or_ranking,direct_graph_supported,auto_answer,capability_inventory,0,1,48,,"[{""monthLabel"": ""Apr 2023"", ""unitsSold"": ""6425650""}, {""monthLabel"": ""Apr 2024"", ""unitsSold"": ""6818720""}, {""monthLabel"": ""Apr 2025"", ""unitsSold"": ""7260983""}, {""monthLabel"": ""Apr 2026"", ""unitsSold"": ""7009380""}, {""monthLabel"": ""Aug 2023"", ""unitsSold"": ""7057393""}, {""monthLabel"": ""Aug 2024"", ""unitsSold"": ""6837967""}, {""monthLabel"": ""Aug 2025"", ""unitsSold"": ""6966169""}, {""monthLabel"": ""Aug 2026"", ""unitsSold"": ""6967132""}, {""monthLabel"": ""Dec 2023"", ""unitsSold"": ""8093262""}, {""monthLabel"": ""Dec 2024"", ""unitsSold"": ""8544327""}, {""monthLabel"": ""Dec 2025"", ""unitsSold"": ""8455087""}, {""monthLabel"": ""Dec 2026"", ""unitsSold"": ""8482982""}, {""monthLabel"": ""Feb 2023"", ""unitsSold"": ""6176907""}, {""monthLabel"": ""Feb ...","Answer: Vehicle-sales results returned 48 grouped row(s). First groups: month label: Apr 2023, units sold: 6425650; month label: Apr 2024, units sold: 6818720; month label: Apr 2025, units sold: 7260983; month label: Apr 2026, units sold: 7009380; month label: Aug 2023, units sold: 7057393; month label: Aug 2024, units sold: 6837967; month label: Aug 2025, units sold: 6966169; month label: Aug 2026, units sold: 6967132; month label: Dec 2023, units sold: 8093262; month label: Dec 2024, units sold: 8544327; month label: Dec 2025, units sold: 8455087; month label: Dec 2026, units sold: 8482982.",,"SELECT ?monthLabel (SUM(?units) AS ?unitsSold) WHERE { ?obs a survey:VehicleSalesObservation ; survey:forTimePeriod ?month ; survey:unitsSold ?units . OPTIONAL { ?month survey:periodLabel ?periodLabel . } BIND(COALESCE(?periodLabel, REPLACE(STR(?month), ""^.*/"", """")) AS ?monthLabel) } GROUP BY ?monthLabel ORDER BY ?monthLabel",,
EFFKGQA0065,Give monthly results for vehicle sales units.,vehicle_sales,llm_or_ranking,direct_graph_supported,auto_answer,capability_inventory,0,1,48,,"[{""monthLabel"": ""Apr 2023"", ""unitsSold"": ""6425650""}, {""monthLabel"": ""Apr 2024"", ""unitsSold"": ""6818720""}, {""monthLabel"": ""Apr 2025"", ""unitsSold"": ""7260983""}, {""monthLabel"": ""Apr 2026"", ""unitsSold"": ""7009380""}, {""monthLabel"": ""Aug 2023"", ""unitsSold"": ""7057393""}, {""monthLabel"": ""Aug 2024"", ""unitsSold"": ""6837967""}, {""monthLabel"": ""Aug 2025"", ""unitsSold"": ""6966169""}, {""monthLabel"": ""Aug 2026"", ""unitsSold"": ""6967132""}, {""monthLabel"": ""Dec 2023"", ""unitsSold"": ""8093262""}, {""monthLabel"": ""Dec 2024"", ""unitsSold"": ""8544327""}, {""monthLabel"": ""Dec 2025"", ""unitsSold"": ""8455087""}, {""monthLabel"": ""Dec 2026"", ""unitsSold"": ""8482982""}, {""monthLabel"": ""Feb 2023"", ""unitsSold"": ""6176907""}, {""monthLabel"": ""Feb ...","Answer: Vehicle-sales results returned 48 grouped row(s). First groups: month label: Apr 2023, units sold: 6425650; month label: Apr 2024, units sold: 6818720; month label: Apr 2025, units sold: 7260983; month label: Apr 2026, units sold: 7009380; month label: Aug 2023, units sold: 7057393; month label: Aug 2024, units sold: 6837967; month label: Aug 2025, units sold: 6966169; month label: Aug 2026, units sold: 6967132; month label: Dec 2023, units sold: 8093262; month label: Dec 2024, units sold: 8544327; month label: Dec 2025, units sold: 8455087; month label: Dec 2026, units sold: 8482982.",,"SELECT ?monthLabel (SUM(?units) AS ?unitsSold) WHERE { ?obs a survey:VehicleSalesObservation ; survey:forTimePeriod ?month ; survey:unitsSold ?units . OPTIONAL { ?month survey:periodLabel ?periodLabel . } BIND(COALESCE(?periodLabel, REPLACE(STR(?month), ""^.*/"", """")) AS ?monthLabel) } GROUP BY ?monthLabel ORDER BY ?monthLabel",,
EFFKGQA0066,"For the survey data, how does future demand change by technology category?",future_demand,direct_capability,llm_ranking,llm_ranking,validated_retrieval,1,9,40,,"[{""quarterLabel"": ""Quarter_Current_Quarter"", ""techLabel"": ""TechCategory_%3C%3D_7nm"", ""totalFutureChange"": ""27.09""}, {""quarterLabel"": ""Quarter_Q1_2026"", ""techLabel"": ""TechCategory_%3C%3D_7nm"", ""totalFutureChange"": ""3.99""}, {""quarterLabel"": ""Quarter_Q2_2025"", ""techLabel"": ""TechCategory_%3C%3D_7nm"", ""totalFutureChange"": ""165.57""}, {""quarterLabel"": ""Quarter_Q2_2026"", ""techLabel"": ""TechCategory_%3C%3D_7nm"", ""totalFutureChange"": ""3.0""}, {""quarterLabel"": ""Quarter_Q3_2025"", ""techLabel"": ""TechCategory_%3C%3D_7nm"", ""totalFutureChange"": ""-63.42""}, {""quarterLabel"": ""Quarter_Q3_2026"", ""techLabel"": ""TechCategory_%3C%3D_7nm"", ""totalFutureChange"": ""52.17""}, {""quarterLabel"": ""Quarter_Q4_2025"", ""techLabel""...",Answer: Future-demand results returned 40 grouped row(s). The highest total future-demand change is TechCategory <= 7nm in Quarter Q2 2025 with 165.57. The lowest is TechCategory <= 7nm in Quarter Q3 2025 with -63.42.,switched_to_nonempty_candidate,"SELECT ?techLabel ?quarterLabel (SUM(?pct) AS ?totalFutureChange) WHERE { ?entry a survey:FutureDemandAnalysis ; survey:analyzesTechnologyCategory ?tech ; survey:forTimePeriod ?quarter ; survey:percentageChange ?pct . BIND(REPLACE(STR(?tech), '^.*/', '') AS ?techLabel) BIND(REPLACE(STR(?quarter), '^.*/', '') AS ?quarterLabel) } GROUP BY ?techLabel ?quarterLabel ORDER BY ?techLabel ?quarterLabel",,
EFFKGQA0067,Show vehicles sold by year.,vehicle_sales,llm_or_ranking,direct_graph_supported,auto_answer,capability_inventory,0,1,4,,"[{""unitsSold"": ""86125479"", ""year"": ""2023""}, {""unitsSold"": ""88109476"", ""year"": ""2024""}, {""unitsSold"": ""90166856"", ""year"": ""2025""}, {""unitsSold"": ""90471186"", ""year"": ""2026""}]","Answer: The query returned 4 row(s). Results: year: 2023, units sold: 86125479; year: 2024, units sold: 88109476; year: 2025, units sold: 90166856; year: 2026, units sold: 90471186.",,"SELECT ?year (SUM(?units) AS ?unitsSold) WHERE { ?obs a survey:VehicleSalesObservation ; survey:forTimePeriod ?month ; survey:unitsSold ?units . OPTIONAL { ?month survey:periodLabel ?periodLabel . } BIND(COALESCE(?periodLabel, REPLACE(STR(?month), ""^.*/"", """")) AS ?label) BIND(REPLACE(STR(?label), ""^.*(20[0-9]{2}).*$"", ""$1"") AS ?year) } GROUP BY ?year ORDER BY ?year",,
EFFKGQA0068,"Using the True Demand KG, what is the total current demand for each quarter?",regional_demand,llm_or_ranking,llm_ranking,llm_ranking,infineon,1,5,0,,,Answer: No results returned for the given query.,selected_best_executable_candidate,"SELECT ?quarterLabel (SUM(?currentDemand) AS ?totalCurrentDemand) WHERE { ?analysis a survey:CurrentDemandAnalysis ; survey:forTimePeriod ?quarter ; survey:currentDemand ?currentDemand . ?quarter a survey:Quarter . BIND(REPLACE(STR(?quarter), '^.*/', '') AS ?quarterLabel) } GROUP BY ?quarterLabel ORDER BY ?quarterLabel",,
EFFKGQA0069,Can you what is the total regional demand for each region?,regional_demand,llm_or_ranking,direct_graph_supported,auto_answer,capability_inventory,0,1,15,,"[{""regionName"": ""Americas"", ""surveyGroup"": ""OEM"", ""totalDemand"": ""67744458.0""}, {""regionName"": ""Asia Pacific/All Other"", ""surveyGroup"": ""OEM"", ""totalDemand"": ""37293303.0""}, {""regionName"": ""Asia Pacific/China"", ""surveyGroup"": ""OEM"", ""totalDemand"": ""77885298.0""}, {""regionName"": ""Europe"", ""surveyGroup"": ""OEM"", ""totalDemand"": ""51729003.0""}, {""regionName"": ""Japan"", ""surveyGroup"": ""OEM"", ""totalDemand"": ""14117148.0""}, {""regionName"": ""Americas"", ""surveyGroup"": ""Semiconductor"", ""totalDemand"": ""35.0""}, {""regionName"": ""Asia Pacific/All Other"", ""surveyGroup"": ""Semiconductor"", ""totalDemand"": ""10.0""}, {""regionName"": ""Asia Pacific/China"", ""surveyGroup"": ""Semiconductor"", ""totalDemand"": ""20.0""}, {""regionN...","Answer: Regional demand returned 15 grouped row(s). First groups: survey group: OEM, region name: Americas, total demand: 67744458.0; survey group: OEM, region name: All Other, total demand: 37293303.0; survey group: OEM, region name: China, total demand: 77885298.0; survey group: OEM, region name: Europe, total demand: 51729003.0; survey group: OEM, region name: Japan, total demand: 14117148.0; survey group: Semiconductor, region name: Americas, total demand: 35.0; survey group: Semiconductor, region name: All Other, total demand: 10.0; survey group: Semiconductor, region name: China, total demand: 20.0.",,"SELECT ?surveyGroup ?regionName (SUM(?demand) AS ?totalDemand) WHERE { VALUES (?surveyClass ?surveyGroup) { (survey:OEM_Survey ""OEM"") (survey:Tier1_Survey ""Tier1"") (survey:Semiconductor_Survey ""Semiconductor"") } ?entry a survey:DemandForRegion ; survey:hasSurveyOrigin ?origin ; survey:inRegion ?region ; survey:totalDemand ?demand . ?origin a ?surveyClass . ?region survey:regionName ?regionName . } GROUP BY ?surveyGroup ?regionName ORDER BY ?surveyGroup ?regionName",,
EFFKGQA0070,Compare autonomous driving percentage across year.,autonomous_driving,llm_or_ranking,direct_graph_supported,auto_answer,capability_inventory,0,1,3,,"[{""avgPercentage"": ""42.0"", ""year"": ""2025""}, {""avgPercentage"": ""62.0"", ""year"": ""2026""}, {""avgPercentage"": ""82.0"", ""year"": ""2027""}]","Answer: The query returned 3 row(s). Results: year: 2025, avg percentage: 42.0; year: 2026, avg percentage: 62.0; year: 2027, avg percentage: 82.0.",,SELECT ?year (AVG(?pct) AS ?avgPercentage) WHERE { ?entry a survey:AutonomousDrivingDevelopment ; survey:hasYear ?year ; survey:hasPercentage ?pct . } GROUP BY ?year ORDER BY ?year,,
EFFKGQA0071,Show average autonomous driving percentage by year.,autonomous_driving,llm_or_ranking,direct_graph_supported,auto_answer,capability_inventory,0,1,3,,"[{""avgPercentage"": ""42.0"", ""year"": ""2025""}, {""avgPercentage"": ""62.0"", ""year"": ""2026""}, {""avgPercentage"": ""82.0"", ""year"": ""2027""}]","Answer: The query returned 3 row(s). Results: year: 2025, avg percentage: 42.0; year: 2026, avg percentage: 62.0; year: 2027, avg percentage: 82.0.",,SELECT ?year (AVG(?pct) AS ?avgPercentage) WHERE { ?entry a survey:AutonomousDrivingDevelopment ; survey:hasYear ?year ; survey:hasPercentage ?pct . } GROUP BY ?year ORDER BY ?year,,
EFFKGQA0072,Count component inventory for each technology category.,inventory,llm_or_ranking,llm_ranking,llm_ranking,validated_retrieval,1,13,9,,"[{""entryCount"": ""1"", ""technologyCategory"": ""10nm_to_%3C28nm"", ""trend"": ""Decrease""}, {""entryCount"": ""1"", ""technologyCategory"": ""10nm_to_%3C28nm"", ""trend"": ""Increase""}, {""entryCount"": ""1"", ""technologyCategory"": ""180nm_or_greater"", ""trend"": ""Decrease""}, {""entryCount"": ""1"", ""technologyCategory"": ""180nm_or_greater"", ""trend"": ""Stable""}, {""entryCount"": ""1"", ""technologyCategory"": ""28nm_to_%3C45nm"", ""trend"": ""Decrease""}, {""entryCount"": ""1"", ""technologyCategory"": ""28nm_to_%3C45nm"", ""trend"": ""Stable""}, {""entryCount"": ""1"", ""technologyCategory"": ""55nm_to_180nm"", ""trend"": ""Increase""}, {""entryCount"": ""1"", ""technologyCategory"": ""55nm_to_180nm"", ""trend"": ""Stable""}, {""entryCount"": ""2"", ""technologyCategory""...","Answer: The query returned 9 row(s). First results: technology category: 10nm_to_%3C28nm, trend: Decrease, entry count: 1; technology category: 10nm_to_%3C28nm, trend: Increase, entry count: 1; technology category: 180nm_or_greater, trend: Decrease, entry count: 1; technology category: 180nm_or_greater, trend: Stable, entry count: 1; technology category: 28nm_to_%3C45nm, trend: Decrease, entry count: 1; technology category: 28nm_to_%3C45nm, trend: Stable, entry count: 1; technology category: 55nm_to_180nm, trend: Increase, entry count: 1; technology category: 55nm_to_180nm, trend: Stable, entry count: 1.",selected_best_executable_candidate,"SELECT ?technologyCategory ?trend (COUNT(?entry) AS ?entryCount) WHERE { ?entry a survey:InventoryDevelopment_Semi ; survey:forTechnologyCategory ?tech ; survey:hasInventoryTrend ?trend . BIND(REPLACE(STR(?tech), '^.*/', '') AS ?technologyCategory) } GROUP BY ?technologyCategory ?trend ORDER BY ?technologyCategory ?trend",,
EFFKGQA0073,Which response type has the highest cancellation behavior?,order_cancellation,llm_or_ranking,llm_ranking,llm_ranking,validated_retrieval,1,5,1,,"[{""participantCount"": ""5"", ""responseType"": ""Decrease""}]",Answer: Order-cancellation results returned 1 row(s). The largest returned participant count is Decrease with 5.,kept_selected_nonempty,SELECT ?responseType (SUM(?participants) AS ?participantCount) WHERE { ?entry a survey:OrderCancellation ; survey:hasResponseType ?responseType ; survey:participantCount ?participants . } GROUP BY ?responseType ORDER BY DESC(?participantCount) LIMIT 1,,
EFFKGQA0074,"For the survey data, how does regional demand vary by vehicle type?",regional_demand,llm_or_ranking,llm_ranking,llm_ranking,validated_retrieval,1,6,24,,"[{""avgChange"": ""-0.83"", ""quarterLabel"": ""time_Current_Quarter"", ""vehicleType"": ""BEHV""}, {""avgChange"": ""-1.66"", ""quarterLabel"": ""time_Q1_2026"", ""vehicleType"": ""BEHV""}, {""avgChange"": ""1.68"", ""quarterLabel"": ""time_Q2_2025"", ""vehicleType"": ""BEHV""}, {""avgChange"": ""4.24"", ""quarterLabel"": ""time_Q2_2026"", ""vehicleType"": ""BEHV""}, {""avgChange"": ""-8.17"", ""quarterLabel"": ""time_Q3_2025"", ""vehicleType"": ""BEHV""}, {""avgChange"": ""4.07"", ""quarterLabel"": ""time_Q3_2026"", ""vehicleType"": ""BEHV""}, {""avgChange"": ""8.02"", ""quarterLabel"": ""time_Q4_2025"", ""vehicleType"": ""BEHV""}, {""avgChange"": ""4.69"", ""quarterLabel"": ""time_Q4_2026"", ""vehicleType"": ""BEHV""}, {""avgChange"": ""6.67"", ""quarterLabel"": ""time_Current_Quarter"",...",Answer: Future-demand results returned 24 grouped row(s). The highest average future-demand percentage change is BEV in time Q2 2025 with 15.63. The lowest is BEV in time Q3 2025 with -17.84.,switched_to_nonempty_candidate,"SELECT ?vehicleType ?quarterLabel (AVG(?pct) AS ?avgChange) WHERE { ?entry a survey:FutureDemandAnalysis ; survey:analyzesVehicleType ?vehicle ; survey:forTimePeriod ?quarter ; survey:percentageChange ?pct . BIND(REPLACE(STR(?vehicle), '^.*/', '') AS ?vehicleType) BIND(REPLACE(STR(?quarter), '^.*/', '') AS ?quarterLabel) } GROUP BY ?vehicleType ?quarterLabel ORDER BY ?vehicleType ?quarterLabel",,
EFFKGQA0075,Summarize regional demand per survey group.,regional_demand,llm_or_ranking,direct_graph_supported,auto_answer,capability_inventory,0,1,15,,"[{""regionName"": ""Americas"", ""surveyGroup"": ""OEM"", ""totalDemand"": ""67744458.0""}, {""regionName"": ""Asia Pacific/All Other"", ""surveyGroup"": ""OEM"", ""totalDemand"": ""37293303.0""}, {""regionName"": ""Asia Pacific/China"", ""surveyGroup"": ""OEM"", ""totalDemand"": ""77885298.0""}, {""regionName"": ""Europe"", ""surveyGroup"": ""OEM"", ""totalDemand"": ""51729003.0""}, {""regionName"": ""Japan"", ""surveyGroup"": ""OEM"", ""totalDemand"": ""14117148.0""}, {""regionName"": ""Americas"", ""surveyGroup"": ""Semiconductor"", ""totalDemand"": ""35.0""}, {""regionName"": ""Asia Pacific/All Other"", ""surveyGroup"": ""Semiconductor"", ""totalDemand"": ""10.0""}, {""regionName"": ""Asia Pacific/China"", ""surveyGroup"": ""Semiconductor"", ""totalDemand"": ""20.0""}, {""regionN...","Answer: Regional demand returned 15 grouped row(s). First groups: survey group: OEM, region name: Americas, total demand: 67744458.0; survey group: OEM, region name: All Other, total demand: 37293303.0; survey group: OEM, region name: China, total demand: 77885298.0; survey group: OEM, region name: Europe, total demand: 51729003.0; survey group: OEM, region name: Japan, total demand: 14117148.0; survey group: Semiconductor, region name: Americas, total demand: 35.0; survey group: Semiconductor, region name: All Other, total demand: 10.0; survey group: Semiconductor, region name: China, total demand: 20.0.",,"SELECT ?surveyGroup ?regionName (SUM(?demand) AS ?totalDemand) WHERE { VALUES (?surveyClass ?surveyGroup) { (survey:OEM_Survey ""OEM"") (survey:Tier1_Survey ""Tier1"") (survey:Semiconductor_Survey ""Semiconductor"") } ?entry a survey:DemandForRegion ; survey:hasSurveyOrigin ?origin ; survey:inRegion ?region ; survey:totalDemand ?demand . ?origin a ?surveyClass . ?region survey:regionName ?regionName . } GROUP BY ?surveyGroup ?regionName ORDER BY ?surveyGroup ?regionName",,
EFFKGQA0076,Compare inventory responses by trend.,inventory,llm_or_ranking,llm_ranking,llm_ranking,infineon,1,7,3,,"[{""participantCount"": ""3"", ""trend"": ""Stable""}, {""participantCount"": ""1"", ""trend"": ""Decrease""}, {""participantCount"": ""1"", ""trend"": ""Increase""}]","Answer: The query returned 3 row(s). Results: trend: Stable, participant count: 3; trend: Decrease, participant count: 1; trend: Increase, participant count: 1.",kept_selected_nonempty,SELECT ?trend (SUM(?participants) AS ?participantCount) WHERE { ?invDev a survey:InventoryDevelopment_Tier1 ; survey:inventoryTrend ?trend ; survey:participantCount ?participants . } GROUP BY ?trend ORDER BY DESC(?participantCount),,
EFFKGQA0077,Can you summarize regional demand per region?,regional_demand,llm_or_ranking,direct_graph_supported,auto_answer,capability_inventory,0,1,15,,"[{""regionName"": ""Americas"", ""surveyGroup"": ""OEM"", ""totalDemand"": ""67744458.0""}, {""regionName"": ""Asia Pacific/All Other"", ""surveyGroup"": ""OEM"", ""totalDemand"": ""37293303.0""}, {""regionName"": ""Asia Pacific/China"", ""surveyGroup"": ""OEM"", ""totalDemand"": ""77885298.0""}, {""regionName"": ""Europe"", ""surveyGroup"": ""OEM"", ""totalDemand"": ""51729003.0""}, {""regionName"": ""Japan"", ""surveyGroup"": ""OEM"", ""totalDemand"": ""14117148.0""}, {""regionName"": ""Americas"", ""surveyGroup"": ""Semiconductor"", ""totalDemand"": ""35.0""}, {""regionName"": ""Asia Pacific/All Other"", ""surveyGroup"": ""Semiconductor"", ""totalDemand"": ""10.0""}, {""regionName"": ""Asia Pacific/China"", ""surveyGroup"": ""Semiconductor"", ""totalDemand"": ""20.0""}, {""regionN...","Answer: Regional demand returned 15 grouped row(s). First groups: survey group: OEM, region name: Americas, total demand: 67744458.0; survey group: OEM, region name: All Other, total demand: 37293303.0; survey group: OEM, region name: China, total demand: 77885298.0; survey group: OEM, region name: Europe, total demand: 51729003.0; survey group: OEM, region name: Japan, total demand: 14117148.0; survey group: Semiconductor, region name: Americas, total demand: 35.0; survey group: Semiconductor, region name: All Other, total demand: 10.0; survey group: Semiconductor, region name: China, total demand: 20.0.",,"SELECT ?surveyGroup ?regionName (SUM(?demand) AS ?totalDemand) WHERE { VALUES (?surveyClass ?surveyGroup) { (survey:OEM_Survey ""OEM"") (survey:Tier1_Survey ""Tier1"") (survey:Semiconductor_Survey ""Semiconductor"") } ?entry a survey:DemandForRegion ; survey:hasSurveyOrigin ?origin ; survey:inRegion ?region ; survey:totalDemand ?demand . ?origin a ?surveyClass . ?region survey:regionName ?regionName . } GROUP BY ?surveyGroup ?regionName ORDER BY ?surveyGroup ?regionName",,
EFFKGQA0078,Return the future demand analysis by quarter.,future_demand,direct_capability,direct_graph_supported,auto_answer,capability_inventory,0,1,8,,"[{""avgPercentageChange"": ""12.44380952380952380952381"", ""quarterLabel"": ""Current Quarter""}, {""avgPercentageChange"": ""9.510000000000000038461538"", ""quarterLabel"": ""Q1 2026""}, {""avgPercentageChange"": ""26.356153846153846153846154"", ""quarterLabel"": ""Q2 2025""}, {""avgPercentageChange"": ""7.285384615384615384615385"", ""quarterLabel"": ""Q2 2026""}, {""avgPercentageChange"": ""5.861923076923076923076923"", ""quarterLabel"": ""Q3 2025""}, {""avgPercentageChange"": ""8.775384615384615384615385"", ""quarterLabel"": ""Q3 2026""}, {""avgPercentageChange"": ""15.195769230769230807692308"", ""quarterLabel"": ""Q4 2025""}, {""avgPercentageChange"": ""8.727307692307692307692308"", ""quarterLabel"": ""Q4 2026""}]","Answer: The query returned 8 row(s). Results: quarter label: Current Quarter, avg percentage change: 12.44380952380952380952381; quarter label: Q1 2026, avg percentage change: 9.510000000000000038461538; quarter label: Q2 2025, avg percentage change: 26.356153846153846153846154; quarter label: Q2 2026, avg percentage change: 7.285384615384615384615385; quarter label: Q3 2025, avg percentage change: 5.861923076923076923076923; quarter label: Q3 2026, avg percentage change: 8.775384615384615384615385; quarter label: Q4 2025, avg percentage change: 15.195769230769230807692308; quarter label: Q4 2026, avg percentage change: 8.727307692307692307692308.",,SELECT ?quarterLabel (AVG(?pct) AS ?avgPercentageChange) WHERE { ?entry a survey:FutureDemandAnalysis ; survey:forTimePeriod ?quarter ; survey:percentageChange ?pct . ?quarter survey:periodLabel ?quarterLabel . } GROUP BY ?quarterLabel ORDER BY ?quarterLabel,,
EFFKGQA0079,Compare regional demand across vehicle type.,regional_demand,llm_or_ranking,llm_ranking,llm_ranking,validated_retrieval,1,11,24,,"[{""avgChange"": ""-0.83"", ""quarterLabel"": ""time_Current_Quarter"", ""vehicleType"": ""BEHV""}, {""avgChange"": ""-1.66"", ""quarterLabel"": ""time_Q1_2026"", ""vehicleType"": ""BEHV""}, {""avgChange"": ""1.68"", ""quarterLabel"": ""time_Q2_2025"", ""vehicleType"": ""BEHV""}, {""avgChange"": ""4.24"", ""quarterLabel"": ""time_Q2_2026"", ""vehicleType"": ""BEHV""}, {""avgChange"": ""-8.17"", ""quarterLabel"": ""time_Q3_2025"", ""vehicleType"": ""BEHV""}, {""avgChange"": ""4.07"", ""quarterLabel"": ""time_Q3_2026"", ""vehicleType"": ""BEHV""}, {""avgChange"": ""8.02"", ""quarterLabel"": ""time_Q4_2025"", ""vehicleType"": ""BEHV""}, {""avgChange"": ""4.69"", ""quarterLabel"": ""time_Q4_2026"", ""vehicleType"": ""BEHV""}, {""avgChange"": ""6.67"", ""quarterLabel"": ""time_Current_Quarter"",...",Answer: Future-demand results returned 24 grouped row(s). The highest average future-demand percentage change is BEV in time Q2 2025 with 15.63. The lowest is BEV in time Q3 2025 with -17.84.,selected_best_executable_candidate,"SELECT ?vehicleType ?quarterLabel (AVG(?pct) AS ?avgChange) WHERE { ?entry a survey:FutureDemandAnalysis ; survey:analyzesVehicleType ?vehicle ; survey:forTimePeriod ?quarter ; survey:percentageChange ?pct . BIND(REPLACE(STR(?vehicle), '^.*/', '') AS ?vehicleType) BIND(REPLACE(STR(?quarter), '^.*/', '') AS ?quarterLabel) } GROUP BY ?vehicleType ?quarterLabel ORDER BY ?vehicleType ?quarterLabel",,
EFFKGQA0080,"Using the True Demand KG, what are the future demand changes for each technology category?",future_demand,direct_capability,direct_graph_supported,auto_answer,capability_inventory,0,1,5,,"[{""avgPercentageChange"": ""12.24875"", ""technologyCategory"": ""TechCategory_%3C%3D_7nm""}, {""avgPercentageChange"": ""3.7225"", ""technologyCategory"": ""TechCategory_10nm_to_%3C28nm""}, {""avgPercentageChange"": ""36.1225"", ""technologyCategory"": ""TechCategory_180nm_or_greater""}, {""avgPercentageChange"": ""12.375"", ""technologyCategory"": ""TechCategory_28nm_to_%3C45nm""}, {""avgPercentageChange"": ""2.9525"", ""technologyCategory"": ""TechCategory_55nm_to_180nm""}]","Answer: The query returned 5 row(s). Results: technology category: TechCategory_%3C%3D_7nm, avg percentage change: 12.24875; technology category: TechCategory_10nm_to_%3C28nm, avg percentage change: 3.7225; technology category: TechCategory_180nm_or_greater, avg percentage change: 36.1225; technology category: TechCategory_28nm_to_%3C45nm, avg percentage change: 12.375; technology category: TechCategory_55nm_to_180nm, avg percentage change: 2.9525.",,"SELECT ?technologyCategory (AVG(?pct) AS ?avgPercentageChange) WHERE { ?entry a survey:FutureDemandAnalysis ; survey:analyzesTechnologyCategory ?technology ; survey:percentageChange ?pct . OPTIONAL { ?technology survey:technologyCategoryName ?technologyName . } BIND(COALESCE(?technologyName, REPLACE(STR(?technology), ""^.*/"", """")) AS ?technologyCategory) } GROUP BY ?technologyCategory ORDER BY ?technologyCategory",,
EFFKGQA0081,Count inventory trend for each component.,inventory,llm_or_ranking,direct_graph_supported,auto_answer,capability_inventory,0,1,9,,"[{""component"": ""Component_EV"", ""participantTotal"": ""1"", ""trend"": ""Decrease""}, {""component"": ""Component_EV"", ""participantTotal"": ""1"", ""trend"": ""Increase""}, {""component"": ""Component_EV"", ""participantTotal"": ""3"", ""trend"": ""Stable""}, {""component"": ""Component_both"", ""participantTotal"": ""1"", ""trend"": ""Decrease""}, {""component"": ""Component_both"", ""participantTotal"": ""1"", ""trend"": ""Increase""}, {""component"": ""Component_both"", ""participantTotal"": ""3"", ""trend"": ""Stable""}, {""component"": ""Component_non_EV"", ""participantTotal"": ""1"", ""trend"": ""Decrease""}, {""component"": ""Component_non_EV"", ""participantTotal"": ""1"", ""trend"": ""Increase""}, {""component"": ""Component_non_EV"", ""participantTotal"": ""3"", ""trend"": ""S...","Answer: The query returned 9 row(s). First results: component: Component_EV, trend: Decrease, participant total: 1; component: Component_EV, trend: Increase, participant total: 1; component: Component_EV, trend: Stable, participant total: 3; component: Component_both, trend: Decrease, participant total: 1; component: Component_both, trend: Increase, participant total: 1; component: Component_both, trend: Stable, participant total: 3; component: Component_non_EV, trend: Decrease, participant total: 1; component: Component_non_EV, trend: Increase, participant total: 1.",,SELECT ?component ?trend (SUM(?participants) AS ?participantTotal) WHERE { ?entry a survey:InventoryDevelopment_Tier1 ; survey:forComponent ?component ; survey:inventoryTrend ?trend ; survey:participantCount ?participants . } GROUP BY ?component ?trend ORDER BY ?component ?trend,,
EFFKGQA0082,What is the average SAE level development for each vehicle type?,autonomous_driving,llm_or_ranking,direct_graph_supported,auto_answer,capability_inventory,0,1,15,,"[{""avgPercentage"": ""42.0"", ""saeLevel"": ""SAE_Level_1"", ""vehicleType"": ""BEHV""}, {""avgPercentage"": ""52.0"", ""saeLevel"": ""SAE_Level_2"", ""vehicleType"": ""BEHV""}, {""avgPercentage"": ""62.0"", ""saeLevel"": ""SAE_Level_3"", ""vehicleType"": ""BEHV""}, {""avgPercentage"": ""72.0"", ""saeLevel"": ""SAE_Level_4"", ""vehicleType"": ""BEHV""}, {""avgPercentage"": ""82.0"", ""saeLevel"": ""SAE_Level_5"", ""vehicleType"": ""BEHV""}, {""avgPercentage"": ""42.0"", ""saeLevel"": ""SAE_Level_1"", ""vehicleType"": ""BEV""}, {""avgPercentage"": ""52.0"", ""saeLevel"": ""SAE_Level_2"", ""vehicleType"": ""BEV""}, {""avgPercentage"": ""62.0"", ""saeLevel"": ""SAE_Level_3"", ""vehicleType"": ""BEV""}, {""avgPercentage"": ""72.0"", ""saeLevel"": ""SAE_Level_4"", ""vehicleType"": ""BEV""}, {""avgPe...","Answer: Autonomous-driving development returned 15 grouped row(s). First groups: vehicle type: BEHV, sae level: SAE Level 1, avg percentage: 42.0; vehicle type: BEHV, sae level: SAE Level 2, avg percentage: 52.0; vehicle type: BEHV, sae level: SAE Level 3, avg percentage: 62.0; vehicle type: BEHV, sae level: SAE Level 4, avg percentage: 72.0; vehicle type: BEHV, sae level: SAE Level 5, avg percentage: 82.0; vehicle type: BEV, sae level: SAE Level 1, avg percentage: 42.0; vehicle type: BEV, sae level: SAE Level 2, avg percentage: 52.0; vehicle type: BEV, sae level: SAE Level 3, avg percentage: 62.0.",,"SELECT ?vehicleType ?saeLevel (AVG(?pct) AS ?avgPercentage) WHERE { ?entry a survey:AutonomousDrivingDevelopment ; survey:hasVehicleType ?vehicle ; survey:hasSAELevel ?sae ; survey:hasPercentage ?pct . BIND(REPLACE(STR(?vehicle), ""^.*/"", """") AS ?vehicleType) BIND(REPLACE(STR(?sae), ""^.*/"", """") AS ?saeLevel) } GROUP BY ?vehicleType ?saeLevel ORDER BY ?vehicleType ?saeLevel",,
EFFKGQA0083,Show order cancellation responses by technology category.,order_cancellation,llm_or_ranking,direct_graph_supported,auto_answer,capability_inventory,0,1,5,,"[{""participantCount"": ""3"", ""technologyCategory"": ""OrderCancellationChange_Semi_10nm_to_lt28nm""}, {""participantCount"": ""3"", ""technologyCategory"": ""OrderCancellationChange_Semi_180nm_or_greater""}, {""participantCount"": ""3"", ""technologyCategory"": ""OrderCancellationChange_Semi_28nm_to_lt45nm""}, {""participantCount"": ""3"", ""technologyCategory"": ""OrderCancellationChange_Semi_55nm_to_180nm""}, {""participantCount"": ""3"", ""technologyCategory"": ""OrderCancellationChange_Semi_lt%3D_7nm""}]","Answer: The query returned 5 row(s). Results: technology category: OrderCancellationChange_Semi_10nm_to_lt28nm, participant count: 3; technology category: OrderCancellationChange_Semi_180nm_or_greater, participant count: 3; technology category: OrderCancellationChange_Semi_28nm_to_lt45nm, participant count: 3; technology category: OrderCancellationChange_Semi_55nm_to_180nm, participant count: 3; technology category: OrderCancellationChange_Semi_lt%3D_7nm, participant count: 3.",,"SELECT ?technologyCategory (SUM(?participants) AS ?participantCount) WHERE { ?entry a survey:OrderCancellation ; survey:forTechnologyCategory ?technology ; survey:participantCount ?participants . BIND(REPLACE(STR(?technology), ""^.*/"", """") AS ?technologyCategory) } GROUP BY ?technologyCategory ORDER BY ?technologyCategory",,
EFFKGQA0084,Count component inventory for each trend.,inventory,llm_or_ranking,direct_graph_supported,auto_answer,capability_inventory,0,1,9,,"[{""component"": ""Component_EV"", ""participantTotal"": ""1"", ""trend"": ""Decrease""}, {""component"": ""Component_EV"", ""participantTotal"": ""1"", ""trend"": ""Increase""}, {""component"": ""Component_EV"", ""participantTotal"": ""3"", ""trend"": ""Stable""}, {""component"": ""Component_both"", ""participantTotal"": ""1"", ""trend"": ""Decrease""}, {""component"": ""Component_both"", ""participantTotal"": ""1"", ""trend"": ""Increase""}, {""component"": ""Component_both"", ""participantTotal"": ""3"", ""trend"": ""Stable""}, {""component"": ""Component_non_EV"", ""participantTotal"": ""1"", ""trend"": ""Decrease""}, {""component"": ""Component_non_EV"", ""participantTotal"": ""1"", ""trend"": ""Increase""}, {""component"": ""Component_non_EV"", ""participantTotal"": ""3"", ""trend"": ""S...","Answer: The query returned 9 row(s). First results: component: Component_EV, trend: Decrease, participant total: 1; component: Component_EV, trend: Increase, participant total: 1; component: Component_EV, trend: Stable, participant total: 3; component: Component_both, trend: Decrease, participant total: 1; component: Component_both, trend: Increase, participant total: 1; component: Component_both, trend: Stable, participant total: 3; component: Component_non_EV, trend: Decrease, participant total: 1; component: Component_non_EV, trend: Increase, participant total: 1.",,SELECT ?component ?trend (SUM(?participants) AS ?participantTotal) WHERE { ?entry a survey:InventoryDevelopment_Tier1 ; survey:forComponent ?component ; survey:inventoryTrend ?trend ; survey:participantCount ?participants . } GROUP BY ?component ?trend ORDER BY ?component ?trend,,
EFFKGQA0085,Compare vehicles sold across year.,vehicle_sales,llm_or_ranking,direct_graph_supported,auto_answer,capability_inventory,0,1,4,,"[{""unitsSold"": ""86125479"", ""year"": ""2023""}, {""unitsSold"": ""88109476"", ""year"": ""2024""}, {""unitsSold"": ""90166856"", ""year"": ""2025""}, {""unitsSold"": ""90471186"", ""year"": ""2026""}]","Answer: The query returned 4 row(s). Results: year: 2023, units sold: 86125479; year: 2024, units sold: 88109476; year: 2025, units sold: 90166856; year: 2026, units sold: 90471186.",,"SELECT ?year (SUM(?units) AS ?unitsSold) WHERE { ?obs a survey:VehicleSalesObservation ; survey:forTimePeriod ?month ; survey:unitsSold ?units . OPTIONAL { ?month survey:periodLabel ?periodLabel . } BIND(COALESCE(?periodLabel, REPLACE(STR(?month), ""^.*/"", """")) AS ?label) BIND(REPLACE(STR(?label), ""^.*(20[0-9]{2}).*$"", ""$1"") AS ?year) } GROUP BY ?year ORDER BY ?year",,
EFFKGQA0086,"From the graph, summarize Tier1 current demand per region?",regional_demand,llm_or_ranking,direct_graph_supported,auto_answer,capability_inventory,0,1,5,,"[{""regionName"": ""Americas"", ""totalDemand"": ""30.0""}, {""regionName"": ""Asia Pacific/All Other"", ""totalDemand"": ""10.0""}, {""regionName"": ""Asia Pacific/China"", ""totalDemand"": ""15.0""}, {""regionName"": ""Europe"", ""totalDemand"": ""30.0""}, {""regionName"": ""Japan"", ""totalDemand"": ""15.0""}]","Answer: Regional demand returned 5 grouped row(s). Groups: region name: Americas, total demand: 30.0; region name: All Other, total demand: 10.0; region name: China, total demand: 15.0; region name: Europe, total demand: 30.0; region name: Japan, total demand: 15.0.",,"SELECT ?regionName (SUM(?demand) AS ?totalDemand) WHERE { BIND(""Tier1"" AS ?surveyGroup) ?entry a survey:DemandForRegion ; survey:hasSurveyOrigin ?origin ; survey:inRegion ?region ; survey:totalDemand ?demand . ?origin a survey:Tier1_Survey . ?region survey:regionName ?regionName . } GROUP BY ?regionName ORDER BY ?regionName",,
EFFKGQA0087,"For future demand, show the result by quarter.",future_demand,direct_capability,direct_graph_supported,auto_answer,capability_inventory,0,1,8,,"[{""avgPercentageChange"": ""12.44380952380952380952381"", ""quarterLabel"": ""Current Quarter""}, {""avgPercentageChange"": ""9.510000000000000038461538"", ""quarterLabel"": ""Q1 2026""}, {""avgPercentageChange"": ""26.356153846153846153846154"", ""quarterLabel"": ""Q2 2025""}, {""avgPercentageChange"": ""7.285384615384615384615385"", ""quarterLabel"": ""Q2 2026""}, {""avgPercentageChange"": ""5.861923076923076923076923"", ""quarterLabel"": ""Q3 2025""}, {""avgPercentageChange"": ""8.775384615384615384615385"", ""quarterLabel"": ""Q3 2026""}, {""avgPercentageChange"": ""15.195769230769230807692308"", ""quarterLabel"": ""Q4 2025""}, {""avgPercentageChange"": ""8.727307692307692307692308"", ""quarterLabel"": ""Q4 2026""}]","Answer: The query returned 8 row(s). Results: quarter label: Current Quarter, avg percentage change: 12.44380952380952380952381; quarter label: Q1 2026, avg percentage change: 9.510000000000000038461538; quarter label: Q2 2025, avg percentage change: 26.356153846153846153846154; quarter label: Q2 2026, avg percentage change: 7.285384615384615384615385; quarter label: Q3 2025, avg percentage change: 5.861923076923076923076923; quarter label: Q3 2026, avg percentage change: 8.775384615384615384615385; quarter label: Q4 2025, avg percentage change: 15.195769230769230807692308; quarter label: Q4 2026, avg percentage change: 8.727307692307692307692308.",,SELECT ?quarterLabel (AVG(?pct) AS ?avgPercentageChange) WHERE { ?entry a survey:FutureDemandAnalysis ; survey:forTimePeriod ?quarter ; survey:percentageChange ?pct . ?quarter survey:periodLabel ?quarterLabel . } GROUP BY ?quarterLabel ORDER BY ?quarterLabel,,
EFFKGQA0088,Compare inventory development by technology category.,inventory,llm_or_ranking,direct_graph_supported,auto_answer,capability_inventory,0,1,9,,"[{""entryCount"": ""1"", ""technologyCategory"": ""10nm_to_%3C28nm"", ""trend"": ""Decrease""}, {""entryCount"": ""1"", ""technologyCategory"": ""10nm_to_%3C28nm"", ""trend"": ""Increase""}, {""entryCount"": ""1"", ""technologyCategory"": ""180nm_or_greater"", ""trend"": ""Decrease""}, {""entryCount"": ""1"", ""technologyCategory"": ""180nm_or_greater"", ""trend"": ""Stable""}, {""entryCount"": ""1"", ""technologyCategory"": ""28nm_to_%3C45nm"", ""trend"": ""Decrease""}, {""entryCount"": ""1"", ""technologyCategory"": ""28nm_to_%3C45nm"", ""trend"": ""Stable""}, {""entryCount"": ""1"", ""technologyCategory"": ""55nm_to_180nm"", ""trend"": ""Increase""}, {""entryCount"": ""1"", ""technologyCategory"": ""55nm_to_180nm"", ""trend"": ""Stable""}, {""entryCount"": ""2"", ""technologyCategory""...","Answer: The query returned 9 row(s). First results: technology category: 10nm_to_%3C28nm, trend: Decrease, entry count: 1; technology category: 10nm_to_%3C28nm, trend: Increase, entry count: 1; technology category: 180nm_or_greater, trend: Decrease, entry count: 1; technology category: 180nm_or_greater, trend: Stable, entry count: 1; technology category: 28nm_to_%3C45nm, trend: Decrease, entry count: 1; technology category: 28nm_to_%3C45nm, trend: Stable, entry count: 1; technology category: 55nm_to_180nm, trend: Increase, entry count: 1; technology category: 55nm_to_180nm, trend: Stable, entry count: 1.",,"SELECT ?technologyCategory ?trend (COUNT(?entry) AS ?entryCount) WHERE { ?entry a survey:InventoryDevelopment_Semi ; survey:forTechnologyCategory ?technology ; survey:hasInventoryTrend ?trend . BIND(REPLACE(STR(?technology), ""^.*/"", """") AS ?technologyCategory) } GROUP BY ?technologyCategory ?trend ORDER BY ?technologyCategory ?trend",,
EFFKGQA0089,"Using the True Demand KG, summarize Tier1 current demand per vehicle type?",regional_demand,llm_or_ranking,llm_ranking,llm_ranking,validated_retrieval,1,5,3,,"[{""pct"": ""-0.36"", ""vehicle"": ""BEV""}, {""pct"": ""3.77"", ""vehicle"": ""BEHV""}, {""pct"": ""4.59"", ""vehicle"": ""ICE""}]","Answer: The query returned 3 row(s). Results: vehicle: BEV, pct: -0.36; vehicle: BEHV, pct: 3.77; vehicle: ICE, pct: 4.59.",selected_best_executable_candidate,"SELECT ?vehicle ?pct WHERE { ?agg a survey:AggregatedDemand ; survey:hasSurveyOrigin survey:OEM_Survey_Instance ; survey:isAggregatedResult true ; survey:forVehicleType ?veh ; survey:percentageChange ?pct . BIND( IF(?veh = survey:BEV, ""BEV"", IF(?veh = survey:BEHV, ""BEHV"", IF(?veh = survey:ICE, ""ICE"", """") ) ) AS ?vehicle ) FILTER(?vehicle != """") BIND( IF(?vehicle = ""BEV"", 1, IF(?vehicle = ""BEHV"", 2, IF(?vehicle = ""ICE"", 3, 4) ) ) AS ?ord ) } ORDER BY ?ord",,
EFFKGQA0090,How is future demand distributed by vehicle type?,future_demand,direct_capability,direct_graph_supported,auto_answer,capability_inventory,0,1,3,,"[{""avgPercentageChange"": ""1.505"", ""vehicleType"": ""BEHV""}, {""avgPercentageChange"": ""4.74375"", ""vehicleType"": ""BEV""}, {""avgPercentageChange"": ""0.845"", ""vehicleType"": ""ICE""}]","Answer: The query returned 3 row(s). Results: vehicle type: BEHV, avg percentage change: 1.505; vehicle type: BEV, avg percentage change: 4.74375; vehicle type: ICE, avg percentage change: 0.845.",,"SELECT ?vehicleType (AVG(?pct) AS ?avgPercentageChange) WHERE { ?entry a survey:FutureDemandAnalysis ; survey:analyzesVehicleType ?vehicle ; survey:percentageChange ?pct . BIND(REPLACE(STR(?vehicle), ""^.*/"", """") AS ?vehicleType) } GROUP BY ?vehicleType ORDER BY ?vehicleType",,
EFFKGQA0091,Give me the future demand overview by technology category.,future_demand,direct_capability,direct_graph_supported,auto_answer,capability_inventory,0,1,5,,"[{""avgPercentageChange"": ""12.24875"", ""technologyCategory"": ""TechCategory_%3C%3D_7nm""}, {""avgPercentageChange"": ""3.7225"", ""technologyCategory"": ""TechCategory_10nm_to_%3C28nm""}, {""avgPercentageChange"": ""36.1225"", ""technologyCategory"": ""TechCategory_180nm_or_greater""}, {""avgPercentageChange"": ""12.375"", ""technologyCategory"": ""TechCategory_28nm_to_%3C45nm""}, {""avgPercentageChange"": ""2.9525"", ""technologyCategory"": ""TechCategory_55nm_to_180nm""}]","Answer: The query returned 5 row(s). Results: technology category: TechCategory_%3C%3D_7nm, avg percentage change: 12.24875; technology category: TechCategory_10nm_to_%3C28nm, avg percentage change: 3.7225; technology category: TechCategory_180nm_or_greater, avg percentage change: 36.1225; technology category: TechCategory_28nm_to_%3C45nm, avg percentage change: 12.375; technology category: TechCategory_55nm_to_180nm, avg percentage change: 2.9525.",,"SELECT ?technologyCategory (AVG(?pct) AS ?avgPercentageChange) WHERE { ?entry a survey:FutureDemandAnalysis ; survey:analyzesTechnologyCategory ?technology ; survey:percentageChange ?pct . OPTIONAL { ?technology survey:technologyCategoryName ?technologyName . } BIND(COALESCE(?technologyName, REPLACE(STR(?technology), ""^.*/"", """")) AS ?technologyCategory) } GROUP BY ?technologyCategory ORDER BY ?technologyCategory",,
EFFKGQA0092,Compare order cancellation responses by technology category.,order_cancellation,llm_or_ranking,direct_graph_supported,auto_answer,capability_inventory,0,1,5,,"[{""participantCount"": ""3"", ""technologyCategory"": ""OrderCancellationChange_Semi_10nm_to_lt28nm""}, {""participantCount"": ""3"", ""technologyCategory"": ""OrderCancellationChange_Semi_180nm_or_greater""}, {""participantCount"": ""3"", ""technologyCategory"": ""OrderCancellationChange_Semi_28nm_to_lt45nm""}, {""participantCount"": ""3"", ""technologyCategory"": ""OrderCancellationChange_Semi_55nm_to_180nm""}, {""participantCount"": ""3"", ""technologyCategory"": ""OrderCancellationChange_Semi_lt%3D_7nm""}]","Answer: The query returned 5 row(s). Results: technology category: OrderCancellationChange_Semi_10nm_to_lt28nm, participant count: 3; technology category: OrderCancellationChange_Semi_180nm_or_greater, participant count: 3; technology category: OrderCancellationChange_Semi_28nm_to_lt45nm, participant count: 3; technology category: OrderCancellationChange_Semi_55nm_to_180nm, participant count: 3; technology category: OrderCancellationChange_Semi_lt%3D_7nm, participant count: 3.",,"SELECT ?technologyCategory (SUM(?participants) AS ?participantCount) WHERE { ?entry a survey:OrderCancellation ; survey:forTechnologyCategory ?technology ; survey:participantCount ?participants . BIND(REPLACE(STR(?technology), ""^.*/"", """") AS ?technologyCategory) } GROUP BY ?technologyCategory ORDER BY ?technologyCategory",,
EFFKGQA0093,Please analyze future demand change per vehicle type?,future_demand,direct_capability,direct_graph_supported,auto_answer,capability_inventory,0,1,3,,"[{""avgPercentageChange"": ""1.505"", ""vehicleType"": ""BEHV""}, {""avgPercentageChange"": ""4.74375"", ""vehicleType"": ""BEV""}, {""avgPercentageChange"": ""0.845"", ""vehicleType"": ""ICE""}]","Answer: The query returned 3 row(s). Results: vehicle type: BEHV, avg percentage change: 1.505; vehicle type: BEV, avg percentage change: 4.74375; vehicle type: ICE, avg percentage change: 0.845.",,"SELECT ?vehicleType (AVG(?pct) AS ?avgPercentageChange) WHERE { ?entry a survey:FutureDemandAnalysis ; survey:analyzesVehicleType ?vehicle ; survey:percentageChange ?pct . BIND(REPLACE(STR(?vehicle), ""^.*/"", """") AS ?vehicleType) } GROUP BY ?vehicleType ORDER BY ?vehicleType",,
EFFKGQA0094,Give me Tier1 current demand grouped by region.,regional_demand,llm_or_ranking,direct_graph_supported,auto_answer,capability_inventory,0,1,5,,"[{""regionName"": ""Americas"", ""totalDemand"": ""30.0""}, {""regionName"": ""Asia Pacific/All Other"", ""totalDemand"": ""10.0""}, {""regionName"": ""Asia Pacific/China"", ""totalDemand"": ""15.0""}, {""regionName"": ""Europe"", ""totalDemand"": ""30.0""}, {""regionName"": ""Japan"", ""totalDemand"": ""15.0""}]","Answer: Regional demand returned 5 grouped row(s). Groups: region name: Americas, total demand: 30.0; region name: All Other, total demand: 10.0; region name: China, total demand: 15.0; region name: Europe, total demand: 30.0; region name: Japan, total demand: 15.0.",,"SELECT ?regionName (SUM(?demand) AS ?totalDemand) WHERE { BIND(""Tier1"" AS ?surveyGroup) ?entry a survey:DemandForRegion ; survey:hasSurveyOrigin ?origin ; survey:inRegion ?region ; survey:totalDemand ?demand . ?origin a survey:Tier1_Survey . ?region survey:regionName ?regionName . } GROUP BY ?regionName ORDER BY ?regionName",,
EFFKGQA0095,Count inventory development for each technology category.,inventory,llm_or_ranking,direct_graph_supported,auto_answer,capability_inventory,0,1,9,,"[{""entryCount"": ""1"", ""technologyCategory"": ""10nm_to_%3C28nm"", ""trend"": ""Decrease""}, {""entryCount"": ""1"", ""technologyCategory"": ""10nm_to_%3C28nm"", ""trend"": ""Increase""}, {""entryCount"": ""1"", ""technologyCategory"": ""180nm_or_greater"", ""trend"": ""Decrease""}, {""entryCount"": ""1"", ""technologyCategory"": ""180nm_or_greater"", ""trend"": ""Stable""}, {""entryCount"": ""1"", ""technologyCategory"": ""28nm_to_%3C45nm"", ""trend"": ""Decrease""}, {""entryCount"": ""1"", ""technologyCategory"": ""28nm_to_%3C45nm"", ""trend"": ""Stable""}, {""entryCount"": ""1"", ""technologyCategory"": ""55nm_to_180nm"", ""trend"": ""Increase""}, {""entryCount"": ""1"", ""technologyCategory"": ""55nm_to_180nm"", ""trend"": ""Stable""}, {""entryCount"": ""2"", ""technologyCategory""...","Answer: The query returned 9 row(s). First results: technology category: 10nm_to_%3C28nm, trend: Decrease, entry count: 1; technology category: 10nm_to_%3C28nm, trend: Increase, entry count: 1; technology category: 180nm_or_greater, trend: Decrease, entry count: 1; technology category: 180nm_or_greater, trend: Stable, entry count: 1; technology category: 28nm_to_%3C45nm, trend: Decrease, entry count: 1; technology category: 28nm_to_%3C45nm, trend: Stable, entry count: 1; technology category: 55nm_to_180nm, trend: Increase, entry count: 1; technology category: 55nm_to_180nm, trend: Stable, entry count: 1.",,"SELECT ?technologyCategory ?trend (COUNT(?entry) AS ?entryCount) WHERE { ?entry a survey:InventoryDevelopment_Semi ; survey:forTechnologyCategory ?technology ; survey:hasInventoryTrend ?trend . BIND(REPLACE(STR(?technology), ""^.*/"", """") AS ?technologyCategory) } GROUP BY ?technologyCategory ?trend ORDER BY ?technologyCategory ?trend",,
EFFKGQA0096,Summarize vehicles sold over month.,vehicle_sales,llm_or_ranking,direct_graph_supported,auto_answer,capability_inventory,0,1,48,,"[{""monthLabel"": ""Apr 2023"", ""unitsSold"": ""6425650""}, {""monthLabel"": ""Apr 2024"", ""unitsSold"": ""6818720""}, {""monthLabel"": ""Apr 2025"", ""unitsSold"": ""7260983""}, {""monthLabel"": ""Apr 2026"", ""unitsSold"": ""7009380""}, {""monthLabel"": ""Aug 2023"", ""unitsSold"": ""7057393""}, {""monthLabel"": ""Aug 2024"", ""unitsSold"": ""6837967""}, {""monthLabel"": ""Aug 2025"", ""unitsSold"": ""6966169""}, {""monthLabel"": ""Aug 2026"", ""unitsSold"": ""6967132""}, {""monthLabel"": ""Dec 2023"", ""unitsSold"": ""8093262""}, {""monthLabel"": ""Dec 2024"", ""unitsSold"": ""8544327""}, {""monthLabel"": ""Dec 2025"", ""unitsSold"": ""8455087""}, {""monthLabel"": ""Dec 2026"", ""unitsSold"": ""8482982""}, {""monthLabel"": ""Feb 2023"", ""unitsSold"": ""6176907""}, {""monthLabel"": ""Feb ...","Answer: Vehicle-sales results returned 48 grouped row(s). First groups: month label: Apr 2023, units sold: 6425650; month label: Apr 2024, units sold: 6818720; month label: Apr 2025, units sold: 7260983; month label: Apr 2026, units sold: 7009380; month label: Aug 2023, units sold: 7057393; month label: Aug 2024, units sold: 6837967; month label: Aug 2025, units sold: 6966169; month label: Aug 2026, units sold: 6967132; month label: Dec 2023, units sold: 8093262; month label: Dec 2024, units sold: 8544327; month label: Dec 2025, units sold: 8455087; month label: Dec 2026, units sold: 8482982.",,"SELECT ?monthLabel (SUM(?units) AS ?unitsSold) WHERE { ?obs a survey:VehicleSalesObservation ; survey:forTimePeriod ?month ; survey:unitsSold ?units . OPTIONAL { ?month survey:periodLabel ?periodLabel . } BIND(COALESCE(?periodLabel, REPLACE(STR(?month), ""^.*/"", """")) AS ?monthLabel) } GROUP BY ?monthLabel ORDER BY ?monthLabel",,
EFFKGQA0097,What is the total number of actual vehicle sales for each vehicle type?,vehicle_sales,llm_or_ranking,llm_ranking,llm_ranking,infineon,1,5,0,,,Answer: No results returned for the given query.,selected_best_executable_candidate,"SELECT ?vehicleType (SUM(?unitsSold) AS ?totalSales) WHERE { ?obs a survey:VehicleSalesObservation ; survey:hasVehicleType ?vehicle ; survey:unitsSold ?unitsSold ; survey:isActualData true . BIND(REPLACE(STR(?vehicle), '^.*/', '') AS ?vehicleType) } GROUP BY ?vehicleType ORDER BY DESC(?totalSales)",,
EFFKGQA0098,Compare OEM current demand across vehicle type.,regional_demand,llm_or_ranking,llm_ranking,llm_ranking,validated_retrieval,1,5,3,,"[{""pct"": ""-0.36"", ""vehicle"": ""BEV""}, {""pct"": ""3.77"", ""vehicle"": ""BEHV""}, {""pct"": ""4.59"", ""vehicle"": ""ICE""}]","Answer: The query returned 3 row(s). Results: vehicle: BEV, pct: -0.36; vehicle: BEHV, pct: 3.77; vehicle: ICE, pct: 4.59.",selected_best_executable_candidate,"SELECT ?vehicle ?pct WHERE { ?agg a survey:AggregatedDemand ; survey:hasSurveyOrigin survey:OEM_Survey_Instance ; survey:isAggregatedResult true ; survey:forVehicleType ?veh ; survey:percentageChange ?pct . BIND( IF(?veh = survey:BEV, ""BEV"", IF(?veh = survey:BEHV, ""BEHV"", IF(?veh = survey:ICE, ""ICE"", """") ) ) AS ?vehicle ) FILTER(?vehicle != """") BIND( IF(?vehicle = ""BEV"", 1, IF(?vehicle = ""BEHV"", 2, IF(?vehicle = ""ICE"", 3, 4) ) ) AS ?ord ) } ORDER BY ?ord",,
EFFKGQA0099,How does OEM current demand vary by survey group?,regional_demand,llm_or_ranking,direct_graph_supported,auto_answer,capability_inventory,0,1,1,,"[{""surveyGroup"": ""OEM"", ""totalDemand"": ""248769210.0""}]","Answer: The query returned 1 row(s). Results: survey group: OEM, total demand: 248769210.0.",,"SELECT ?surveyGroup (SUM(?demand) AS ?totalDemand) WHERE { BIND(""OEM"" AS ?surveyGroup) ?entry a survey:DemandForRegion ; survey:hasSurveyOrigin ?origin ; survey:totalDemand ?demand . ?origin a survey:OEM_Survey . } GROUP BY ?surveyGroup ORDER BY ?surveyGroup",,
EFFKGQA0100,"For the survey data, return a breakdown of OEM current demand by region?",regional_demand,llm_or_ranking,direct_graph_supported,auto_answer,capability_inventory,0,1,5,,"[{""regionName"": ""Americas"", ""totalDemand"": ""67744458.0""}, {""regionName"": ""Asia Pacific/All Other"", ""totalDemand"": ""37293303.0""}, {""regionName"": ""Asia Pacific/China"", ""totalDemand"": ""77885298.0""}, {""regionName"": ""Europe"", ""totalDemand"": ""51729003.0""}, {""regionName"": ""Japan"", ""totalDemand"": ""14117148.0""}]","Answer: Regional demand returned 5 grouped row(s). Groups: region name: Americas, total demand: 67744458.0; region name: All Other, total demand: 37293303.0; region name: China, total demand: 77885298.0; region name: Europe, total demand: 51729003.0; region name: Japan, total demand: 14117148.0.",,"SELECT ?regionName (SUM(?demand) AS ?totalDemand) WHERE { BIND(""OEM"" AS ?surveyGroup) ?entry a survey:DemandForRegion ; survey:hasSurveyOrigin ?origin ; survey:inRegion ?region ; survey:totalDemand ?demand . ?origin a survey:OEM_Survey . ?region survey:regionName ?regionName . } GROUP BY ?regionName ORDER BY ?regionName",,
EFFKGQA0101,Which month has the highest sales volume?,vehicle_sales,llm_or_ranking,direct_graph_supported,auto_answer,capability_inventory,0,1,48,,"[{""monthLabel"": ""Apr 2023"", ""unitsSold"": ""6425650""}, {""monthLabel"": ""Apr 2024"", ""unitsSold"": ""6818720""}, {""monthLabel"": ""Apr 2025"", ""unitsSold"": ""7260983""}, {""monthLabel"": ""Apr 2026"", ""unitsSold"": ""7009380""}, {""monthLabel"": ""Aug 2023"", ""unitsSold"": ""7057393""}, {""monthLabel"": ""Aug 2024"", ""unitsSold"": ""6837967""}, {""monthLabel"": ""Aug 2025"", ""unitsSold"": ""6966169""}, {""monthLabel"": ""Aug 2026"", ""unitsSold"": ""6967132""}, {""monthLabel"": ""Dec 2023"", ""unitsSold"": ""8093262""}, {""monthLabel"": ""Dec 2024"", ""unitsSold"": ""8544327""}, {""monthLabel"": ""Dec 2025"", ""unitsSold"": ""8455087""}, {""monthLabel"": ""Dec 2026"", ""unitsSold"": ""8482982""}, {""monthLabel"": ""Feb 2023"", ""unitsSold"": ""6176907""}, {""monthLabel"": ""Feb ...","Answer: Vehicle-sales results returned 48 monthly row(s). The highest monthly total is Dec 2024 with 8,544,327. The lowest monthly total is Jan 2023 with 5,727,449.",,"SELECT ?monthLabel (SUM(?units) AS ?unitsSold) WHERE { ?obs a survey:VehicleSalesObservation ; survey:forTimePeriod ?month ; survey:unitsSold ?units . OPTIONAL { ?month survey:periodLabel ?periodLabel . } BIND(COALESCE(?periodLabel, REPLACE(STR(?month), ""^.*/"", """")) AS ?monthLabel) } GROUP BY ?monthLabel ORDER BY ?monthLabel",,
EFFKGQA0102,"Using the True Demand KG, return a breakdown of OEM current demand by quarter?",regional_demand,llm_or_ranking,llm_ranking,llm_ranking,infineon,1,5,0,,,Answer: No results returned for the given query.,selected_best_executable_candidate,"SELECT ?quarterLabel (SUM(?currentDemand) AS ?totalDemand) WHERE { ?root a survey:CurrentDemandAnalysis ; survey:hasSurveyOrigin survey:OEM_Survey ; survey:hasAggregatedResult ?entry . ?entry a survey:CurrentDemandAnalysis ; survey:forTimePeriod ?quarter ; survey:currentDemand ?currentDemand . ?quarter a survey:Quarter . BIND(REPLACE(STR(?quarter), '^.*/', '') AS ?quarterLabel) } GROUP BY ?quarterLabel ORDER BY ?quarterLabel",,
EFFKGQA0103,Summarize inventory trend across component.,inventory,llm_or_ranking,direct_graph_supported,auto_answer,capability_inventory,0,1,9,,"[{""component"": ""Component_EV"", ""participantTotal"": ""1"", ""trend"": ""Decrease""}, {""component"": ""Component_EV"", ""participantTotal"": ""1"", ""trend"": ""Increase""}, {""component"": ""Component_EV"", ""participantTotal"": ""3"", ""trend"": ""Stable""}, {""component"": ""Component_both"", ""participantTotal"": ""1"", ""trend"": ""Decrease""}, {""component"": ""Component_both"", ""participantTotal"": ""1"", ""trend"": ""Increase""}, {""component"": ""Component_both"", ""participantTotal"": ""3"", ""trend"": ""Stable""}, {""component"": ""Component_non_EV"", ""participantTotal"": ""1"", ""trend"": ""Decrease""}, {""component"": ""Component_non_EV"", ""participantTotal"": ""1"", ""trend"": ""Increase""}, {""component"": ""Component_non_EV"", ""participantTotal"": ""3"", ""trend"": ""S...","Answer: The query returned 9 row(s). First results: component: Component_EV, trend: Decrease, participant total: 1; component: Component_EV, trend: Increase, participant total: 1; component: Component_EV, trend: Stable, participant total: 3; component: Component_both, trend: Decrease, participant total: 1; component: Component_both, trend: Increase, participant total: 1; component: Component_both, trend: Stable, participant total: 3; component: Component_non_EV, trend: Decrease, participant total: 1; component: Component_non_EV, trend: Increase, participant total: 1.",,SELECT ?component ?trend (SUM(?participants) AS ?participantTotal) WHERE { ?entry a survey:InventoryDevelopment_Tier1 ; survey:forComponent ?component ; survey:inventoryTrend ?trend ; survey:participantCount ?participants . } GROUP BY ?component ?trend ORDER BY ?component ?trend,,
EFFKGQA0104,What is the total number of sales volume for each year?,vehicle_sales,llm_or_ranking,direct_graph_supported,auto_answer,capability_inventory,0,1,4,,"[{""unitsSold"": ""86125479"", ""year"": ""2023""}, {""unitsSold"": ""88109476"", ""year"": ""2024""}, {""unitsSold"": ""90166856"", ""year"": ""2025""}, {""unitsSold"": ""90471186"", ""year"": ""2026""}]","Answer: The query returned 4 row(s). Results: year: 2023, units sold: 86125479; year: 2024, units sold: 88109476; year: 2025, units sold: 90166856; year: 2026, units sold: 90471186.",,"SELECT ?year (SUM(?units) AS ?unitsSold) WHERE { ?obs a survey:VehicleSalesObservation ; survey:forTimePeriod ?month ; survey:unitsSold ?units . OPTIONAL { ?month survey:periodLabel ?periodLabel . } BIND(COALESCE(?periodLabel, REPLACE(STR(?month), ""^.*/"", """")) AS ?label) BIND(REPLACE(STR(?label), ""^.*(20[0-9]{2}).*$"", ""$1"") AS ?year) } GROUP BY ?year ORDER BY ?year",,
EFFKGQA0105,Show inventory responses by technology category.,inventory,llm_or_ranking,direct_graph_supported,auto_answer,capability_inventory,0,1,9,,"[{""entryCount"": ""1"", ""technologyCategory"": ""10nm_to_%3C28nm"", ""trend"": ""Decrease""}, {""entryCount"": ""1"", ""technologyCategory"": ""10nm_to_%3C28nm"", ""trend"": ""Increase""}, {""entryCount"": ""1"", ""technologyCategory"": ""180nm_or_greater"", ""trend"": ""Decrease""}, {""entryCount"": ""1"", ""technologyCategory"": ""180nm_or_greater"", ""trend"": ""Stable""}, {""entryCount"": ""1"", ""technologyCategory"": ""28nm_to_%3C45nm"", ""trend"": ""Decrease""}, {""entryCount"": ""1"", ""technologyCategory"": ""28nm_to_%3C45nm"", ""trend"": ""Stable""}, {""entryCount"": ""1"", ""technologyCategory"": ""55nm_to_180nm"", ""trend"": ""Increase""}, {""entryCount"": ""1"", ""technologyCategory"": ""55nm_to_180nm"", ""trend"": ""Stable""}, {""entryCount"": ""2"", ""technologyCategory""...","Answer: The query returned 9 row(s). First results: technology category: 10nm_to_%3C28nm, trend: Decrease, entry count: 1; technology category: 10nm_to_%3C28nm, trend: Increase, entry count: 1; technology category: 180nm_or_greater, trend: Decrease, entry count: 1; technology category: 180nm_or_greater, trend: Stable, entry count: 1; technology category: 28nm_to_%3C45nm, trend: Decrease, entry count: 1; technology category: 28nm_to_%3C45nm, trend: Stable, entry count: 1; technology category: 55nm_to_180nm, trend: Increase, entry count: 1; technology category: 55nm_to_180nm, trend: Stable, entry count: 1.",,"SELECT ?technologyCategory ?trend (COUNT(?entry) AS ?entryCount) WHERE { ?entry a survey:InventoryDevelopment_Semi ; survey:forTechnologyCategory ?technology ; survey:hasInventoryTrend ?trend . BIND(REPLACE(STR(?technology), ""^.*/"", """") AS ?technologyCategory) } GROUP BY ?technologyCategory ?trend ORDER BY ?technologyCategory ?trend",,
EFFKGQA0106,What is the average autonomous driving percentage for each vehicle type?,autonomous_driving,llm_or_ranking,direct_graph_supported,auto_answer,capability_inventory,0,1,3,,"[{""avgPercentage"": ""62.0"", ""vehicleType"": ""BEHV""}, {""avgPercentage"": ""62.0"", ""vehicleType"": ""BEV""}, {""avgPercentage"": ""62.0"", ""vehicleType"": ""ICE""}]","Answer: Autonomous-driving development returned 3 grouped row(s). Groups: vehicle type: BEHV, avg percentage: 62.0; vehicle type: BEV, avg percentage: 62.0; vehicle type: ICE, avg percentage: 62.0.",,"SELECT ?vehicleType (AVG(?pct) AS ?avgPercentage) WHERE { ?entry a survey:AutonomousDrivingDevelopment ; survey:hasVehicleType ?vehicle ; survey:hasPercentage ?pct . BIND(REPLACE(STR(?vehicle), ""^.*/"", """") AS ?vehicleType) } GROUP BY ?vehicleType ORDER BY ?vehicleType",,
EFFKGQA0107,How does regional demand vary by region?,regional_demand,llm_or_ranking,direct_graph_supported,auto_answer,capability_inventory,0,1,15,,"[{""regionName"": ""Americas"", ""surveyGroup"": ""OEM"", ""totalDemand"": ""67744458.0""}, {""regionName"": ""Asia Pacific/All Other"", ""surveyGroup"": ""OEM"", ""totalDemand"": ""37293303.0""}, {""regionName"": ""Asia Pacific/China"", ""surveyGroup"": ""OEM"", ""totalDemand"": ""77885298.0""}, {""regionName"": ""Europe"", ""surveyGroup"": ""OEM"", ""totalDemand"": ""51729003.0""}, {""regionName"": ""Japan"", ""surveyGroup"": ""OEM"", ""totalDemand"": ""14117148.0""}, {""regionName"": ""Americas"", ""surveyGroup"": ""Semiconductor"", ""totalDemand"": ""35.0""}, {""regionName"": ""Asia Pacific/All Other"", ""surveyGroup"": ""Semiconductor"", ""totalDemand"": ""10.0""}, {""regionName"": ""Asia Pacific/China"", ""surveyGroup"": ""Semiconductor"", ""totalDemand"": ""20.0""}, {""regionN...","Answer: Regional demand returned 15 grouped row(s). First groups: survey group: OEM, region name: Americas, total demand: 67744458.0; survey group: OEM, region name: All Other, total demand: 37293303.0; survey group: OEM, region name: China, total demand: 77885298.0; survey group: OEM, region name: Europe, total demand: 51729003.0; survey group: OEM, region name: Japan, total demand: 14117148.0; survey group: Semiconductor, region name: Americas, total demand: 35.0; survey group: Semiconductor, region name: All Other, total demand: 10.0; survey group: Semiconductor, region name: China, total demand: 20.0.",,"SELECT ?surveyGroup ?regionName (SUM(?demand) AS ?totalDemand) WHERE { VALUES (?surveyClass ?surveyGroup) { (survey:OEM_Survey ""OEM"") (survey:Tier1_Survey ""Tier1"") (survey:Semiconductor_Survey ""Semiconductor"") } ?entry a survey:DemandForRegion ; survey:hasSurveyOrigin ?origin ; survey:inRegion ?region ; survey:totalDemand ?demand . ?origin a ?surveyClass . ?region survey:regionName ?regionName . } GROUP BY ?surveyGroup ?regionName ORDER BY ?surveyGroup ?regionName",,
EFFKGQA0108,Show vehicle sales units by year.,vehicle_sales,llm_or_ranking,direct_graph_supported,auto_answer,capability_inventory,0,1,4,,"[{""unitsSold"": ""86125479"", ""year"": ""2023""}, {""unitsSold"": ""88109476"", ""year"": ""2024""}, {""unitsSold"": ""90166856"", ""year"": ""2025""}, {""unitsSold"": ""90471186"", ""year"": ""2026""}]","Answer: The query returned 4 row(s). Results: year: 2023, units sold: 86125479; year: 2024, units sold: 88109476; year: 2025, units sold: 90166856; year: 2026, units sold: 90471186.",,"SELECT ?year (SUM(?units) AS ?unitsSold) WHERE { ?obs a survey:VehicleSalesObservation ; survey:forTimePeriod ?month ; survey:unitsSold ?units . OPTIONAL { ?month survey:periodLabel ?periodLabel . } BIND(COALESCE(?periodLabel, REPLACE(STR(?month), ""^.*/"", """")) AS ?label) BIND(REPLACE(STR(?label), ""^.*(20[0-9]{2}).*$"", ""$1"") AS ?year) } GROUP BY ?year ORDER BY ?year",,
EFFKGQA0109,What is the total semiconductor current demand for each survey group?,regional_demand,llm_or_ranking,direct_graph_supported,auto_answer,capability_inventory,0,1,1,,"[{""surveyGroup"": ""Semiconductor"", ""totalDemand"": ""100.0""}]","Answer: The query returned 1 row(s). Results: survey group: Semiconductor, total demand: 100.0.",,"SELECT ?surveyGroup (SUM(?demand) AS ?totalDemand) WHERE { BIND(""Semiconductor"" AS ?surveyGroup) ?entry a survey:DemandForRegion ; survey:hasSurveyOrigin ?origin ; survey:totalDemand ?demand . ?origin a survey:Semiconductor_Survey . } GROUP BY ?surveyGroup ORDER BY ?surveyGroup",,
EFFKGQA0110,Summarize vehicle sales units over time period.,vehicle_sales,llm_or_ranking,llm_ranking,llm_ranking,infineon,1,5,48,,"[{""period"": ""time_Apr_2023"", ""totalUnits"": ""6425650""}, {""period"": ""time_Apr_2024"", ""totalUnits"": ""6818720""}, {""period"": ""time_Apr_2025"", ""totalUnits"": ""7260983""}, {""period"": ""time_Apr_2026"", ""totalUnits"": ""7009380""}, {""period"": ""time_Aug_2023"", ""totalUnits"": ""7057393""}, {""period"": ""time_Aug_2024"", ""totalUnits"": ""6837967""}, {""period"": ""time_Aug_2025"", ""totalUnits"": ""6966169""}, {""period"": ""time_Aug_2026"", ""totalUnits"": ""6967132""}, {""period"": ""time_Dec_2023"", ""totalUnits"": ""8093262""}, {""period"": ""time_Dec_2024"", ""totalUnits"": ""8544327""}, {""period"": ""time_Dec_2025"", ""totalUnits"": ""8455087""}, {""period"": ""time_Dec_2026"", ""totalUnits"": ""8482982""}, {""period"": ""time_Feb_2023"", ""totalUnits"": ""61769...","Answer: The query returned 48 row(s). First results: period: time_Apr_2023, total units: 6425650; period: time_Apr_2024, total units: 6818720; period: time_Apr_2025, total units: 7260983; period: time_Apr_2026, total units: 7009380; period: time_Aug_2023, total units: 7057393; period: time_Aug_2024, total units: 6837967; period: time_Aug_2025, total units: 6966169; period: time_Aug_2026, total units: 6967132.",kept_selected_nonempty,SELECT ?period (SUM(?unitsSold) AS ?totalUnits) WHERE { ?obs a survey:VehicleSalesObservation ; survey:forTimePeriod ?period ; survey:unitsSold ?unitsSold . } GROUP BY ?period ORDER BY ?period,,
EFFKGQA0111,Return future demand values for each technology category.,future_demand,direct_capability,direct_graph_supported,auto_answer,capability_inventory,0,1,5,,"[{""avgPercentageChange"": ""12.24875"", ""technologyCategory"": ""TechCategory_%3C%3D_7nm""}, {""avgPercentageChange"": ""3.7225"", ""technologyCategory"": ""TechCategory_10nm_to_%3C28nm""}, {""avgPercentageChange"": ""36.1225"", ""technologyCategory"": ""TechCategory_180nm_or_greater""}, {""avgPercentageChange"": ""12.375"", ""technologyCategory"": ""TechCategory_28nm_to_%3C45nm""}, {""avgPercentageChange"": ""2.9525"", ""technologyCategory"": ""TechCategory_55nm_to_180nm""}]","Answer: The query returned 5 row(s). Results: technology category: TechCategory_%3C%3D_7nm, avg percentage change: 12.24875; technology category: TechCategory_10nm_to_%3C28nm, avg percentage change: 3.7225; technology category: TechCategory_180nm_or_greater, avg percentage change: 36.1225; technology category: TechCategory_28nm_to_%3C45nm, avg percentage change: 12.375; technology category: TechCategory_55nm_to_180nm, avg percentage change: 2.9525.",,"SELECT ?technologyCategory (AVG(?pct) AS ?avgPercentageChange) WHERE { ?entry a survey:FutureDemandAnalysis ; survey:analyzesTechnologyCategory ?technology ; survey:percentageChange ?pct . OPTIONAL { ?technology survey:technologyCategoryName ?technologyName . } BIND(COALESCE(?technologyName, REPLACE(STR(?technology), ""^.*/"", """")) AS ?technologyCategory) } GROUP BY ?technologyCategory ORDER BY ?technologyCategory",,
EFFKGQA0112,Show average autonomous driving percentage by SAE level.,autonomous_driving,llm_or_ranking,direct_graph_supported,auto_answer,capability_inventory,0,1,5,,"[{""avgPercentage"": ""42.0"", ""saeLevel"": ""SAE_Level_1""}, {""avgPercentage"": ""52.0"", ""saeLevel"": ""SAE_Level_2""}, {""avgPercentage"": ""62.0"", ""saeLevel"": ""SAE_Level_3""}, {""avgPercentage"": ""72.0"", ""saeLevel"": ""SAE_Level_4""}, {""avgPercentage"": ""82.0"", ""saeLevel"": ""SAE_Level_5""}]","Answer: The query returned 5 row(s). Results: sae level: SAE_Level_1, avg percentage: 42.0; sae level: SAE_Level_2, avg percentage: 52.0; sae level: SAE_Level_3, avg percentage: 62.0; sae level: SAE_Level_4, avg percentage: 72.0; sae level: SAE_Level_5, avg percentage: 82.0.",,"SELECT ?saeLevel (AVG(?pct) AS ?avgPercentage) WHERE { ?entry a survey:AutonomousDrivingDevelopment ; survey:hasSAELevel ?sae ; survey:hasPercentage ?pct . BIND(REPLACE(STR(?sae), ""^.*/"", """") AS ?saeLevel) } GROUP BY ?saeLevel ORDER BY ?saeLevel",,
EFFKGQA0113,Compare sales volume across time period.,vehicle_sales,llm_or_ranking,llm_ranking,llm_ranking,infineon,1,5,48,,"[{""timePeriodLabel"": ""time_Apr_2023"", ""totalSales"": ""6425650""}, {""timePeriodLabel"": ""time_Apr_2024"", ""totalSales"": ""6818720""}, {""timePeriodLabel"": ""time_Apr_2025"", ""totalSales"": ""7260983""}, {""timePeriodLabel"": ""time_Apr_2026"", ""totalSales"": ""7009380""}, {""timePeriodLabel"": ""time_Aug_2023"", ""totalSales"": ""7057393""}, {""timePeriodLabel"": ""time_Aug_2024"", ""totalSales"": ""6837967""}, {""timePeriodLabel"": ""time_Aug_2025"", ""totalSales"": ""6966169""}, {""timePeriodLabel"": ""time_Aug_2026"", ""totalSales"": ""6967132""}, {""timePeriodLabel"": ""time_Dec_2023"", ""totalSales"": ""8093262""}, {""timePeriodLabel"": ""time_Dec_2024"", ""totalSales"": ""8544327""}, {""timePeriodLabel"": ""time_Dec_2025"", ""totalSales"": ""8455087""}, {""t...","Answer: The query returned 48 row(s). First results: time period label: time_Apr_2023, total sales: 6425650; time period label: time_Apr_2024, total sales: 6818720; time period label: time_Apr_2025, total sales: 7260983; time period label: time_Apr_2026, total sales: 7009380; time period label: time_Aug_2023, total sales: 7057393; time period label: time_Aug_2024, total sales: 6837967; time period label: time_Aug_2025, total sales: 6966169; time period label: time_Aug_2026, total sales: 6967132.",switched_to_nonempty_candidate,"SELECT ?timePeriodLabel (SUM(?unitsSold) AS ?totalSales) WHERE { ?obs a survey:VehicleSalesObservation ; survey:forTimePeriod ?timePeriod ; survey:unitsSold ?unitsSold . BIND(REPLACE(STR(?timePeriod), '^.*/', '') AS ?timePeriodLabel) } GROUP BY ?timePeriodLabel ORDER BY ?timePeriodLabel",,
EFFKGQA0114,Please what is the total OEM current demand for each vehicle type?,regional_demand,llm_or_ranking,llm_ranking,llm_ranking,validated_retrieval,1,5,3,,"[{""pct"": ""-0.36"", ""vehicle"": ""BEV""}, {""pct"": ""3.77"", ""vehicle"": ""BEHV""}, {""pct"": ""4.59"", ""vehicle"": ""ICE""}]","Answer: The query returned 3 row(s). Results: vehicle: BEV, pct: -0.36; vehicle: BEHV, pct: 3.77; vehicle: ICE, pct: 4.59.",switched_to_nonempty_candidate,"SELECT ?vehicle ?pct WHERE { ?agg a survey:AggregatedDemand ; survey:hasSurveyOrigin survey:OEM_Survey_Instance ; survey:isAggregatedResult true ; survey:forVehicleType ?veh ; survey:percentageChange ?pct . BIND( IF(?veh = survey:BEV, ""BEV"", IF(?veh = survey:BEHV, ""BEHV"", IF(?veh = survey:ICE, ""ICE"", """") ) ) AS ?vehicle ) FILTER(?vehicle != """") BIND( IF(?vehicle = ""BEV"", 1, IF(?vehicle = ""BEHV"", 2, IF(?vehicle = ""ICE"", 3, 4) ) ) AS ?ord ) } ORDER BY ?ord",,
EFFKGQA0115,Return reported shortages grouped by shortage status.,shortage,llm_or_ranking,direct_graph_supported,auto_answer,capability_inventory,0,1,2,,"[{""companyCount"": ""3"", ""shortageStatus"": ""no""}, {""companyCount"": ""6"", ""shortageStatus"": ""yes""}]","Answer: The query returned 2 row(s). Results: shortage status: no, company count: 3; shortage status: yes, company count: 6.",,"SELECT ?shortageStatus (COUNT(?company) AS ?companyCount) WHERE { VALUES (?surveyClass ?surveyGroup) { (survey:OEM_Survey ""OEM"") (survey:Tier1_Survey ""Tier1"") (survey:Semiconductor_Survey ""Semiconductor"") } ?company a survey:Company ; survey:hasSurveyOrigin ?origin ; survey:reportsShortage ?shortage . ?origin a ?surveyClass . BIND(IF(?shortage = true, ""yes"", ""no"") AS ?shortageStatus) } GROUP BY ?shortageStatus ORDER BY ?shortageStatus",,
EFFKGQA0116,Can you use the graph to show semiconductor current demand by region?,regional_demand,llm_or_ranking,direct_graph_supported,auto_answer,capability_inventory,0,1,5,,"[{""regionName"": ""Americas"", ""totalDemand"": ""35.0""}, {""regionName"": ""Asia Pacific/All Other"", ""totalDemand"": ""10.0""}, {""regionName"": ""Asia Pacific/China"", ""totalDemand"": ""20.0""}, {""regionName"": ""Europe"", ""totalDemand"": ""25.0""}, {""regionName"": ""Japan"", ""totalDemand"": ""10.0""}]","Answer: Regional demand returned 5 grouped row(s). Groups: region name: Americas, total demand: 35.0; region name: All Other, total demand: 10.0; region name: China, total demand: 20.0; region name: Europe, total demand: 25.0; region name: Japan, total demand: 10.0.",,"SELECT ?regionName (SUM(?demand) AS ?totalDemand) WHERE { BIND(""Semiconductor"" AS ?surveyGroup) ?entry a survey:DemandForRegion ; survey:hasSurveyOrigin ?origin ; survey:inRegion ?region ; survey:totalDemand ?demand . ?origin a survey:Semiconductor_Survey . ?region survey:regionName ?regionName . } GROUP BY ?regionName ORDER BY ?regionName",,
EFFKGQA0117,Summarize actual vehicle sales over vehicle type.,vehicle_sales,llm_or_ranking,llm_ranking,llm_ranking,infineon,1,4,0,,,Answer: No results returned for the given query.,selected_best_executable_candidate,"SELECT ?vehicleType (SUM(?unitsSold) AS ?totalSales) WHERE { ?obs a survey:VehicleSalesObservation ; survey:hasVehicleType ?vehicle ; survey:unitsSold ?unitsSold ; survey:isActualData true . BIND(REPLACE(STR(?vehicle), '^.*/', '') AS ?vehicleType) } GROUP BY ?vehicleType ORDER BY DESC(?totalSales)",,
EFFKGQA0118,"For the survey data, how does future demand evolve across technology category?",future_demand,direct_capability,llm_ranking,llm_ranking,validated_retrieval,1,9,1,,"[{""avgFutureChange"": ""36.1225"", ""techLabel"": ""TechCategory_180nm_or_greater""}]","Answer: The query returned 1 row(s). Results: tech label: TechCategory_180nm_or_greater, avg future change: 36.1225.",kept_selected_nonempty,"SELECT ?techLabel (AVG(?pct) AS ?avgFutureChange) WHERE { ?entry a survey:FutureDemandAnalysis ; survey:analyzesTechnologyCategory ?tech ; survey:percentageChange ?pct . BIND(REPLACE(STR(?tech), '^.*/', '') AS ?techLabel) } GROUP BY ?techLabel ORDER BY DESC(?avgFutureChange) LIMIT 1",,
EFFKGQA0119,"Using the True Demand KG, show the average future demand change for every region?",future_demand,direct_capability,direct_graph_supported,auto_answer,capability_inventory,0,1,5,,"[{""avgPercentageChange"": ""1993696.795238095238095238095238"", ""regionName"": ""Americas""}, {""avgPercentageChange"": ""1092445.9"", ""regionName"": ""Asia Pacific/All Other""}, {""avgPercentageChange"": ""2386112.016666666666666666666667"", ""regionName"": ""Asia Pacific/China""}, {""avgPercentageChange"": ""1491199.795238095238095238095238"", ""regionName"": ""Europe""}, {""avgPercentageChange"": ""369089.207142857142857142857143"", ""regionName"": ""Japan""}]","Answer: The query returned 5 row(s). Results: region name: Americas, avg percentage change: 1993696.795238095238095238095238; region name: Asia Pacific/All Other, avg percentage change: 1092445.9; region name: Asia Pacific/China, avg percentage change: 2386112.016666666666666666666667; region name: Europe, avg percentage change: 1491199.795238095238095238095238; region name: Japan, avg percentage change: 369089.207142857142857142857143.",,SELECT ?regionName (AVG(?pct) AS ?avgPercentageChange) WHERE { ?entry a survey:DemandForRegion ; survey:inRegion ?region ; survey:totalDemandPercentageChange ?pct . ?region survey:regionName ?regionName . } GROUP BY ?regionName ORDER BY ?regionName,,
EFFKGQA0120,Which component appears most often in inventory development?,inventory,llm_or_ranking,direct_graph_supported,auto_answer,capability_inventory,0,1,9,,"[{""component"": ""Component_EV"", ""participantTotal"": ""1"", ""trend"": ""Decrease""}, {""component"": ""Component_EV"", ""participantTotal"": ""1"", ""trend"": ""Increase""}, {""component"": ""Component_EV"", ""participantTotal"": ""3"", ""trend"": ""Stable""}, {""component"": ""Component_both"", ""participantTotal"": ""1"", ""trend"": ""Decrease""}, {""component"": ""Component_both"", ""participantTotal"": ""1"", ""trend"": ""Increase""}, {""component"": ""Component_both"", ""participantTotal"": ""3"", ""trend"": ""Stable""}, {""component"": ""Component_non_EV"", ""participantTotal"": ""1"", ""trend"": ""Decrease""}, {""component"": ""Component_non_EV"", ""participantTotal"": ""1"", ""trend"": ""Increase""}, {""component"": ""Component_non_EV"", ""participantTotal"": ""3"", ""trend"": ""S...","Answer: The query returned 9 row(s). First results: component: Component_EV, trend: Decrease, participant total: 1; component: Component_EV, trend: Increase, participant total: 1; component: Component_EV, trend: Stable, participant total: 3; component: Component_both, trend: Decrease, participant total: 1; component: Component_both, trend: Increase, participant total: 1; component: Component_both, trend: Stable, participant total: 3; component: Component_non_EV, trend: Decrease, participant total: 1; component: Component_non_EV, trend: Increase, participant total: 1.",,SELECT ?component ?trend (SUM(?participants) AS ?participantTotal) WHERE { ?entry a survey:InventoryDevelopment_Tier1 ; survey:forComponent ?component ; survey:inventoryTrend ?trend ; survey:participantCount ?participants . } GROUP BY ?component ?trend ORDER BY ?component ?trend,,
EFFKGQA0121,Compare shortage information by technology category.,shortage,llm_or_ranking,llm_ranking,llm_ranking,validated_retrieval,1,13,40,,"[{""quarterLabel"": ""Quarter_Current_Quarter"", ""techLabel"": ""TechCategory_%3C%3D_7nm"", ""totalFutureChange"": ""27.09""}, {""quarterLabel"": ""Quarter_Q1_2026"", ""techLabel"": ""TechCategory_%3C%3D_7nm"", ""totalFutureChange"": ""3.99""}, {""quarterLabel"": ""Quarter_Q2_2025"", ""techLabel"": ""TechCategory_%3C%3D_7nm"", ""totalFutureChange"": ""165.57""}, {""quarterLabel"": ""Quarter_Q2_2026"", ""techLabel"": ""TechCategory_%3C%3D_7nm"", ""totalFutureChange"": ""3.0""}, {""quarterLabel"": ""Quarter_Q3_2025"", ""techLabel"": ""TechCategory_%3C%3D_7nm"", ""totalFutureChange"": ""-63.42""}, {""quarterLabel"": ""Quarter_Q3_2026"", ""techLabel"": ""TechCategory_%3C%3D_7nm"", ""totalFutureChange"": ""52.17""}, {""quarterLabel"": ""Quarter_Q4_2025"", ""techLabel""...",Answer: Future-demand results returned 40 grouped row(s). The highest total future-demand change is TechCategory <= 7nm in Quarter Q2 2025 with 165.57. The lowest is TechCategory <= 7nm in Quarter Q3 2025 with -63.42.,selected_best_executable_candidate,"SELECT ?techLabel ?quarterLabel (SUM(?pct) AS ?totalFutureChange) WHERE { ?entry a survey:FutureDemandAnalysis ; survey:analyzesTechnologyCategory ?tech ; survey:forTimePeriod ?quarter ; survey:percentageChange ?pct . BIND(REPLACE(STR(?tech), '^.*/', '') AS ?techLabel) BIND(REPLACE(STR(?quarter), '^.*/', '') AS ?quarterLabel) } GROUP BY ?techLabel ?quarterLabel ORDER BY ?techLabel ?quarterLabel",,
EFFKGQA0122,Can you compare regional demand across vehicle type?,regional_demand,llm_or_ranking,llm_ranking,llm_ranking,validated_retrieval,1,6,24,,"[{""avgChange"": ""-0.83"", ""quarterLabel"": ""time_Current_Quarter"", ""vehicleType"": ""BEHV""}, {""avgChange"": ""-1.66"", ""quarterLabel"": ""time_Q1_2026"", ""vehicleType"": ""BEHV""}, {""avgChange"": ""1.68"", ""quarterLabel"": ""time_Q2_2025"", ""vehicleType"": ""BEHV""}, {""avgChange"": ""4.24"", ""quarterLabel"": ""time_Q2_2026"", ""vehicleType"": ""BEHV""}, {""avgChange"": ""-8.17"", ""quarterLabel"": ""time_Q3_2025"", ""vehicleType"": ""BEHV""}, {""avgChange"": ""4.07"", ""quarterLabel"": ""time_Q3_2026"", ""vehicleType"": ""BEHV""}, {""avgChange"": ""8.02"", ""quarterLabel"": ""time_Q4_2025"", ""vehicleType"": ""BEHV""}, {""avgChange"": ""4.69"", ""quarterLabel"": ""time_Q4_2026"", ""vehicleType"": ""BEHV""}, {""avgChange"": ""6.67"", ""quarterLabel"": ""time_Current_Quarter"",...",Answer: Future-demand results returned 24 grouped row(s). The highest average future-demand percentage change is BEV in time Q2 2025 with 15.63. The lowest is BEV in time Q3 2025 with -17.84.,switched_to_nonempty_candidate,"SELECT ?vehicleType ?quarterLabel (AVG(?pct) AS ?avgChange) WHERE { ?entry a survey:FutureDemandAnalysis ; survey:analyzesVehicleType ?vehicle ; survey:forTimePeriod ?quarter ; survey:percentageChange ?pct . BIND(REPLACE(STR(?vehicle), '^.*/', '') AS ?vehicleType) BIND(REPLACE(STR(?quarter), '^.*/', '') AS ?quarterLabel) } GROUP BY ?vehicleType ?quarterLabel ORDER BY ?vehicleType ?quarterLabel",,
EFFKGQA0123,Show average autonomous driving development by vehicle type.,autonomous_driving,llm_or_ranking,direct_graph_supported,auto_answer,capability_inventory,0,1,3,,"[{""avgPercentage"": ""62.0"", ""vehicleType"": ""BEHV""}, {""avgPercentage"": ""62.0"", ""vehicleType"": ""BEV""}, {""avgPercentage"": ""62.0"", ""vehicleType"": ""ICE""}]","Answer: Autonomous-driving development returned 3 grouped row(s). Groups: vehicle type: BEHV, avg percentage: 62.0; vehicle type: BEV, avg percentage: 62.0; vehicle type: ICE, avg percentage: 62.0.",,"SELECT ?vehicleType (AVG(?pct) AS ?avgPercentage) WHERE { ?entry a survey:AutonomousDrivingDevelopment ; survey:hasVehicleType ?vehicle ; survey:hasPercentage ?pct . BIND(REPLACE(STR(?vehicle), ""^.*/"", """") AS ?vehicleType) } GROUP BY ?vehicleType ORDER BY ?vehicleType",,
EFFKGQA0124,Please compare Tier1 current demand across region?,regional_demand,llm_or_ranking,direct_graph_supported,auto_answer,capability_inventory,0,1,5,,"[{""regionName"": ""Americas"", ""totalDemand"": ""30.0""}, {""regionName"": ""Asia Pacific/All Other"", ""totalDemand"": ""10.0""}, {""regionName"": ""Asia Pacific/China"", ""totalDemand"": ""15.0""}, {""regionName"": ""Europe"", ""totalDemand"": ""30.0""}, {""regionName"": ""Japan"", ""totalDemand"": ""15.0""}]","Answer: Regional demand returned 5 grouped row(s). Groups: region name: Americas, total demand: 30.0; region name: All Other, total demand: 10.0; region name: China, total demand: 15.0; region name: Europe, total demand: 30.0; region name: Japan, total demand: 15.0.",,"SELECT ?regionName (SUM(?demand) AS ?totalDemand) WHERE { BIND(""Tier1"" AS ?surveyGroup) ?entry a survey:DemandForRegion ; survey:hasSurveyOrigin ?origin ; survey:inRegion ?region ; survey:totalDemand ?demand . ?origin a survey:Tier1_Survey . ?region survey:regionName ?regionName . } GROUP BY ?regionName ORDER BY ?regionName",,
EFFKGQA0125,Can you return a breakdown of Tier1 current demand by region?,regional_demand,llm_or_ranking,direct_graph_supported,auto_answer,capability_inventory,0,1,5,,"[{""regionName"": ""Americas"", ""totalDemand"": ""30.0""}, {""regionName"": ""Asia Pacific/All Other"", ""totalDemand"": ""10.0""}, {""regionName"": ""Asia Pacific/China"", ""totalDemand"": ""15.0""}, {""regionName"": ""Europe"", ""totalDemand"": ""30.0""}, {""regionName"": ""Japan"", ""totalDemand"": ""15.0""}]","Answer: Regional demand returned 5 grouped row(s). Groups: region name: Americas, total demand: 30.0; region name: All Other, total demand: 10.0; region name: China, total demand: 15.0; region name: Europe, total demand: 30.0; region name: Japan, total demand: 15.0.",,"SELECT ?regionName (SUM(?demand) AS ?totalDemand) WHERE { BIND(""Tier1"" AS ?surveyGroup) ?entry a survey:DemandForRegion ; survey:hasSurveyOrigin ?origin ; survey:inRegion ?region ; survey:totalDemand ?demand . ?origin a survey:Tier1_Survey . ?region survey:regionName ?regionName . } GROUP BY ?regionName ORDER BY ?regionName",,
EFFKGQA0126,Which vehicle type has the highest autonomous driving development?,autonomous_driving,llm_or_ranking,direct_graph_supported,auto_answer,capability_inventory,0,1,3,,"[{""avgPercentage"": ""62.0"", ""vehicleType"": ""BEHV""}, {""avgPercentage"": ""62.0"", ""vehicleType"": ""BEV""}, {""avgPercentage"": ""62.0"", ""vehicleType"": ""ICE""}]",Answer: Autonomous-driving development returned 3 row(s). The highest returned avg percentage is BEHV with 62.,,"SELECT ?vehicleType (AVG(?pct) AS ?avgPercentage) WHERE { ?entry a survey:AutonomousDrivingDevelopment ; survey:hasVehicleType ?vehicle ; survey:hasPercentage ?pct . BIND(REPLACE(STR(?vehicle), ""^.*/"", """") AS ?vehicleType) } GROUP BY ?vehicleType ORDER BY ?vehicleType",,
EFFKGQA0127,"Using the True Demand KG, use the graph to show regional demand by region?",regional_demand,llm_or_ranking,direct_graph_supported,auto_answer,capability_inventory,0,1,15,,"[{""regionName"": ""Americas"", ""surveyGroup"": ""OEM"", ""totalDemand"": ""67744458.0""}, {""regionName"": ""Asia Pacific/All Other"", ""surveyGroup"": ""OEM"", ""totalDemand"": ""37293303.0""}, {""regionName"": ""Asia Pacific/China"", ""surveyGroup"": ""OEM"", ""totalDemand"": ""77885298.0""}, {""regionName"": ""Europe"", ""surveyGroup"": ""OEM"", ""totalDemand"": ""51729003.0""}, {""regionName"": ""Japan"", ""surveyGroup"": ""OEM"", ""totalDemand"": ""14117148.0""}, {""regionName"": ""Americas"", ""surveyGroup"": ""Semiconductor"", ""totalDemand"": ""35.0""}, {""regionName"": ""Asia Pacific/All Other"", ""surveyGroup"": ""Semiconductor"", ""totalDemand"": ""10.0""}, {""regionName"": ""Asia Pacific/China"", ""surveyGroup"": ""Semiconductor"", ""totalDemand"": ""20.0""}, {""regionN...","Answer: Regional demand returned 15 grouped row(s). First groups: survey group: OEM, region name: Americas, total demand: 67744458.0; survey group: OEM, region name: All Other, total demand: 37293303.0; survey group: OEM, region name: China, total demand: 77885298.0; survey group: OEM, region name: Europe, total demand: 51729003.0; survey group: OEM, region name: Japan, total demand: 14117148.0; survey group: Semiconductor, region name: Americas, total demand: 35.0; survey group: Semiconductor, region name: All Other, total demand: 10.0; survey group: Semiconductor, region name: China, total demand: 20.0.",,"SELECT ?surveyGroup ?regionName (SUM(?demand) AS ?totalDemand) WHERE { VALUES (?surveyClass ?surveyGroup) { (survey:OEM_Survey ""OEM"") (survey:Tier1_Survey ""Tier1"") (survey:Semiconductor_Survey ""Semiconductor"") } ?entry a survey:DemandForRegion ; survey:hasSurveyOrigin ?origin ; survey:inRegion ?region ; survey:totalDemand ?demand . ?origin a ?surveyClass . ?region survey:regionName ?regionName . } GROUP BY ?surveyGroup ?regionName ORDER BY ?surveyGroup ?regionName",,
EFFKGQA0128,Use the graph to show current demand by survey group.,regional_demand,llm_or_ranking,direct_graph_supported,auto_answer,capability_inventory,0,1,3,,"[{""surveyGroup"": ""OEM"", ""totalDemand"": ""248769210.0""}, {""surveyGroup"": ""Semiconductor"", ""totalDemand"": ""100.0""}, {""surveyGroup"": ""Tier1"", ""totalDemand"": ""100.0""}]","Answer: The query returned 3 row(s). Results: survey group: OEM, total demand: 248769210.0; survey group: Semiconductor, total demand: 100.0; survey group: Tier1, total demand: 100.0.",,"SELECT ?surveyGroup (SUM(?demand) AS ?totalDemand) WHERE { VALUES (?surveyClass ?surveyGroup) { (survey:OEM_Survey ""OEM"") (survey:Tier1_Survey ""Tier1"") (survey:Semiconductor_Survey ""Semiconductor"") } ?entry a survey:DemandForRegion ; survey:hasSurveyOrigin ?origin ; survey:totalDemand ?demand . ?origin a ?surveyClass . } GROUP BY ?surveyGroup ORDER BY ?surveyGroup",,
EFFKGQA0129,Show total demand by quarter.,regional_demand,llm_or_ranking,llm_ranking,llm_ranking,validated_retrieval,1,10,35,,"[{""quarterLabel"": ""Q1 2026"", ""regionName"": ""Americas"", ""totalPctChange"": ""0.0""}, {""quarterLabel"": ""Q1 2026"", ""regionName"": ""Asia Pacific/All Other"", ""totalPctChange"": ""0.0""}, {""quarterLabel"": ""Q1 2026"", ""regionName"": ""Asia Pacific/China"", ""totalPctChange"": ""0.0""}, {""quarterLabel"": ""Q1 2026"", ""regionName"": ""Europe"", ""totalPctChange"": ""0.0""}, {""quarterLabel"": ""Q1 2026"", ""regionName"": ""Japan"", ""totalPctChange"": ""0.0""}, {""quarterLabel"": ""Q2 2025"", ""regionName"": ""Americas"", ""totalPctChange"": ""10.8""}, {""quarterLabel"": ""Q2 2025"", ""regionName"": ""Asia Pacific/All Other"", ""totalPctChange"": ""3.6""}, {""quarterLabel"": ""Q2 2025"", ""regionName"": ""Asia Pacific/China"", ""totalPctChange"": ""5.4""}, {""quarterLab...","Answer: The query returned 35 row(s). First results: quarter label: Q1 2026, region name: Americas, total pct change: 0.0; quarter label: Q1 2026, region name: Asia Pacific/All Other, total pct change: 0.0; quarter label: Q1 2026, region name: Asia Pacific/China, total pct change: 0.0; quarter label: Q1 2026, region name: Europe, total pct change: 0.0; quarter label: Q1 2026, region name: Japan, total pct change: 0.0; quarter label: Q2 2025, region name: Americas, total pct change: 10.8; quarter label: Q2 2025, region name: Asia Pacific/All Other, total pct change: 3.6; quarter label: Q2 2025, region name: Asia Pacific/China, total pct change: 5.4.",selected_best_executable_candidate,SELECT ?quarterLabel ?regionName (SUM(?pct) AS ?totalPctChange) WHERE { ?d a survey:DemandForRegion ; survey:hasSurveyOrigin ?o ; survey:inRegion ?r ; survey:quarter ?q ; survey:totalDemandPercentageChange ?pct . ?o a survey:Tier1_Survey . ?r survey:regionName ?regionName . ?q survey:periodLabel ?quarterLabel . } GROUP BY ?quarterLabel ?regionName ORDER BY ?quarterLabel ?regionName,,
EFFKGQA0130,Compare self-driving development across year.,autonomous_driving,llm_or_ranking,direct_graph_supported,auto_answer,capability_inventory,0,1,3,,"[{""avgPercentage"": ""42.0"", ""year"": ""2025""}, {""avgPercentage"": ""62.0"", ""year"": ""2026""}, {""avgPercentage"": ""82.0"", ""year"": ""2027""}]","Answer: The query returned 3 row(s). Results: year: 2025, avg percentage: 42.0; year: 2026, avg percentage: 62.0; year: 2027, avg percentage: 82.0.",,SELECT ?year (AVG(?pct) AS ?avgPercentage) WHERE { ?entry a survey:AutonomousDrivingDevelopment ; survey:hasYear ?year ; survey:hasPercentage ?pct . } GROUP BY ?year ORDER BY ?year,,
EFFKGQA0131,Use the graph to show total demand by region.,regional_demand,llm_or_ranking,direct_graph_supported,auto_answer,capability_inventory,0,1,15,,"[{""regionName"": ""Americas"", ""surveyGroup"": ""OEM"", ""totalDemand"": ""67744458.0""}, {""regionName"": ""Asia Pacific/All Other"", ""surveyGroup"": ""OEM"", ""totalDemand"": ""37293303.0""}, {""regionName"": ""Asia Pacific/China"", ""surveyGroup"": ""OEM"", ""totalDemand"": ""77885298.0""}, {""regionName"": ""Europe"", ""surveyGroup"": ""OEM"", ""totalDemand"": ""51729003.0""}, {""regionName"": ""Japan"", ""surveyGroup"": ""OEM"", ""totalDemand"": ""14117148.0""}, {""regionName"": ""Americas"", ""surveyGroup"": ""Semiconductor"", ""totalDemand"": ""35.0""}, {""regionName"": ""Asia Pacific/All Other"", ""surveyGroup"": ""Semiconductor"", ""totalDemand"": ""10.0""}, {""regionName"": ""Asia Pacific/China"", ""surveyGroup"": ""Semiconductor"", ""totalDemand"": ""20.0""}, {""regionN...","Answer: Regional demand returned 15 grouped row(s). First groups: survey group: OEM, region name: Americas, total demand: 67744458.0; survey group: OEM, region name: All Other, total demand: 37293303.0; survey group: OEM, region name: China, total demand: 77885298.0; survey group: OEM, region name: Europe, total demand: 51729003.0; survey group: OEM, region name: Japan, total demand: 14117148.0; survey group: Semiconductor, region name: Americas, total demand: 35.0; survey group: Semiconductor, region name: All Other, total demand: 10.0; survey group: Semiconductor, region name: China, total demand: 20.0.",,"SELECT ?surveyGroup ?regionName (SUM(?demand) AS ?totalDemand) WHERE { VALUES (?surveyClass ?surveyGroup) { (survey:OEM_Survey ""OEM"") (survey:Tier1_Survey ""Tier1"") (survey:Semiconductor_Survey ""Semiconductor"") } ?entry a survey:DemandForRegion ; survey:hasSurveyOrigin ?origin ; survey:inRegion ?region ; survey:totalDemand ?demand . ?origin a ?surveyClass . ?region survey:regionName ?regionName . } GROUP BY ?surveyGroup ?regionName ORDER BY ?surveyGroup ?regionName",,
EFFKGQA0132,Return a breakdown of total demand by region.,regional_demand,llm_or_ranking,direct_graph_supported,auto_answer,capability_inventory,0,1,15,,"[{""regionName"": ""Americas"", ""surveyGroup"": ""OEM"", ""totalDemand"": ""67744458.0""}, {""regionName"": ""Asia Pacific/All Other"", ""surveyGroup"": ""OEM"", ""totalDemand"": ""37293303.0""}, {""regionName"": ""Asia Pacific/China"", ""surveyGroup"": ""OEM"", ""totalDemand"": ""77885298.0""}, {""regionName"": ""Europe"", ""surveyGroup"": ""OEM"", ""totalDemand"": ""51729003.0""}, {""regionName"": ""Japan"", ""surveyGroup"": ""OEM"", ""totalDemand"": ""14117148.0""}, {""regionName"": ""Americas"", ""surveyGroup"": ""Semiconductor"", ""totalDemand"": ""35.0""}, {""regionName"": ""Asia Pacific/All Other"", ""surveyGroup"": ""Semiconductor"", ""totalDemand"": ""10.0""}, {""regionName"": ""Asia Pacific/China"", ""surveyGroup"": ""Semiconductor"", ""totalDemand"": ""20.0""}, {""regionN...","Answer: Regional demand returned 15 grouped row(s). First groups: survey group: OEM, region name: Americas, total demand: 67744458.0; survey group: OEM, region name: All Other, total demand: 37293303.0; survey group: OEM, region name: China, total demand: 77885298.0; survey group: OEM, region name: Europe, total demand: 51729003.0; survey group: OEM, region name: Japan, total demand: 14117148.0; survey group: Semiconductor, region name: Americas, total demand: 35.0; survey group: Semiconductor, region name: All Other, total demand: 10.0; survey group: Semiconductor, region name: China, total demand: 20.0.",,"SELECT ?surveyGroup ?regionName (SUM(?demand) AS ?totalDemand) WHERE { VALUES (?surveyClass ?surveyGroup) { (survey:OEM_Survey ""OEM"") (survey:Tier1_Survey ""Tier1"") (survey:Semiconductor_Survey ""Semiconductor"") } ?entry a survey:DemandForRegion ; survey:hasSurveyOrigin ?origin ; survey:inRegion ?region ; survey:totalDemand ?demand . ?origin a ?surveyClass . ?region survey:regionName ?regionName . } GROUP BY ?surveyGroup ?regionName ORDER BY ?surveyGroup ?regionName",,
EFFKGQA0133,Count semiconductor shortage responses for each survey group.,shortage,llm_or_ranking,direct_graph_supported,auto_answer,capability_inventory,0,1,2,,"[{""companyCount"": ""1"", ""shortageStatus"": ""no"", ""surveyGroup"": ""Semiconductor""}, {""companyCount"": ""2"", ""shortageStatus"": ""yes"", ""surveyGroup"": ""Semiconductor""}]","Answer: The query returned 2 row(s). Results: survey group: Semiconductor, shortage status: no, company count: 1; survey group: Semiconductor, shortage status: yes, company count: 2.",,"SELECT ?surveyGroup ?shortageStatus (COUNT(?company) AS ?companyCount) WHERE { BIND(""Semiconductor"" AS ?surveyGroup) ?company a survey:Company ; survey:hasSurveyOrigin ?origin ; survey:reportsShortage ?shortage . ?origin a survey:Semiconductor_Survey . BIND(IF(?shortage = true, ""yes"", ""no"") AS ?shortageStatus) } GROUP BY ?surveyGroup ?shortageStatus ORDER BY ?surveyGroup ?shortageStatus",,
EFFKGQA0134,Compare inventory trend by technology category.,inventory,llm_or_ranking,direct_graph_supported,auto_answer,capability_inventory,0,1,9,,"[{""entryCount"": ""1"", ""technologyCategory"": ""10nm_to_%3C28nm"", ""trend"": ""Decrease""}, {""entryCount"": ""1"", ""technologyCategory"": ""10nm_to_%3C28nm"", ""trend"": ""Increase""}, {""entryCount"": ""1"", ""technologyCategory"": ""180nm_or_greater"", ""trend"": ""Decrease""}, {""entryCount"": ""1"", ""technologyCategory"": ""180nm_or_greater"", ""trend"": ""Stable""}, {""entryCount"": ""1"", ""technologyCategory"": ""28nm_to_%3C45nm"", ""trend"": ""Decrease""}, {""entryCount"": ""1"", ""technologyCategory"": ""28nm_to_%3C45nm"", ""trend"": ""Stable""}, {""entryCount"": ""1"", ""technologyCategory"": ""55nm_to_180nm"", ""trend"": ""Increase""}, {""entryCount"": ""1"", ""technologyCategory"": ""55nm_to_180nm"", ""trend"": ""Stable""}, {""entryCount"": ""2"", ""technologyCategory""...","Answer: The query returned 9 row(s). First results: technology category: 10nm_to_%3C28nm, trend: Decrease, entry count: 1; technology category: 10nm_to_%3C28nm, trend: Increase, entry count: 1; technology category: 180nm_or_greater, trend: Decrease, entry count: 1; technology category: 180nm_or_greater, trend: Stable, entry count: 1; technology category: 28nm_to_%3C45nm, trend: Decrease, entry count: 1; technology category: 28nm_to_%3C45nm, trend: Stable, entry count: 1; technology category: 55nm_to_180nm, trend: Increase, entry count: 1; technology category: 55nm_to_180nm, trend: Stable, entry count: 1.",,"SELECT ?technologyCategory ?trend (COUNT(?entry) AS ?entryCount) WHERE { ?entry a survey:InventoryDevelopment_Semi ; survey:forTechnologyCategory ?technology ; survey:hasInventoryTrend ?trend . BIND(REPLACE(STR(?technology), ""^.*/"", """") AS ?technologyCategory) } GROUP BY ?technologyCategory ?trend ORDER BY ?technologyCategory ?trend",,
EFFKGQA0135,What is the total regional demand for each region?,regional_demand,llm_or_ranking,direct_graph_supported,auto_answer,capability_inventory,0,1,15,,"[{""regionName"": ""Americas"", ""surveyGroup"": ""OEM"", ""totalDemand"": ""67744458.0""}, {""regionName"": ""Asia Pacific/All Other"", ""surveyGroup"": ""OEM"", ""totalDemand"": ""37293303.0""}, {""regionName"": ""Asia Pacific/China"", ""surveyGroup"": ""OEM"", ""totalDemand"": ""77885298.0""}, {""regionName"": ""Europe"", ""surveyGroup"": ""OEM"", ""totalDemand"": ""51729003.0""}, {""regionName"": ""Japan"", ""surveyGroup"": ""OEM"", ""totalDemand"": ""14117148.0""}, {""regionName"": ""Americas"", ""surveyGroup"": ""Semiconductor"", ""totalDemand"": ""35.0""}, {""regionName"": ""Asia Pacific/All Other"", ""surveyGroup"": ""Semiconductor"", ""totalDemand"": ""10.0""}, {""regionName"": ""Asia Pacific/China"", ""surveyGroup"": ""Semiconductor"", ""totalDemand"": ""20.0""}, {""regionN...","Answer: Regional demand returned 15 grouped row(s). First groups: survey group: OEM, region name: Americas, total demand: 67744458.0; survey group: OEM, region name: All Other, total demand: 37293303.0; survey group: OEM, region name: China, total demand: 77885298.0; survey group: OEM, region name: Europe, total demand: 51729003.0; survey group: OEM, region name: Japan, total demand: 14117148.0; survey group: Semiconductor, region name: Americas, total demand: 35.0; survey group: Semiconductor, region name: All Other, total demand: 10.0; survey group: Semiconductor, region name: China, total demand: 20.0.",,"SELECT ?surveyGroup ?regionName (SUM(?demand) AS ?totalDemand) WHERE { VALUES (?surveyClass ?surveyGroup) { (survey:OEM_Survey ""OEM"") (survey:Tier1_Survey ""Tier1"") (survey:Semiconductor_Survey ""Semiconductor"") } ?entry a survey:DemandForRegion ; survey:hasSurveyOrigin ?origin ; survey:inRegion ?region ; survey:totalDemand ?demand . ?origin a ?surveyClass . ?region survey:regionName ?regionName . } GROUP BY ?surveyGroup ?regionName ORDER BY ?surveyGroup ?regionName",,
EFFKGQA0136,Count shortage status for each shortage status.,shortage,llm_or_ranking,direct_graph_supported,auto_answer,capability_inventory,0,1,2,,"[{""companyCount"": ""3"", ""shortageStatus"": ""no""}, {""companyCount"": ""6"", ""shortageStatus"": ""yes""}]","Answer: The query returned 2 row(s). Results: shortage status: no, company count: 3; shortage status: yes, company count: 6.",,"SELECT ?shortageStatus (COUNT(?company) AS ?companyCount) WHERE { VALUES (?surveyClass ?surveyGroup) { (survey:OEM_Survey ""OEM"") (survey:Tier1_Survey ""Tier1"") (survey:Semiconductor_Survey ""Semiconductor"") } ?company a survey:Company ; survey:hasSurveyOrigin ?origin ; survey:reportsShortage ?shortage . ?origin a ?surveyClass . BIND(IF(?shortage = true, ""yes"", ""no"") AS ?shortageStatus) } GROUP BY ?shortageStatus ORDER BY ?shortageStatus",,
EFFKGQA0137,Give me semiconductor current demand grouped by quarter.,regional_demand,llm_or_ranking,llm_ranking,llm_ranking,infineon,1,5,0,,,Answer: No results returned for the given query.,selected_best_executable_candidate,"SELECT ?quarterLabel (SUM(?currentDemand) AS ?totalCurrentDemand) WHERE { ?analysis a survey:CurrentDemandAnalysis ; survey:hasSurveyOrigin survey:Semiconductor_Survey ; survey:forTimePeriod ?quarter ; survey:currentDemand ?currentDemand . BIND(REPLACE(STR(?quarter), '^.*/', '') AS ?quarterLabel) } GROUP BY ?quarterLabel ORDER BY ?quarterLabel",,
EFFKGQA0138,Please show Tier1 current demand by quarter?,regional_demand,llm_or_ranking,llm_ranking,llm_ranking,infineon,1,5,0,,,Answer: No results returned for the given query.,selected_best_executable_candidate,"SELECT ?quarterLabel (SUM(?pct) AS ?totalChange) WHERE { survey:Tier1CurrentDemand a survey:CurrentDemandAnalysis ; survey:hasAggregatedResult ?entry . ?entry survey:forTimePeriod ?quarter ; survey:percentageChange ?pct . BIND(REPLACE(STR(?quarter), '^.*/', '') AS ?quarterLabel) } GROUP BY ?quarterLabel ORDER BY ?quarterLabel",,
EFFKGQA0139,Show average self-driving development by survey group.,autonomous_driving,llm_or_ranking,llm_ranking,llm_ranking,infineon,1,5,0,,,Answer: No results returned for the given query.,selected_best_executable_candidate,"SELECT ?surveyType (AVG(?pct) AS ?avgPct) WHERE { VALUES (?surveyClass ?surveyType) { (survey:OEM_Survey 'OEM') (survey:Tier1_Survey 'Tier1') (survey:Semiconductor_Survey 'Semiconductor') } ?devClass a ?devType ; survey:hasSurveyOrigin ?origin ; survey:hasDetail ?entry . ?origin a ?surveyClass . FILTER(?devType IN (survey:AutonomousDrivingDevelopment_OEM, survey:AutonomousDrivingDevelopment_Tier1)) ?entry a survey:AutonomousDrivingDevelopment ; survey:hasPercentage ?pct . } GROUP BY ?surveyType ORDER BY ?surveyType",,
EFFKGQA0140,"Using the True Demand KG, what is the total OEM current demand for each region?",regional_demand,llm_or_ranking,direct_graph_supported,auto_answer,capability_inventory,0,1,5,,"[{""regionName"": ""Americas"", ""totalDemand"": ""67744458.0""}, {""regionName"": ""Asia Pacific/All Other"", ""totalDemand"": ""37293303.0""}, {""regionName"": ""Asia Pacific/China"", ""totalDemand"": ""77885298.0""}, {""regionName"": ""Europe"", ""totalDemand"": ""51729003.0""}, {""regionName"": ""Japan"", ""totalDemand"": ""14117148.0""}]","Answer: Regional demand returned 5 grouped row(s). Groups: region name: Americas, total demand: 67744458.0; region name: All Other, total demand: 37293303.0; region name: China, total demand: 77885298.0; region name: Europe, total demand: 51729003.0; region name: Japan, total demand: 14117148.0.",,"SELECT ?regionName (SUM(?demand) AS ?totalDemand) WHERE { BIND(""OEM"" AS ?surveyGroup) ?entry a survey:DemandForRegion ; survey:hasSurveyOrigin ?origin ; survey:inRegion ?region ; survey:totalDemand ?demand . ?origin a survey:OEM_Survey . ?region survey:regionName ?regionName . } GROUP BY ?regionName ORDER BY ?regionName",,
EFFKGQA0141,Count order cancellation for each response type.,order_cancellation,llm_or_ranking,direct_graph_supported,auto_answer,capability_inventory,0,1,3,,"[{""participantCount"": ""5"", ""responseType"": ""Decrease""}, {""participantCount"": ""5"", ""responseType"": ""Increase""}, {""participantCount"": ""5"", ""responseType"": ""Stable""}]",Answer: Order-cancellation results returned 3 row(s). The largest returned participant count is Decrease with 5.,,SELECT ?responseType (SUM(?participants) AS ?participantCount) WHERE { ?entry a survey:OrderCancellation ; survey:hasResponseType ?responseType ; survey:participantCount ?participants . } GROUP BY ?responseType ORDER BY ?responseType,,
EFFKGQA0142,Summarize total demand per survey group.,regional_demand,llm_or_ranking,llm_ranking,llm_ranking,validated_retrieval,1,13,5,,"[{""regionName"": ""Americas"", ""totalDemand"": ""30.0""}, {""regionName"": ""Europe"", ""totalDemand"": ""30.0""}, {""regionName"": ""Asia Pacific/China"", ""totalDemand"": ""15.0""}, {""regionName"": ""Japan"", ""totalDemand"": ""15.0""}, {""regionName"": ""Asia Pacific/All Other"", ""totalDemand"": ""10.0""}]","Answer: Regional demand returned 5 grouped row(s). Groups: region name: Americas, total demand: 30.0; region name: Europe, total demand: 30.0; region name: China, total demand: 15.0; region name: Japan, total demand: 15.0; region name: All Other, total demand: 10.0.",selected_best_executable_candidate,SELECT ?regionName (SUM(?units) AS ?totalDemand) WHERE { ?d a survey:DemandForRegion ; survey:hasSurveyOrigin ?o ; survey:inRegion ?r ; survey:totalDemand ?units . ?o a survey:Tier1_Survey . ?r survey:regionName ?regionName . } GROUP BY ?regionName ORDER BY DESC(?totalDemand),,
EFFKGQA0143,How does current demand vary by survey group?,regional_demand,llm_or_ranking,direct_graph_supported,auto_answer,capability_inventory,0,1,3,,"[{""surveyGroup"": ""OEM"", ""totalDemand"": ""248769210.0""}, {""surveyGroup"": ""Semiconductor"", ""totalDemand"": ""100.0""}, {""surveyGroup"": ""Tier1"", ""totalDemand"": ""100.0""}]","Answer: The query returned 3 row(s). Results: survey group: OEM, total demand: 248769210.0; survey group: Semiconductor, total demand: 100.0; survey group: Tier1, total demand: 100.0.",,"SELECT ?surveyGroup (SUM(?demand) AS ?totalDemand) WHERE { VALUES (?surveyClass ?surveyGroup) { (survey:OEM_Survey ""OEM"") (survey:Tier1_Survey ""Tier1"") (survey:Semiconductor_Survey ""Semiconductor"") } ?entry a survey:DemandForRegion ; survey:hasSurveyOrigin ?origin ; survey:totalDemand ?demand . ?origin a ?surveyClass . } GROUP BY ?surveyGroup ORDER BY ?surveyGroup",,
EFFKGQA0144,Summarize forecast vehicle sales over month.,vehicle_sales,llm_or_ranking,direct_graph_supported,auto_answer,capability_inventory,0,1,36,,"[{""monthLabel"": ""Apr 2024"", ""unitsSold"": ""6818720""}, {""monthLabel"": ""Apr 2025"", ""unitsSold"": ""7260983""}, {""monthLabel"": ""Apr 2026"", ""unitsSold"": ""7009380""}, {""monthLabel"": ""Aug 2024"", ""unitsSold"": ""6837967""}, {""monthLabel"": ""Aug 2025"", ""unitsSold"": ""6966169""}, {""monthLabel"": ""Aug 2026"", ""unitsSold"": ""6967132""}, {""monthLabel"": ""Dec 2024"", ""unitsSold"": ""8544327""}, {""monthLabel"": ""Dec 2025"", ""unitsSold"": ""8455087""}, {""monthLabel"": ""Dec 2026"", ""unitsSold"": ""8482982""}, {""monthLabel"": ""Feb 2024"", ""unitsSold"": ""5986188""}, {""monthLabel"": ""Feb 2025"", ""unitsSold"": ""6549728""}, {""monthLabel"": ""Feb 2026"", ""unitsSold"": ""6604305""}, {""monthLabel"": ""Jan 2024"", ""unitsSold"": ""6599305""}, {""monthLabel"": ""Jan ...","Answer: Vehicle-sales results returned 36 grouped row(s). First groups: month label: Apr 2024, units sold: 6818720; month label: Apr 2025, units sold: 7260983; month label: Apr 2026, units sold: 7009380; month label: Aug 2024, units sold: 6837967; month label: Aug 2025, units sold: 6966169; month label: Aug 2026, units sold: 6967132; month label: Dec 2024, units sold: 8544327; month label: Dec 2025, units sold: 8455087; month label: Dec 2026, units sold: 8482982; month label: Feb 2024, units sold: 5986188; month label: Feb 2025, units sold: 6549728; month label: Feb 2026, units sold: 6604305.",,"SELECT ?monthLabel (SUM(?units) AS ?unitsSold) WHERE { ?obs a survey:VehicleSalesObservation ; survey:isForecastData true ; survey:forTimePeriod ?month ; survey:unitsSold ?units . OPTIONAL { ?month survey:periodLabel ?periodLabel . } BIND(COALESCE(?periodLabel, REPLACE(STR(?month), ""^.*/"", """")) AS ?monthLabel) } GROUP BY ?monthLabel ORDER BY ?monthLabel",,
EFFKGQA0145,How many companies are in each technology category for shortage status?,shortage,llm_or_ranking,llm_ranking,llm_ranking,validated_retrieval,1,7,9,,"[{""entryCount"": ""1"", ""technologyCategory"": ""10nm_to_%3C28nm"", ""trend"": ""Decrease""}, {""entryCount"": ""1"", ""technologyCategory"": ""10nm_to_%3C28nm"", ""trend"": ""Increase""}, {""entryCount"": ""1"", ""technologyCategory"": ""180nm_or_greater"", ""trend"": ""Decrease""}, {""entryCount"": ""1"", ""technologyCategory"": ""180nm_or_greater"", ""trend"": ""Stable""}, {""entryCount"": ""1"", ""technologyCategory"": ""28nm_to_%3C45nm"", ""trend"": ""Decrease""}, {""entryCount"": ""1"", ""technologyCategory"": ""28nm_to_%3C45nm"", ""trend"": ""Stable""}, {""entryCount"": ""1"", ""technologyCategory"": ""55nm_to_180nm"", ""trend"": ""Increase""}, {""entryCount"": ""1"", ""technologyCategory"": ""55nm_to_180nm"", ""trend"": ""Stable""}, {""entryCount"": ""2"", ""technologyCategory""...","Answer: The query returned 9 row(s). First results: technology category: 10nm_to_%3C28nm, trend: Decrease, entry count: 1; technology category: 10nm_to_%3C28nm, trend: Increase, entry count: 1; technology category: 180nm_or_greater, trend: Decrease, entry count: 1; technology category: 180nm_or_greater, trend: Stable, entry count: 1; technology category: 28nm_to_%3C45nm, trend: Decrease, entry count: 1; technology category: 28nm_to_%3C45nm, trend: Stable, entry count: 1; technology category: 55nm_to_180nm, trend: Increase, entry count: 1; technology category: 55nm_to_180nm, trend: Stable, entry count: 1.",switched_to_nonempty_candidate,"SELECT ?technologyCategory ?trend (COUNT(?entry) AS ?entryCount) WHERE { ?entry a survey:InventoryDevelopment_Semi ; survey:forTechnologyCategory ?tech ; survey:hasInventoryTrend ?trend . BIND(REPLACE(STR(?tech), '^.*/', '') AS ?technologyCategory) } GROUP BY ?technologyCategory ?trend ORDER BY ?technologyCategory ?trend",,
EFFKGQA0146,"From the graph, compare semiconductor current demand across survey group?",regional_demand,llm_or_ranking,direct_graph_supported,auto_answer,capability_inventory,0,1,1,,"[{""surveyGroup"": ""Semiconductor"", ""totalDemand"": ""100.0""}]","Answer: The query returned 1 row(s). Results: survey group: Semiconductor, total demand: 100.0.",,"SELECT ?surveyGroup (SUM(?demand) AS ?totalDemand) WHERE { BIND(""Semiconductor"" AS ?surveyGroup) ?entry a survey:DemandForRegion ; survey:hasSurveyOrigin ?origin ; survey:totalDemand ?demand . ?origin a survey:Semiconductor_Survey . } GROUP BY ?surveyGroup ORDER BY ?surveyGroup",,
EFFKGQA0147,"From the graph, show current demand by survey group?",regional_demand,llm_or_ranking,direct_graph_supported,auto_answer,capability_inventory,0,1,3,,"[{""surveyGroup"": ""OEM"", ""totalDemand"": ""248769210.0""}, {""surveyGroup"": ""Semiconductor"", ""totalDemand"": ""100.0""}, {""surveyGroup"": ""Tier1"", ""totalDemand"": ""100.0""}]","Answer: The query returned 3 row(s). Results: survey group: OEM, total demand: 248769210.0; survey group: Semiconductor, total demand: 100.0; survey group: Tier1, total demand: 100.0.",,"SELECT ?surveyGroup (SUM(?demand) AS ?totalDemand) WHERE { VALUES (?surveyClass ?surveyGroup) { (survey:OEM_Survey ""OEM"") (survey:Tier1_Survey ""Tier1"") (survey:Semiconductor_Survey ""Semiconductor"") } ?entry a survey:DemandForRegion ; survey:hasSurveyOrigin ?origin ; survey:totalDemand ?demand . ?origin a ?surveyClass . } GROUP BY ?surveyGroup ORDER BY ?surveyGroup",,
EFFKGQA0148,"Can you for future demand, show the result by technology category?",future_demand,direct_capability,direct_graph_supported,auto_answer,capability_inventory,0,1,5,,"[{""avgPercentageChange"": ""12.24875"", ""technologyCategory"": ""TechCategory_%3C%3D_7nm""}, {""avgPercentageChange"": ""3.7225"", ""technologyCategory"": ""TechCategory_10nm_to_%3C28nm""}, {""avgPercentageChange"": ""36.1225"", ""technologyCategory"": ""TechCategory_180nm_or_greater""}, {""avgPercentageChange"": ""12.375"", ""technologyCategory"": ""TechCategory_28nm_to_%3C45nm""}, {""avgPercentageChange"": ""2.9525"", ""technologyCategory"": ""TechCategory_55nm_to_180nm""}]","Answer: The query returned 5 row(s). Results: technology category: TechCategory_%3C%3D_7nm, avg percentage change: 12.24875; technology category: TechCategory_10nm_to_%3C28nm, avg percentage change: 3.7225; technology category: TechCategory_180nm_or_greater, avg percentage change: 36.1225; technology category: TechCategory_28nm_to_%3C45nm, avg percentage change: 12.375; technology category: TechCategory_55nm_to_180nm, avg percentage change: 2.9525.",,"SELECT ?technologyCategory (AVG(?pct) AS ?avgPercentageChange) WHERE { ?entry a survey:FutureDemandAnalysis ; survey:analyzesTechnologyCategory ?technology ; survey:percentageChange ?pct . OPTIONAL { ?technology survey:technologyCategoryName ?technologyName . } BIND(COALESCE(?technologyName, REPLACE(STR(?technology), ""^.*/"", """")) AS ?technologyCategory) } GROUP BY ?technologyCategory ORDER BY ?technologyCategory",,
EFFKGQA0149,Show average autonomous driving development by year.,autonomous_driving,llm_or_ranking,direct_graph_supported,auto_answer,capability_inventory,0,1,3,,"[{""avgPercentage"": ""42.0"", ""year"": ""2025""}, {""avgPercentage"": ""62.0"", ""year"": ""2026""}, {""avgPercentage"": ""82.0"", ""year"": ""2027""}]","Answer: The query returned 3 row(s). Results: year: 2025, avg percentage: 42.0; year: 2026, avg percentage: 62.0; year: 2027, avg percentage: 82.0.",,SELECT ?year (AVG(?pct) AS ?avgPercentage) WHERE { ?entry a survey:AutonomousDrivingDevelopment ; survey:hasYear ?year ; survey:hasPercentage ?pct . } GROUP BY ?year ORDER BY ?year,,
EFFKGQA0150,Give a graph-backed breakdown of future demand by region.,future_demand,direct_capability,direct_graph_supported,auto_answer,capability_inventory,0,1,15,,"[{""regionName"": ""Americas"", ""surveyGroup"": ""OEM"", ""totalDemand"": ""67744458.0""}, {""regionName"": ""Asia Pacific/All Other"", ""surveyGroup"": ""OEM"", ""totalDemand"": ""37293303.0""}, {""regionName"": ""Asia Pacific/China"", ""surveyGroup"": ""OEM"", ""totalDemand"": ""77885298.0""}, {""regionName"": ""Europe"", ""surveyGroup"": ""OEM"", ""totalDemand"": ""51729003.0""}, {""regionName"": ""Japan"", ""surveyGroup"": ""OEM"", ""totalDemand"": ""14117148.0""}, {""regionName"": ""Americas"", ""surveyGroup"": ""Semiconductor"", ""totalDemand"": ""35.0""}, {""regionName"": ""Asia Pacific/All Other"", ""surveyGroup"": ""Semiconductor"", ""totalDemand"": ""10.0""}, {""regionName"": ""Asia Pacific/China"", ""surveyGroup"": ""Semiconductor"", ""totalDemand"": ""20.0""}, {""regionN...","Answer: Regional demand returned 15 grouped row(s). First groups: survey group: OEM, region name: Americas, total demand: 67744458.0; survey group: OEM, region name: All Other, total demand: 37293303.0; survey group: OEM, region name: China, total demand: 77885298.0; survey group: OEM, region name: Europe, total demand: 51729003.0; survey group: OEM, region name: Japan, total demand: 14117148.0; survey group: Semiconductor, region name: Americas, total demand: 35.0; survey group: Semiconductor, region name: All Other, total demand: 10.0; survey group: Semiconductor, region name: China, total demand: 20.0.",,"SELECT ?surveyGroup ?regionName (SUM(?demand) AS ?totalDemand) WHERE { VALUES (?surveyClass ?surveyGroup) { (survey:OEM_Survey ""OEM"") (survey:Tier1_Survey ""Tier1"") (survey:Semiconductor_Survey ""Semiconductor"") } ?entry a survey:DemandForRegion ; survey:hasSurveyOrigin ?origin ; survey:inRegion ?region ; survey:totalDemand ?demand . ?origin a ?surveyClass . ?region survey:regionName ?regionName . } GROUP BY ?surveyGroup ?regionName ORDER BY ?surveyGroup ?regionName",,
EFFKGQA0151,Use the graph to show total demand by quarter.,regional_demand,llm_or_ranking,llm_ranking,llm_ranking,validated_retrieval,1,10,35,,"[{""quarterLabel"": ""Q1 2026"", ""regionName"": ""Americas"", ""totalPctChange"": ""0.0""}, {""quarterLabel"": ""Q1 2026"", ""regionName"": ""Asia Pacific/All Other"", ""totalPctChange"": ""0.0""}, {""quarterLabel"": ""Q1 2026"", ""regionName"": ""Asia Pacific/China"", ""totalPctChange"": ""0.0""}, {""quarterLabel"": ""Q1 2026"", ""regionName"": ""Europe"", ""totalPctChange"": ""0.0""}, {""quarterLabel"": ""Q1 2026"", ""regionName"": ""Japan"", ""totalPctChange"": ""0.0""}, {""quarterLabel"": ""Q2 2025"", ""regionName"": ""Americas"", ""totalPctChange"": ""10.8""}, {""quarterLabel"": ""Q2 2025"", ""regionName"": ""Asia Pacific/All Other"", ""totalPctChange"": ""3.6""}, {""quarterLabel"": ""Q2 2025"", ""regionName"": ""Asia Pacific/China"", ""totalPctChange"": ""5.4""}, {""quarterLab...","Answer: The query returned 35 row(s). First results: quarter label: Q1 2026, region name: Americas, total pct change: 0.0; quarter label: Q1 2026, region name: Asia Pacific/All Other, total pct change: 0.0; quarter label: Q1 2026, region name: Asia Pacific/China, total pct change: 0.0; quarter label: Q1 2026, region name: Europe, total pct change: 0.0; quarter label: Q1 2026, region name: Japan, total pct change: 0.0; quarter label: Q2 2025, region name: Americas, total pct change: 10.8; quarter label: Q2 2025, region name: Asia Pacific/All Other, total pct change: 3.6; quarter label: Q2 2025, region name: Asia Pacific/China, total pct change: 5.4.",selected_best_executable_candidate,SELECT ?quarterLabel ?regionName (SUM(?pct) AS ?totalPctChange) WHERE { ?d a survey:DemandForRegion ; survey:hasSurveyOrigin ?o ; survey:inRegion ?r ; survey:quarter ?q ; survey:totalDemandPercentageChange ?pct . ?o a survey:Tier1_Survey . ?r survey:regionName ?regionName . ?q survey:periodLabel ?quarterLabel . } GROUP BY ?quarterLabel ?regionName ORDER BY ?quarterLabel ?regionName,,
EFFKGQA0152,Show regional demand by quarter.,regional_demand,llm_or_ranking,direct_graph_supported,auto_answer,capability_inventory,0,1,15,,"[{""regionName"": ""Americas"", ""surveyGroup"": ""OEM"", ""totalDemand"": ""67744458.0""}, {""regionName"": ""Asia Pacific/All Other"", ""surveyGroup"": ""OEM"", ""totalDemand"": ""37293303.0""}, {""regionName"": ""Asia Pacific/China"", ""surveyGroup"": ""OEM"", ""totalDemand"": ""77885298.0""}, {""regionName"": ""Europe"", ""surveyGroup"": ""OEM"", ""totalDemand"": ""51729003.0""}, {""regionName"": ""Japan"", ""surveyGroup"": ""OEM"", ""totalDemand"": ""14117148.0""}, {""regionName"": ""Americas"", ""surveyGroup"": ""Semiconductor"", ""totalDemand"": ""35.0""}, {""regionName"": ""Asia Pacific/All Other"", ""surveyGroup"": ""Semiconductor"", ""totalDemand"": ""10.0""}, {""regionName"": ""Asia Pacific/China"", ""surveyGroup"": ""Semiconductor"", ""totalDemand"": ""20.0""}, {""regionN...","Answer: Regional demand returned 15 grouped row(s). First groups: survey group: OEM, region name: Americas, total demand: 67744458.0; survey group: OEM, region name: All Other, total demand: 37293303.0; survey group: OEM, region name: China, total demand: 77885298.0; survey group: OEM, region name: Europe, total demand: 51729003.0; survey group: OEM, region name: Japan, total demand: 14117148.0; survey group: Semiconductor, region name: Americas, total demand: 35.0; survey group: Semiconductor, region name: All Other, total demand: 10.0; survey group: Semiconductor, region name: China, total demand: 20.0.",,"SELECT ?surveyGroup ?regionName (SUM(?demand) AS ?totalDemand) WHERE { VALUES (?surveyClass ?surveyGroup) { (survey:OEM_Survey ""OEM"") (survey:Tier1_Survey ""Tier1"") (survey:Semiconductor_Survey ""Semiconductor"") } ?entry a survey:DemandForRegion ; survey:hasSurveyOrigin ?origin ; survey:inRegion ?region ; survey:totalDemand ?demand . ?origin a ?surveyClass . ?region survey:regionName ?regionName . } GROUP BY ?surveyGroup ?regionName ORDER BY ?surveyGroup ?regionName",,
EFFKGQA0153,Which SAE level has the highest self-driving development?,autonomous_driving,llm_or_ranking,direct_graph_supported,auto_answer,capability_inventory,0,1,5,,"[{""avgPercentage"": ""42.0"", ""saeLevel"": ""SAE_Level_1""}, {""avgPercentage"": ""52.0"", ""saeLevel"": ""SAE_Level_2""}, {""avgPercentage"": ""62.0"", ""saeLevel"": ""SAE_Level_3""}, {""avgPercentage"": ""72.0"", ""saeLevel"": ""SAE_Level_4""}, {""avgPercentage"": ""82.0"", ""saeLevel"": ""SAE_Level_5""}]","Answer: The query returned 5 row(s). Results: sae level: SAE_Level_1, avg percentage: 42.0; sae level: SAE_Level_2, avg percentage: 52.0; sae level: SAE_Level_3, avg percentage: 62.0; sae level: SAE_Level_4, avg percentage: 72.0; sae level: SAE_Level_5, avg percentage: 82.0.",,"SELECT ?saeLevel (AVG(?pct) AS ?avgPercentage) WHERE { ?entry a survey:AutonomousDrivingDevelopment ; survey:hasSAELevel ?sae ; survey:hasPercentage ?pct . BIND(REPLACE(STR(?sae), ""^.*/"", """") AS ?saeLevel) } GROUP BY ?saeLevel ORDER BY ?saeLevel",,
EFFKGQA0154,Which vehicle type has the highest self-driving development?,autonomous_driving,llm_or_ranking,direct_graph_supported,auto_answer,capability_inventory,0,1,3,,"[{""avgPercentage"": ""62.0"", ""vehicleType"": ""BEHV""}, {""avgPercentage"": ""62.0"", ""vehicleType"": ""BEV""}, {""avgPercentage"": ""62.0"", ""vehicleType"": ""ICE""}]",Answer: Autonomous-driving development returned 3 row(s). The highest returned avg percentage is BEHV with 62.,,"SELECT ?vehicleType (AVG(?pct) AS ?avgPercentage) WHERE { ?entry a survey:AutonomousDrivingDevelopment ; survey:hasVehicleType ?vehicle ; survey:hasPercentage ?pct . BIND(REPLACE(STR(?vehicle), ""^.*/"", """") AS ?vehicleType) } GROUP BY ?vehicleType ORDER BY ?vehicleType",,
EFFKGQA0155,Return sales volume grouped by month.,vehicle_sales,llm_or_ranking,direct_graph_supported,auto_answer,capability_inventory,0,1,48,,"[{""monthLabel"": ""Apr 2023"", ""unitsSold"": ""6425650""}, {""monthLabel"": ""Apr 2024"", ""unitsSold"": ""6818720""}, {""monthLabel"": ""Apr 2025"", ""unitsSold"": ""7260983""}, {""monthLabel"": ""Apr 2026"", ""unitsSold"": ""7009380""}, {""monthLabel"": ""Aug 2023"", ""unitsSold"": ""7057393""}, {""monthLabel"": ""Aug 2024"", ""unitsSold"": ""6837967""}, {""monthLabel"": ""Aug 2025"", ""unitsSold"": ""6966169""}, {""monthLabel"": ""Aug 2026"", ""unitsSold"": ""6967132""}, {""monthLabel"": ""Dec 2023"", ""unitsSold"": ""8093262""}, {""monthLabel"": ""Dec 2024"", ""unitsSold"": ""8544327""}, {""monthLabel"": ""Dec 2025"", ""unitsSold"": ""8455087""}, {""monthLabel"": ""Dec 2026"", ""unitsSold"": ""8482982""}, {""monthLabel"": ""Feb 2023"", ""unitsSold"": ""6176907""}, {""monthLabel"": ""Feb ...","Answer: Vehicle-sales results returned 48 grouped row(s). First groups: month label: Apr 2023, units sold: 6425650; month label: Apr 2024, units sold: 6818720; month label: Apr 2025, units sold: 7260983; month label: Apr 2026, units sold: 7009380; month label: Aug 2023, units sold: 7057393; month label: Aug 2024, units sold: 6837967; month label: Aug 2025, units sold: 6966169; month label: Aug 2026, units sold: 6967132; month label: Dec 2023, units sold: 8093262; month label: Dec 2024, units sold: 8544327; month label: Dec 2025, units sold: 8455087; month label: Dec 2026, units sold: 8482982.",,"SELECT ?monthLabel (SUM(?units) AS ?unitsSold) WHERE { ?obs a survey:VehicleSalesObservation ; survey:forTimePeriod ?month ; survey:unitsSold ?units . OPTIONAL { ?month survey:periodLabel ?periodLabel . } BIND(COALESCE(?periodLabel, REPLACE(STR(?month), ""^.*/"", """")) AS ?monthLabel) } GROUP BY ?monthLabel ORDER BY ?monthLabel",,
EFFKGQA0156,Show order cancellation by technology category.,order_cancellation,llm_or_ranking,direct_graph_supported,auto_answer,capability_inventory,0,1,5,,"[{""participantCount"": ""3"", ""technologyCategory"": ""OrderCancellationChange_Semi_10nm_to_lt28nm""}, {""participantCount"": ""3"", ""technologyCategory"": ""OrderCancellationChange_Semi_180nm_or_greater""}, {""participantCount"": ""3"", ""technologyCategory"": ""OrderCancellationChange_Semi_28nm_to_lt45nm""}, {""participantCount"": ""3"", ""technologyCategory"": ""OrderCancellationChange_Semi_55nm_to_180nm""}, {""participantCount"": ""3"", ""technologyCategory"": ""OrderCancellationChange_Semi_lt%3D_7nm""}]","Answer: The query returned 5 row(s). Results: technology category: OrderCancellationChange_Semi_10nm_to_lt28nm, participant count: 3; technology category: OrderCancellationChange_Semi_180nm_or_greater, participant count: 3; technology category: OrderCancellationChange_Semi_28nm_to_lt45nm, participant count: 3; technology category: OrderCancellationChange_Semi_55nm_to_180nm, participant count: 3; technology category: OrderCancellationChange_Semi_lt%3D_7nm, participant count: 3.",,"SELECT ?technologyCategory (SUM(?participants) AS ?participantCount) WHERE { ?entry a survey:OrderCancellation ; survey:forTechnologyCategory ?technology ; survey:participantCount ?participants . BIND(REPLACE(STR(?technology), ""^.*/"", """") AS ?technologyCategory) } GROUP BY ?technologyCategory ORDER BY ?technologyCategory",,
EFFKGQA0157,What is the total number of vehicles sold for each vehicle type?,vehicle_sales,llm_or_ranking,llm_ranking,llm_ranking,infineon,1,3,0,,,Answer: No results returned for the given query.,selected_best_executable_candidate,"SELECT ?vehicleType (SUM(?unitsSold) AS ?totalSold) WHERE { ?obs a survey:VehicleSalesObservation ; survey:hasVehicleType ?vehicle ; survey:unitsSold ?unitsSold . BIND(REPLACE(STR(?vehicle), '^.*/', '') AS ?vehicleType) } GROUP BY ?vehicleType ORDER BY DESC(?totalSold)",,
EFFKGQA0158,What is the average future demand percentage change by region?,future_demand,direct_capability,direct_graph_supported,auto_answer,capability_inventory,0,1,5,,"[{""avgPercentageChange"": ""1993696.795238095238095238095238"", ""regionName"": ""Americas""}, {""avgPercentageChange"": ""1092445.9"", ""regionName"": ""Asia Pacific/All Other""}, {""avgPercentageChange"": ""2386112.016666666666666666666667"", ""regionName"": ""Asia Pacific/China""}, {""avgPercentageChange"": ""1491199.795238095238095238095238"", ""regionName"": ""Europe""}, {""avgPercentageChange"": ""369089.207142857142857142857143"", ""regionName"": ""Japan""}]","Answer: The query returned 5 row(s). Results: region name: Americas, avg percentage change: 1993696.795238095238095238095238; region name: Asia Pacific/All Other, avg percentage change: 1092445.9; region name: Asia Pacific/China, avg percentage change: 2386112.016666666666666666666667; region name: Europe, avg percentage change: 1491199.795238095238095238095238; region name: Japan, avg percentage change: 369089.207142857142857142857143.",,SELECT ?regionName (AVG(?pct) AS ?avgPercentageChange) WHERE { ?entry a survey:DemandForRegion ; survey:inRegion ?region ; survey:totalDemandPercentageChange ?pct . ?region survey:regionName ?regionName . } GROUP BY ?regionName ORDER BY ?regionName,,
EFFKGQA0159,"Using the True Demand KG, show semiconductor current demand by region?",regional_demand,llm_or_ranking,direct_graph_supported,auto_answer,capability_inventory,0,1,5,,"[{""regionName"": ""Americas"", ""totalDemand"": ""35.0""}, {""regionName"": ""Asia Pacific/All Other"", ""totalDemand"": ""10.0""}, {""regionName"": ""Asia Pacific/China"", ""totalDemand"": ""20.0""}, {""regionName"": ""Europe"", ""totalDemand"": ""25.0""}, {""regionName"": ""Japan"", ""totalDemand"": ""10.0""}]","Answer: Regional demand returned 5 grouped row(s). Groups: region name: Americas, total demand: 35.0; region name: All Other, total demand: 10.0; region name: China, total demand: 20.0; region name: Europe, total demand: 25.0; region name: Japan, total demand: 10.0.",,"SELECT ?regionName (SUM(?demand) AS ?totalDemand) WHERE { BIND(""Semiconductor"" AS ?surveyGroup) ?entry a survey:DemandForRegion ; survey:hasSurveyOrigin ?origin ; survey:inRegion ?region ; survey:totalDemand ?demand . ?origin a survey:Semiconductor_Survey . ?region survey:regionName ?regionName . } GROUP BY ?regionName ORDER BY ?regionName",,
EFFKGQA0160,"For the survey data, how does Tier1 current demand vary by survey group?",regional_demand,llm_or_ranking,direct_graph_supported,auto_answer,capability_inventory,0,1,1,,"[{""surveyGroup"": ""Tier1"", ""totalDemand"": ""100.0""}]","Answer: The query returned 1 row(s). Results: survey group: Tier1, total demand: 100.0.",,"SELECT ?surveyGroup (SUM(?demand) AS ?totalDemand) WHERE { BIND(""Tier1"" AS ?surveyGroup) ?entry a survey:DemandForRegion ; survey:hasSurveyOrigin ?origin ; survey:totalDemand ?demand . ?origin a survey:Tier1_Survey . } GROUP BY ?surveyGroup ORDER BY ?surveyGroup",,
EFFKGQA0161,"For the survey data, what is the total current demand for each survey group?",regional_demand,llm_or_ranking,direct_graph_supported,auto_answer,capability_inventory,0,1,3,,"[{""surveyGroup"": ""OEM"", ""totalDemand"": ""248769210.0""}, {""surveyGroup"": ""Semiconductor"", ""totalDemand"": ""100.0""}, {""surveyGroup"": ""Tier1"", ""totalDemand"": ""100.0""}]","Answer: The query returned 3 row(s). Results: survey group: OEM, total demand: 248769210.0; survey group: Semiconductor, total demand: 100.0; survey group: Tier1, total demand: 100.0.",,"SELECT ?surveyGroup (SUM(?demand) AS ?totalDemand) WHERE { VALUES (?surveyClass ?surveyGroup) { (survey:OEM_Survey ""OEM"") (survey:Tier1_Survey ""Tier1"") (survey:Semiconductor_Survey ""Semiconductor"") } ?entry a survey:DemandForRegion ; survey:hasSurveyOrigin ?origin ; survey:totalDemand ?demand . ?origin a ?surveyClass . } GROUP BY ?surveyGroup ORDER BY ?surveyGroup",,
EFFKGQA0162,Use the True Demand KG to show future demand by quarter.,future_demand,direct_capability,direct_graph_supported,auto_answer,capability_inventory,0,1,8,,"[{""avgPercentageChange"": ""12.44380952380952380952381"", ""quarterLabel"": ""Current Quarter""}, {""avgPercentageChange"": ""9.510000000000000038461538"", ""quarterLabel"": ""Q1 2026""}, {""avgPercentageChange"": ""26.356153846153846153846154"", ""quarterLabel"": ""Q2 2025""}, {""avgPercentageChange"": ""7.285384615384615384615385"", ""quarterLabel"": ""Q2 2026""}, {""avgPercentageChange"": ""5.861923076923076923076923"", ""quarterLabel"": ""Q3 2025""}, {""avgPercentageChange"": ""8.775384615384615384615385"", ""quarterLabel"": ""Q3 2026""}, {""avgPercentageChange"": ""15.195769230769230807692308"", ""quarterLabel"": ""Q4 2025""}, {""avgPercentageChange"": ""8.727307692307692307692308"", ""quarterLabel"": ""Q4 2026""}]","Answer: The query returned 8 row(s). Results: quarter label: Current Quarter, avg percentage change: 12.44380952380952380952381; quarter label: Q1 2026, avg percentage change: 9.510000000000000038461538; quarter label: Q2 2025, avg percentage change: 26.356153846153846153846154; quarter label: Q2 2026, avg percentage change: 7.285384615384615384615385; quarter label: Q3 2025, avg percentage change: 5.861923076923076923076923; quarter label: Q3 2026, avg percentage change: 8.775384615384615384615385; quarter label: Q4 2025, avg percentage change: 15.195769230769230807692308; quarter label: Q4 2026, avg percentage change: 8.727307692307692307692308.",,SELECT ?quarterLabel (AVG(?pct) AS ?avgPercentageChange) WHERE { ?entry a survey:FutureDemandAnalysis ; survey:forTimePeriod ?quarter ; survey:percentageChange ?pct . ?quarter survey:periodLabel ?quarterLabel . } GROUP BY ?quarterLabel ORDER BY ?quarterLabel,,
EFFKGQA0163,Count cancellation behavior for each technology category.,order_cancellation,llm_or_ranking,llm_ranking,llm_ranking,validated_retrieval,1,13,15,,"[{""participantCount"": ""1"", ""responseType"": ""Decrease"", ""technologyCategory"": ""OrderCancellationChange_Semi_10nm_to_lt28nm""}, {""participantCount"": ""2"", ""responseType"": ""Increase"", ""technologyCategory"": ""OrderCancellationChange_Semi_10nm_to_lt28nm""}, {""participantCount"": ""0"", ""responseType"": ""Stable"", ""technologyCategory"": ""OrderCancellationChange_Semi_10nm_to_lt28nm""}, {""participantCount"": ""2"", ""responseType"": ""Decrease"", ""technologyCategory"": ""OrderCancellationChange_Semi_180nm_or_greater""}, {""participantCount"": ""0"", ""responseType"": ""Increase"", ""technologyCategory"": ""OrderCancellationChange_Semi_180nm_or_greater""}, {""participantCount"": ""1"", ""responseType"": ""Stable"", ""technologyCategory"": ...",Answer: Order-cancellation results returned 15 row(s). The largest returned participant count is Increase for OrderCancellationChange Semi 10nm to <28nm with 2.,selected_best_executable_candidate,"SELECT ?technologyCategory ?responseType (SUM(?participants) AS ?participantCount) WHERE { ?entry a survey:OrderCancellation ; survey:forTechnologyCategory ?tech ; survey:hasResponseType ?responseType ; survey:participantCount ?participants . BIND(REPLACE(STR(?tech), '^.*/', '') AS ?technologyCategory) } GROUP BY ?technologyCategory ?responseType ORDER BY ?technologyCategory ?responseType",,
EFFKGQA0164,"Using the True Demand KG, how does current demand vary by survey group?",regional_demand,llm_or_ranking,direct_graph_supported,auto_answer,capability_inventory,0,1,3,,"[{""surveyGroup"": ""OEM"", ""totalDemand"": ""248769210.0""}, {""surveyGroup"": ""Semiconductor"", ""totalDemand"": ""100.0""}, {""surveyGroup"": ""Tier1"", ""totalDemand"": ""100.0""}]","Answer: The query returned 3 row(s). Results: survey group: OEM, total demand: 248769210.0; survey group: Semiconductor, total demand: 100.0; survey group: Tier1, total demand: 100.0.",,"SELECT ?surveyGroup (SUM(?demand) AS ?totalDemand) WHERE { VALUES (?surveyClass ?surveyGroup) { (survey:OEM_Survey ""OEM"") (survey:Tier1_Survey ""Tier1"") (survey:Semiconductor_Survey ""Semiconductor"") } ?entry a survey:DemandForRegion ; survey:hasSurveyOrigin ?origin ; survey:totalDemand ?demand . ?origin a ?surveyClass . } GROUP BY ?surveyGroup ORDER BY ?surveyGroup",,
EFFKGQA0165,"Using the True Demand KG, break down future demand by technology category?",future_demand,direct_capability,direct_graph_supported,auto_answer,capability_inventory,0,1,5,,"[{""avgPercentageChange"": ""12.24875"", ""technologyCategory"": ""TechCategory_%3C%3D_7nm""}, {""avgPercentageChange"": ""3.7225"", ""technologyCategory"": ""TechCategory_10nm_to_%3C28nm""}, {""avgPercentageChange"": ""36.1225"", ""technologyCategory"": ""TechCategory_180nm_or_greater""}, {""avgPercentageChange"": ""12.375"", ""technologyCategory"": ""TechCategory_28nm_to_%3C45nm""}, {""avgPercentageChange"": ""2.9525"", ""technologyCategory"": ""TechCategory_55nm_to_180nm""}]","Answer: The query returned 5 row(s). Results: technology category: TechCategory_%3C%3D_7nm, avg percentage change: 12.24875; technology category: TechCategory_10nm_to_%3C28nm, avg percentage change: 3.7225; technology category: TechCategory_180nm_or_greater, avg percentage change: 36.1225; technology category: TechCategory_28nm_to_%3C45nm, avg percentage change: 12.375; technology category: TechCategory_55nm_to_180nm, avg percentage change: 2.9525.",,"SELECT ?technologyCategory (AVG(?pct) AS ?avgPercentageChange) WHERE { ?entry a survey:FutureDemandAnalysis ; survey:analyzesTechnologyCategory ?technology ; survey:percentageChange ?pct . OPTIONAL { ?technology survey:technologyCategoryName ?technologyName . } BIND(COALESCE(?technologyName, REPLACE(STR(?technology), ""^.*/"", """")) AS ?technologyCategory) } GROUP BY ?technologyCategory ORDER BY ?technologyCategory",,
EFFKGQA0166,Show total demand by region.,regional_demand,llm_or_ranking,direct_graph_supported,auto_answer,capability_inventory,0,1,15,,"[{""regionName"": ""Americas"", ""surveyGroup"": ""OEM"", ""totalDemand"": ""67744458.0""}, {""regionName"": ""Asia Pacific/All Other"", ""surveyGroup"": ""OEM"", ""totalDemand"": ""37293303.0""}, {""regionName"": ""Asia Pacific/China"", ""surveyGroup"": ""OEM"", ""totalDemand"": ""77885298.0""}, {""regionName"": ""Europe"", ""surveyGroup"": ""OEM"", ""totalDemand"": ""51729003.0""}, {""regionName"": ""Japan"", ""surveyGroup"": ""OEM"", ""totalDemand"": ""14117148.0""}, {""regionName"": ""Americas"", ""surveyGroup"": ""Semiconductor"", ""totalDemand"": ""35.0""}, {""regionName"": ""Asia Pacific/All Other"", ""surveyGroup"": ""Semiconductor"", ""totalDemand"": ""10.0""}, {""regionName"": ""Asia Pacific/China"", ""surveyGroup"": ""Semiconductor"", ""totalDemand"": ""20.0""}, {""regionN...","Answer: Regional demand returned 15 grouped row(s). First groups: survey group: OEM, region name: Americas, total demand: 67744458.0; survey group: OEM, region name: All Other, total demand: 37293303.0; survey group: OEM, region name: China, total demand: 77885298.0; survey group: OEM, region name: Europe, total demand: 51729003.0; survey group: OEM, region name: Japan, total demand: 14117148.0; survey group: Semiconductor, region name: Americas, total demand: 35.0; survey group: Semiconductor, region name: All Other, total demand: 10.0; survey group: Semiconductor, region name: China, total demand: 20.0.",,"SELECT ?surveyGroup ?regionName (SUM(?demand) AS ?totalDemand) WHERE { VALUES (?surveyClass ?surveyGroup) { (survey:OEM_Survey ""OEM"") (survey:Tier1_Survey ""Tier1"") (survey:Semiconductor_Survey ""Semiconductor"") } ?entry a survey:DemandForRegion ; survey:hasSurveyOrigin ?origin ; survey:inRegion ?region ; survey:totalDemand ?demand . ?origin a ?surveyClass . ?region survey:regionName ?regionName . } GROUP BY ?surveyGroup ?regionName ORDER BY ?surveyGroup ?regionName",,
EFFKGQA0167,Summarize shortage status across survey group.,shortage,llm_or_ranking,direct_graph_supported,auto_answer,capability_inventory,0,1,6,,"[{""companyCount"": ""1"", ""shortageStatus"": ""no"", ""surveyGroup"": ""OEM""}, {""companyCount"": ""2"", ""shortageStatus"": ""yes"", ""surveyGroup"": ""OEM""}, {""companyCount"": ""1"", ""shortageStatus"": ""no"", ""surveyGroup"": ""Semiconductor""}, {""companyCount"": ""2"", ""shortageStatus"": ""yes"", ""surveyGroup"": ""Semiconductor""}, {""companyCount"": ""1"", ""shortageStatus"": ""no"", ""surveyGroup"": ""Tier1""}, {""companyCount"": ""2"", ""shortageStatus"": ""yes"", ""surveyGroup"": ""Tier1""}]","Answer: The query returned 6 row(s). Results: survey group: OEM, shortage status: no, company count: 1; survey group: OEM, shortage status: yes, company count: 2; survey group: Semiconductor, shortage status: no, company count: 1; survey group: Semiconductor, shortage status: yes, company count: 2; survey group: Tier1, shortage status: no, company count: 1; survey group: Tier1, shortage status: yes, company count: 2.",,"SELECT ?surveyGroup ?shortageStatus (COUNT(?company) AS ?companyCount) WHERE { VALUES (?surveyClass ?surveyGroup) { (survey:OEM_Survey ""OEM"") (survey:Tier1_Survey ""Tier1"") (survey:Semiconductor_Survey ""Semiconductor"") } ?company a survey:Company ; survey:hasSurveyOrigin ?origin ; survey:reportsShortage ?shortage . ?origin a ?surveyClass . BIND(IF(?shortage = true, ""yes"", ""no"") AS ?shortageStatus) } GROUP BY ?surveyGroup ?shortageStatus ORDER BY ?surveyGroup ?shortageStatus",,
EFFKGQA0168,How does future demand change by region?,future_demand,direct_capability,direct_graph_supported,auto_answer,capability_inventory,0,1,5,,"[{""avgPercentageChange"": ""1993696.795238095238095238095238"", ""regionName"": ""Americas""}, {""avgPercentageChange"": ""1092445.9"", ""regionName"": ""Asia Pacific/All Other""}, {""avgPercentageChange"": ""2386112.016666666666666666666667"", ""regionName"": ""Asia Pacific/China""}, {""avgPercentageChange"": ""1491199.795238095238095238095238"", ""regionName"": ""Europe""}, {""avgPercentageChange"": ""369089.207142857142857142857143"", ""regionName"": ""Japan""}]","Answer: The query returned 5 row(s). Results: region name: Americas, avg percentage change: 1993696.795238095238095238095238; region name: Asia Pacific/All Other, avg percentage change: 1092445.9; region name: Asia Pacific/China, avg percentage change: 2386112.016666666666666666666667; region name: Europe, avg percentage change: 1491199.795238095238095238095238; region name: Japan, avg percentage change: 369089.207142857142857142857143.",,SELECT ?regionName (AVG(?pct) AS ?avgPercentageChange) WHERE { ?entry a survey:DemandForRegion ; survey:inRegion ?region ; survey:totalDemandPercentageChange ?pct . ?region survey:regionName ?regionName . } GROUP BY ?regionName ORDER BY ?regionName,,
EFFKGQA0169,Give me OEM current demand grouped by vehicle type.,regional_demand,llm_or_ranking,llm_ranking,llm_ranking,validated_retrieval,1,5,3,,"[{""pct"": ""-0.36"", ""vehicle"": ""BEV""}, {""pct"": ""3.77"", ""vehicle"": ""BEHV""}, {""pct"": ""4.59"", ""vehicle"": ""ICE""}]","Answer: The query returned 3 row(s). Results: vehicle: BEV, pct: -0.36; vehicle: BEHV, pct: 3.77; vehicle: ICE, pct: 4.59.",selected_best_executable_candidate,"SELECT ?vehicle ?pct WHERE { ?agg a survey:AggregatedDemand ; survey:hasSurveyOrigin survey:OEM_Survey_Instance ; survey:isAggregatedResult true ; survey:forVehicleType ?veh ; survey:percentageChange ?pct . BIND( IF(?veh = survey:BEV, ""BEV"", IF(?veh = survey:BEHV, ""BEHV"", IF(?veh = survey:ICE, ""ICE"", """") ) ) AS ?vehicle ) FILTER(?vehicle != """") BIND( IF(?vehicle = ""BEV"", 1, IF(?vehicle = ""BEHV"", 2, IF(?vehicle = ""ICE"", 3, 4) ) ) AS ?ord ) } ORDER BY ?ord",,
EFFKGQA0170,How many company instances are present?,catalog_lookup,llm_or_ranking,llm_ranking,llm_ranking,validated_retrieval,1,7,1,,"[{""count"": ""9""}]",Answer: The result is 9.,kept_selected_nonempty,SELECT (COUNT(?c) AS ?count) WHERE { ?c a survey:Company },,
EFFKGQA0171,Can you compare semiconductor current demand across vehicle type?,regional_demand,llm_or_ranking,llm_ranking,llm_ranking,infineon,1,5,0,,,Answer: No results returned for the given query.,selected_best_executable_candidate,"SELECT ?vehicleType (SUM(?currentDemand) AS ?totalCurrentDemand) WHERE { ?entry a survey:CurrentDemandAnalysis ; survey:hasSurveyOrigin ?origin ; survey:analyzesVehicleType ?vehicle ; survey:currentDemand ?currentDemand . ?origin a survey:Semiconductor_Survey . BIND(REPLACE(STR(?vehicle), '^.*/', '') AS ?vehicleType) } GROUP BY ?vehicleType ORDER BY ?vehicleType",,
EFFKGQA0172,Can you show the future demand trend by vehicle type?,future_demand,direct_capability,direct_graph_supported,auto_answer,capability_inventory,0,1,3,,"[{""avgPercentageChange"": ""1.505"", ""vehicleType"": ""BEHV""}, {""avgPercentageChange"": ""4.74375"", ""vehicleType"": ""BEV""}, {""avgPercentageChange"": ""0.845"", ""vehicleType"": ""ICE""}]","Answer: The query returned 3 row(s). Results: vehicle type: BEHV, avg percentage change: 1.505; vehicle type: BEV, avg percentage change: 4.74375; vehicle type: ICE, avg percentage change: 0.845.",,"SELECT ?vehicleType (AVG(?pct) AS ?avgPercentageChange) WHERE { ?entry a survey:FutureDemandAnalysis ; survey:analyzesVehicleType ?vehicle ; survey:percentageChange ?pct . BIND(REPLACE(STR(?vehicle), ""^.*/"", """") AS ?vehicleType) } GROUP BY ?vehicleType ORDER BY ?vehicleType",,
EFFKGQA0173,Summarize Tier1 current demand per survey group.,regional_demand,llm_or_ranking,direct_graph_supported,auto_answer,capability_inventory,0,1,1,,"[{""surveyGroup"": ""Tier1"", ""totalDemand"": ""100.0""}]","Answer: The query returned 1 row(s). Results: survey group: Tier1, total demand: 100.0.",,"SELECT ?surveyGroup (SUM(?demand) AS ?totalDemand) WHERE { BIND(""Tier1"" AS ?surveyGroup) ?entry a survey:DemandForRegion ; survey:hasSurveyOrigin ?origin ; survey:totalDemand ?demand . ?origin a survey:Tier1_Survey . } GROUP BY ?surveyGroup ORDER BY ?surveyGroup",,
EFFKGQA0174,"For the survey data, summarize future demand across technology category?",future_demand,direct_capability,llm_ranking,llm_ranking,validated_retrieval,1,9,40,,"[{""quarterLabel"": ""Quarter_Current_Quarter"", ""techLabel"": ""TechCategory_%3C%3D_7nm"", ""totalFutureChange"": ""27.09""}, {""quarterLabel"": ""Quarter_Q1_2026"", ""techLabel"": ""TechCategory_%3C%3D_7nm"", ""totalFutureChange"": ""3.99""}, {""quarterLabel"": ""Quarter_Q2_2025"", ""techLabel"": ""TechCategory_%3C%3D_7nm"", ""totalFutureChange"": ""165.57""}, {""quarterLabel"": ""Quarter_Q2_2026"", ""techLabel"": ""TechCategory_%3C%3D_7nm"", ""totalFutureChange"": ""3.0""}, {""quarterLabel"": ""Quarter_Q3_2025"", ""techLabel"": ""TechCategory_%3C%3D_7nm"", ""totalFutureChange"": ""-63.42""}, {""quarterLabel"": ""Quarter_Q3_2026"", ""techLabel"": ""TechCategory_%3C%3D_7nm"", ""totalFutureChange"": ""52.17""}, {""quarterLabel"": ""Quarter_Q4_2025"", ""techLabel""...",Answer: Future-demand results returned 40 grouped row(s). The highest total future-demand change is TechCategory <= 7nm in Quarter Q2 2025 with 165.57. The lowest is TechCategory <= 7nm in Quarter Q3 2025 with -63.42.,selected_best_executable_candidate,"SELECT ?techLabel ?quarterLabel (SUM(?pct) AS ?totalFutureChange) WHERE { ?entry a survey:FutureDemandAnalysis ; survey:analyzesTechnologyCategory ?tech ; survey:forTimePeriod ?quarter ; survey:percentageChange ?pct . BIND(REPLACE(STR(?tech), '^.*/', '') AS ?techLabel) BIND(REPLACE(STR(?quarter), '^.*/', '') AS ?quarterLabel) } GROUP BY ?techLabel ?quarterLabel ORDER BY ?techLabel ?quarterLabel",,
EFFKGQA0175,"For the survey data, compare regional demand across region?",regional_demand,llm_or_ranking,direct_graph_supported,auto_answer,capability_inventory,0,1,15,,"[{""regionName"": ""Americas"", ""surveyGroup"": ""OEM"", ""totalDemand"": ""67744458.0""}, {""regionName"": ""Asia Pacific/All Other"", ""surveyGroup"": ""OEM"", ""totalDemand"": ""37293303.0""}, {""regionName"": ""Asia Pacific/China"", ""surveyGroup"": ""OEM"", ""totalDemand"": ""77885298.0""}, {""regionName"": ""Europe"", ""surveyGroup"": ""OEM"", ""totalDemand"": ""51729003.0""}, {""regionName"": ""Japan"", ""surveyGroup"": ""OEM"", ""totalDemand"": ""14117148.0""}, {""regionName"": ""Americas"", ""surveyGroup"": ""Semiconductor"", ""totalDemand"": ""35.0""}, {""regionName"": ""Asia Pacific/All Other"", ""surveyGroup"": ""Semiconductor"", ""totalDemand"": ""10.0""}, {""regionName"": ""Asia Pacific/China"", ""surveyGroup"": ""Semiconductor"", ""totalDemand"": ""20.0""}, {""regionN...","Answer: Regional demand returned 15 grouped row(s). First groups: survey group: OEM, region name: Americas, total demand: 67744458.0; survey group: OEM, region name: All Other, total demand: 37293303.0; survey group: OEM, region name: China, total demand: 77885298.0; survey group: OEM, region name: Europe, total demand: 51729003.0; survey group: OEM, region name: Japan, total demand: 14117148.0; survey group: Semiconductor, region name: Americas, total demand: 35.0; survey group: Semiconductor, region name: All Other, total demand: 10.0; survey group: Semiconductor, region name: China, total demand: 20.0.",,"SELECT ?surveyGroup ?regionName (SUM(?demand) AS ?totalDemand) WHERE { VALUES (?surveyClass ?surveyGroup) { (survey:OEM_Survey ""OEM"") (survey:Tier1_Survey ""Tier1"") (survey:Semiconductor_Survey ""Semiconductor"") } ?entry a survey:DemandForRegion ; survey:hasSurveyOrigin ?origin ; survey:inRegion ?region ; survey:totalDemand ?demand . ?origin a ?surveyClass . ?region survey:regionName ?regionName . } GROUP BY ?surveyGroup ?regionName ORDER BY ?surveyGroup ?regionName",,
EFFKGQA0176,Compare reported shortages by technology category.,shortage,llm_or_ranking,llm_ranking,llm_ranking,validated_retrieval,1,13,40,,"[{""quarterLabel"": ""Quarter_Current_Quarter"", ""techLabel"": ""TechCategory_%3C%3D_7nm"", ""totalFutureChange"": ""27.09""}, {""quarterLabel"": ""Quarter_Q1_2026"", ""techLabel"": ""TechCategory_%3C%3D_7nm"", ""totalFutureChange"": ""3.99""}, {""quarterLabel"": ""Quarter_Q2_2025"", ""techLabel"": ""TechCategory_%3C%3D_7nm"", ""totalFutureChange"": ""165.57""}, {""quarterLabel"": ""Quarter_Q2_2026"", ""techLabel"": ""TechCategory_%3C%3D_7nm"", ""totalFutureChange"": ""3.0""}, {""quarterLabel"": ""Quarter_Q3_2025"", ""techLabel"": ""TechCategory_%3C%3D_7nm"", ""totalFutureChange"": ""-63.42""}, {""quarterLabel"": ""Quarter_Q3_2026"", ""techLabel"": ""TechCategory_%3C%3D_7nm"", ""totalFutureChange"": ""52.17""}, {""quarterLabel"": ""Quarter_Q4_2025"", ""techLabel""...",Answer: Future-demand results returned 40 grouped row(s). The highest total future-demand change is TechCategory <= 7nm in Quarter Q2 2025 with 165.57. The lowest is TechCategory <= 7nm in Quarter Q3 2025 with -63.42.,selected_best_executable_candidate,"SELECT ?techLabel ?quarterLabel (SUM(?pct) AS ?totalFutureChange) WHERE { ?entry a survey:FutureDemandAnalysis ; survey:analyzesTechnologyCategory ?tech ; survey:forTimePeriod ?quarter ; survey:percentageChange ?pct . BIND(REPLACE(STR(?tech), '^.*/', '') AS ?techLabel) BIND(REPLACE(STR(?quarter), '^.*/', '') AS ?quarterLabel) } GROUP BY ?techLabel ?quarterLabel ORDER BY ?techLabel ?quarterLabel",,
EFFKGQA0177,Show shortage status by technology category.,shortage,llm_or_ranking,llm_ranking,llm_ranking,validated_retrieval,1,13,15,,"[{""participantCount"": ""1"", ""responseType"": ""Decrease"", ""technologyCategory"": ""OrderCancellationChange_Semi_10nm_to_lt28nm""}, {""participantCount"": ""2"", ""responseType"": ""Increase"", ""technologyCategory"": ""OrderCancellationChange_Semi_10nm_to_lt28nm""}, {""participantCount"": ""0"", ""responseType"": ""Stable"", ""technologyCategory"": ""OrderCancellationChange_Semi_10nm_to_lt28nm""}, {""participantCount"": ""2"", ""responseType"": ""Decrease"", ""technologyCategory"": ""OrderCancellationChange_Semi_180nm_or_greater""}, {""participantCount"": ""0"", ""responseType"": ""Increase"", ""technologyCategory"": ""OrderCancellationChange_Semi_180nm_or_greater""}, {""participantCount"": ""1"", ""responseType"": ""Stable"", ""technologyCategory"": ...",Answer: Order-cancellation results returned 15 row(s). The largest returned participant count is Increase for OrderCancellationChange Semi 10nm to <28nm with 2.,selected_best_executable_candidate,"SELECT ?technologyCategory ?responseType (SUM(?participants) AS ?participantCount) WHERE { ?entry a survey:OrderCancellation ; survey:forTechnologyCategory ?tech ; survey:hasResponseType ?responseType ; survey:participantCount ?participants . BIND(REPLACE(STR(?tech), '^.*/', '') AS ?technologyCategory) } GROUP BY ?technologyCategory ?responseType ORDER BY ?technologyCategory ?responseType",,
EFFKGQA0178,"From the graph, return future demand values for each region?",future_demand,direct_capability,direct_graph_supported,auto_answer,capability_inventory,0,1,5,,"[{""avgPercentageChange"": ""1993696.795238095238095238095238"", ""regionName"": ""Americas""}, {""avgPercentageChange"": ""1092445.9"", ""regionName"": ""Asia Pacific/All Other""}, {""avgPercentageChange"": ""2386112.016666666666666666666667"", ""regionName"": ""Asia Pacific/China""}, {""avgPercentageChange"": ""1491199.795238095238095238095238"", ""regionName"": ""Europe""}, {""avgPercentageChange"": ""369089.207142857142857142857143"", ""regionName"": ""Japan""}]","Answer: The query returned 5 row(s). Results: region name: Americas, avg percentage change: 1993696.795238095238095238095238; region name: Asia Pacific/All Other, avg percentage change: 1092445.9; region name: Asia Pacific/China, avg percentage change: 2386112.016666666666666666666667; region name: Europe, avg percentage change: 1491199.795238095238095238095238; region name: Japan, avg percentage change: 369089.207142857142857142857143.",,SELECT ?regionName (AVG(?pct) AS ?avgPercentageChange) WHERE { ?entry a survey:DemandForRegion ; survey:inRegion ?region ; survey:totalDemandPercentageChange ?pct . ?region survey:regionName ?regionName . } GROUP BY ?regionName ORDER BY ?regionName,,
EFFKGQA0179,Which SAE level has the highest autonomous driving percentage?,autonomous_driving,llm_or_ranking,direct_graph_supported,auto_answer,capability_inventory,0,1,5,,"[{""avgPercentage"": ""42.0"", ""saeLevel"": ""SAE_Level_1""}, {""avgPercentage"": ""52.0"", ""saeLevel"": ""SAE_Level_2""}, {""avgPercentage"": ""62.0"", ""saeLevel"": ""SAE_Level_3""}, {""avgPercentage"": ""72.0"", ""saeLevel"": ""SAE_Level_4""}, {""avgPercentage"": ""82.0"", ""saeLevel"": ""SAE_Level_5""}]","Answer: The query returned 5 row(s). Results: sae level: SAE_Level_1, avg percentage: 42.0; sae level: SAE_Level_2, avg percentage: 52.0; sae level: SAE_Level_3, avg percentage: 62.0; sae level: SAE_Level_4, avg percentage: 72.0; sae level: SAE_Level_5, avg percentage: 82.0.",,"SELECT ?saeLevel (AVG(?pct) AS ?avgPercentage) WHERE { ?entry a survey:AutonomousDrivingDevelopment ; survey:hasSAELevel ?sae ; survey:hasPercentage ?pct . BIND(REPLACE(STR(?sae), ""^.*/"", """") AS ?saeLevel) } GROUP BY ?saeLevel ORDER BY ?saeLevel",,
EFFKGQA0180,How is future demand distributed by quarter?,future_demand,direct_capability,direct_graph_supported,auto_answer,capability_inventory,0,1,8,,"[{""avgPercentageChange"": ""12.44380952380952380952381"", ""quarterLabel"": ""Current Quarter""}, {""avgPercentageChange"": ""9.510000000000000038461538"", ""quarterLabel"": ""Q1 2026""}, {""avgPercentageChange"": ""26.356153846153846153846154"", ""quarterLabel"": ""Q2 2025""}, {""avgPercentageChange"": ""7.285384615384615384615385"", ""quarterLabel"": ""Q2 2026""}, {""avgPercentageChange"": ""5.861923076923076923076923"", ""quarterLabel"": ""Q3 2025""}, {""avgPercentageChange"": ""8.775384615384615384615385"", ""quarterLabel"": ""Q3 2026""}, {""avgPercentageChange"": ""15.195769230769230807692308"", ""quarterLabel"": ""Q4 2025""}, {""avgPercentageChange"": ""8.727307692307692307692308"", ""quarterLabel"": ""Q4 2026""}]","Answer: The query returned 8 row(s). Results: quarter label: Current Quarter, avg percentage change: 12.44380952380952380952381; quarter label: Q1 2026, avg percentage change: 9.510000000000000038461538; quarter label: Q2 2025, avg percentage change: 26.356153846153846153846154; quarter label: Q2 2026, avg percentage change: 7.285384615384615384615385; quarter label: Q3 2025, avg percentage change: 5.861923076923076923076923; quarter label: Q3 2026, avg percentage change: 8.775384615384615384615385; quarter label: Q4 2025, avg percentage change: 15.195769230769230807692308; quarter label: Q4 2026, avg percentage change: 8.727307692307692307692308.",,SELECT ?quarterLabel (AVG(?pct) AS ?avgPercentageChange) WHERE { ?entry a survey:FutureDemandAnalysis ; survey:forTimePeriod ?quarter ; survey:percentageChange ?pct . ?quarter survey:periodLabel ?quarterLabel . } GROUP BY ?quarterLabel ORDER BY ?quarterLabel,,
EFFKGQA0181,Analyze future demand change per vehicle type.,future_demand,direct_capability,direct_graph_supported,auto_answer,capability_inventory,0,1,3,,"[{""avgPercentageChange"": ""1.505"", ""vehicleType"": ""BEHV""}, {""avgPercentageChange"": ""4.74375"", ""vehicleType"": ""BEV""}, {""avgPercentageChange"": ""0.845"", ""vehicleType"": ""ICE""}]","Answer: The query returned 3 row(s). Results: vehicle type: BEHV, avg percentage change: 1.505; vehicle type: BEV, avg percentage change: 4.74375; vehicle type: ICE, avg percentage change: 0.845.",,"SELECT ?vehicleType (AVG(?pct) AS ?avgPercentageChange) WHERE { ?entry a survey:FutureDemandAnalysis ; survey:analyzesVehicleType ?vehicle ; survey:percentageChange ?pct . BIND(REPLACE(STR(?vehicle), ""^.*/"", """") AS ?vehicleType) } GROUP BY ?vehicleType ORDER BY ?vehicleType",,
EFFKGQA0182,Return vehicles sold grouped by year.,vehicle_sales,llm_or_ranking,direct_graph_supported,auto_answer,capability_inventory,0,1,4,,"[{""unitsSold"": ""86125479"", ""year"": ""2023""}, {""unitsSold"": ""88109476"", ""year"": ""2024""}, {""unitsSold"": ""90166856"", ""year"": ""2025""}, {""unitsSold"": ""90471186"", ""year"": ""2026""}]","Answer: The query returned 4 row(s). Results: year: 2023, units sold: 86125479; year: 2024, units sold: 88109476; year: 2025, units sold: 90166856; year: 2026, units sold: 90471186.",,"SELECT ?year (SUM(?units) AS ?unitsSold) WHERE { ?obs a survey:VehicleSalesObservation ; survey:forTimePeriod ?month ; survey:unitsSold ?units . OPTIONAL { ?month survey:periodLabel ?periodLabel . } BIND(COALESCE(?periodLabel, REPLACE(STR(?month), ""^.*/"", """")) AS ?label) BIND(REPLACE(STR(?label), ""^.*(20[0-9]{2}).*$"", ""$1"") AS ?year) } GROUP BY ?year ORDER BY ?year",,
EFFKGQA0183,Which response type has the highest order cancellation responses?,order_cancellation,llm_or_ranking,direct_graph_supported,auto_answer,capability_inventory,0,1,3,,"[{""participantCount"": ""5"", ""responseType"": ""Decrease""}, {""participantCount"": ""5"", ""responseType"": ""Increase""}, {""participantCount"": ""5"", ""responseType"": ""Stable""}]",Answer: Order-cancellation results returned 3 row(s). The largest returned participant count is Decrease with 5.,,SELECT ?responseType (SUM(?participants) AS ?participantCount) WHERE { ?entry a survey:OrderCancellation ; survey:hasResponseType ?responseType ; survey:participantCount ?participants . } GROUP BY ?responseType ORDER BY ?responseType,,
EFFKGQA0184,Summarize future demand across region.,future_demand,direct_capability,direct_graph_supported,auto_answer,capability_inventory,0,1,5,,"[{""avgPercentageChange"": ""1993696.795238095238095238095238"", ""regionName"": ""Americas""}, {""avgPercentageChange"": ""1092445.9"", ""regionName"": ""Asia Pacific/All Other""}, {""avgPercentageChange"": ""2386112.016666666666666666666667"", ""regionName"": ""Asia Pacific/China""}, {""avgPercentageChange"": ""1491199.795238095238095238095238"", ""regionName"": ""Europe""}, {""avgPercentageChange"": ""369089.207142857142857142857143"", ""regionName"": ""Japan""}]","Answer: The query returned 5 row(s). Results: region name: Americas, avg percentage change: 1993696.795238095238095238095238; region name: Asia Pacific/All Other, avg percentage change: 1092445.9; region name: Asia Pacific/China, avg percentage change: 2386112.016666666666666666666667; region name: Europe, avg percentage change: 1491199.795238095238095238095238; region name: Japan, avg percentage change: 369089.207142857142857142857143.",,SELECT ?regionName (AVG(?pct) AS ?avgPercentageChange) WHERE { ?entry a survey:DemandForRegion ; survey:inRegion ?region ; survey:totalDemandPercentageChange ?pct . ?region survey:regionName ?regionName . } GROUP BY ?regionName ORDER BY ?regionName,,
EFFKGQA0185,Return semiconductor shortage responses grouped by survey group.,shortage,llm_or_ranking,direct_graph_supported,auto_answer,capability_inventory,0,1,2,,"[{""companyCount"": ""1"", ""shortageStatus"": ""no"", ""surveyGroup"": ""Semiconductor""}, {""companyCount"": ""2"", ""shortageStatus"": ""yes"", ""surveyGroup"": ""Semiconductor""}]","Answer: The query returned 2 row(s). Results: survey group: Semiconductor, shortage status: no, company count: 1; survey group: Semiconductor, shortage status: yes, company count: 2.",,"SELECT ?surveyGroup ?shortageStatus (COUNT(?company) AS ?companyCount) WHERE { BIND(""Semiconductor"" AS ?surveyGroup) ?company a survey:Company ; survey:hasSurveyOrigin ?origin ; survey:reportsShortage ?shortage . ?origin a survey:Semiconductor_Survey . BIND(IF(?shortage = true, ""yes"", ""no"") AS ?shortageStatus) } GROUP BY ?surveyGroup ?shortageStatus ORDER BY ?surveyGroup ?shortageStatus",,
EFFKGQA0186,Give me regional demand grouped by quarter.,regional_demand,llm_or_ranking,direct_graph_supported,auto_answer,capability_inventory,0,1,15,,"[{""regionName"": ""Americas"", ""surveyGroup"": ""OEM"", ""totalDemand"": ""67744458.0""}, {""regionName"": ""Asia Pacific/All Other"", ""surveyGroup"": ""OEM"", ""totalDemand"": ""37293303.0""}, {""regionName"": ""Asia Pacific/China"", ""surveyGroup"": ""OEM"", ""totalDemand"": ""77885298.0""}, {""regionName"": ""Europe"", ""surveyGroup"": ""OEM"", ""totalDemand"": ""51729003.0""}, {""regionName"": ""Japan"", ""surveyGroup"": ""OEM"", ""totalDemand"": ""14117148.0""}, {""regionName"": ""Americas"", ""surveyGroup"": ""Semiconductor"", ""totalDemand"": ""35.0""}, {""regionName"": ""Asia Pacific/All Other"", ""surveyGroup"": ""Semiconductor"", ""totalDemand"": ""10.0""}, {""regionName"": ""Asia Pacific/China"", ""surveyGroup"": ""Semiconductor"", ""totalDemand"": ""20.0""}, {""regionN...","Answer: Regional demand returned 15 grouped row(s). First groups: survey group: OEM, region name: Americas, total demand: 67744458.0; survey group: OEM, region name: All Other, total demand: 37293303.0; survey group: OEM, region name: China, total demand: 77885298.0; survey group: OEM, region name: Europe, total demand: 51729003.0; survey group: OEM, region name: Japan, total demand: 14117148.0; survey group: Semiconductor, region name: Americas, total demand: 35.0; survey group: Semiconductor, region name: All Other, total demand: 10.0; survey group: Semiconductor, region name: China, total demand: 20.0.",,"SELECT ?surveyGroup ?regionName (SUM(?demand) AS ?totalDemand) WHERE { VALUES (?surveyClass ?surveyGroup) { (survey:OEM_Survey ""OEM"") (survey:Tier1_Survey ""Tier1"") (survey:Semiconductor_Survey ""Semiconductor"") } ?entry a survey:DemandForRegion ; survey:hasSurveyOrigin ?origin ; survey:inRegion ?region ; survey:totalDemand ?demand . ?origin a ?surveyClass . ?region survey:regionName ?regionName . } GROUP BY ?surveyGroup ?regionName ORDER BY ?surveyGroup ?regionName",,
EFFKGQA0187,Compare inventory responses by component.,inventory,llm_or_ranking,direct_graph_supported,auto_answer,capability_inventory,0,1,9,,"[{""component"": ""Component_EV"", ""participantTotal"": ""1"", ""trend"": ""Decrease""}, {""component"": ""Component_EV"", ""participantTotal"": ""1"", ""trend"": ""Increase""}, {""component"": ""Component_EV"", ""participantTotal"": ""3"", ""trend"": ""Stable""}, {""component"": ""Component_both"", ""participantTotal"": ""1"", ""trend"": ""Decrease""}, {""component"": ""Component_both"", ""participantTotal"": ""1"", ""trend"": ""Increase""}, {""component"": ""Component_both"", ""participantTotal"": ""3"", ""trend"": ""Stable""}, {""component"": ""Component_non_EV"", ""participantTotal"": ""1"", ""trend"": ""Decrease""}, {""component"": ""Component_non_EV"", ""participantTotal"": ""1"", ""trend"": ""Increase""}, {""component"": ""Component_non_EV"", ""participantTotal"": ""3"", ""trend"": ""S...","Answer: The query returned 9 row(s). First results: component: Component_EV, trend: Decrease, participant total: 1; component: Component_EV, trend: Increase, participant total: 1; component: Component_EV, trend: Stable, participant total: 3; component: Component_both, trend: Decrease, participant total: 1; component: Component_both, trend: Increase, participant total: 1; component: Component_both, trend: Stable, participant total: 3; component: Component_non_EV, trend: Decrease, participant total: 1; component: Component_non_EV, trend: Increase, participant total: 1.",,SELECT ?component ?trend (SUM(?participants) AS ?participantTotal) WHERE { ?entry a survey:InventoryDevelopment_Tier1 ; survey:forComponent ?component ; survey:inventoryTrend ?trend ; survey:participantCount ?participants . } GROUP BY ?component ?trend ORDER BY ?component ?trend,,
EFFKGQA0188,Please how does current demand vary by vehicle type?,regional_demand,llm_or_ranking,llm_ranking,llm_ranking,validated_retrieval,1,5,3,,"[{""pct"": ""-0.36"", ""vehicle"": ""BEV""}, {""pct"": ""3.77"", ""vehicle"": ""BEHV""}, {""pct"": ""4.59"", ""vehicle"": ""ICE""}]","Answer: The query returned 3 row(s). Results: vehicle: BEV, pct: -0.36; vehicle: BEHV, pct: 3.77; vehicle: ICE, pct: 4.59.",selected_best_executable_candidate,"SELECT ?vehicle ?pct WHERE { ?agg a survey:AggregatedDemand ; survey:hasSurveyOrigin survey:OEM_Survey_Instance ; survey:isAggregatedResult true ; survey:forVehicleType ?veh ; survey:percentageChange ?pct . BIND( IF(?veh = survey:BEV, ""BEV"", IF(?veh = survey:BEHV, ""BEHV"", IF(?veh = survey:ICE, ""ICE"", """") ) ) AS ?vehicle ) FILTER(?vehicle != """") BIND( IF(?vehicle = ""BEV"", 1, IF(?vehicle = ""BEHV"", 2, IF(?vehicle = ""ICE"", 3, 4) ) ) AS ?ord ) } ORDER BY ?ord",,
EFFKGQA0189,Please summarize Tier1 current demand per quarter?,regional_demand,llm_or_ranking,llm_ranking,llm_ranking,infineon,1,5,0,,,Answer: No results returned for the given query.,selected_best_executable_candidate,"SELECT ?quarterLabel (SUM(?value) AS ?totalDemand) WHERE { survey:Tier1CurrentDemand a survey:CurrentDemandAnalysis ; survey:hasAggregatedResult ?entry . ?entry survey:forTimePeriod ?quarter ; survey:percentageChange ?value . ?quarter a survey:Quarter . BIND(REPLACE(STR(?quarter), '^.*/', '') AS ?quarterLabel) } GROUP BY ?quarterLabel ORDER BY ?quarterLabel",,
EFFKGQA0190,Show vehicles sold by month.,vehicle_sales,llm_or_ranking,direct_graph_supported,auto_answer,capability_inventory,0,1,48,,"[{""monthLabel"": ""Apr 2023"", ""unitsSold"": ""6425650""}, {""monthLabel"": ""Apr 2024"", ""unitsSold"": ""6818720""}, {""monthLabel"": ""Apr 2025"", ""unitsSold"": ""7260983""}, {""monthLabel"": ""Apr 2026"", ""unitsSold"": ""7009380""}, {""monthLabel"": ""Aug 2023"", ""unitsSold"": ""7057393""}, {""monthLabel"": ""Aug 2024"", ""unitsSold"": ""6837967""}, {""monthLabel"": ""Aug 2025"", ""unitsSold"": ""6966169""}, {""monthLabel"": ""Aug 2026"", ""unitsSold"": ""6967132""}, {""monthLabel"": ""Dec 2023"", ""unitsSold"": ""8093262""}, {""monthLabel"": ""Dec 2024"", ""unitsSold"": ""8544327""}, {""monthLabel"": ""Dec 2025"", ""unitsSold"": ""8455087""}, {""monthLabel"": ""Dec 2026"", ""unitsSold"": ""8482982""}, {""monthLabel"": ""Feb 2023"", ""unitsSold"": ""6176907""}, {""monthLabel"": ""Feb ...","Answer: Vehicle-sales results returned 48 grouped row(s). First groups: month label: Apr 2023, units sold: 6425650; month label: Apr 2024, units sold: 6818720; month label: Apr 2025, units sold: 7260983; month label: Apr 2026, units sold: 7009380; month label: Aug 2023, units sold: 7057393; month label: Aug 2024, units sold: 6837967; month label: Aug 2025, units sold: 6966169; month label: Aug 2026, units sold: 6967132; month label: Dec 2023, units sold: 8093262; month label: Dec 2024, units sold: 8544327; month label: Dec 2025, units sold: 8455087; month label: Dec 2026, units sold: 8482982.",,"SELECT ?monthLabel (SUM(?units) AS ?unitsSold) WHERE { ?obs a survey:VehicleSalesObservation ; survey:forTimePeriod ?month ; survey:unitsSold ?units . OPTIONAL { ?month survey:periodLabel ?periodLabel . } BIND(COALESCE(?periodLabel, REPLACE(STR(?month), ""^.*/"", """")) AS ?monthLabel) } GROUP BY ?monthLabel ORDER BY ?monthLabel",,
EFFKGQA0191,Return shortage status grouped by shortage status.,shortage,llm_or_ranking,direct_graph_supported,auto_answer,capability_inventory,0,1,2,,"[{""companyCount"": ""3"", ""shortageStatus"": ""no""}, {""companyCount"": ""6"", ""shortageStatus"": ""yes""}]","Answer: The query returned 2 row(s). Results: shortage status: no, company count: 3; shortage status: yes, company count: 6.",,"SELECT ?shortageStatus (COUNT(?company) AS ?companyCount) WHERE { VALUES (?surveyClass ?surveyGroup) { (survey:OEM_Survey ""OEM"") (survey:Tier1_Survey ""Tier1"") (survey:Semiconductor_Survey ""Semiconductor"") } ?company a survey:Company ; survey:hasSurveyOrigin ?origin ; survey:reportsShortage ?shortage . ?origin a ?surveyClass . BIND(IF(?shortage = true, ""yes"", ""no"") AS ?shortageStatus) } GROUP BY ?shortageStatus ORDER BY ?shortageStatus",,
EFFKGQA0192,"From the graph, show current demand by quarter?",regional_demand,llm_or_ranking,llm_ranking,llm_ranking,infineon,1,5,0,,,Answer: No results returned for the given query.,selected_best_executable_candidate,"SELECT ?quarterLabel (SUM(?currentDemand) AS ?totalCurrentDemand) WHERE { ?entry a survey:CurrentDemandAnalysis ; survey:forTimePeriod ?quarter ; survey:currentDemand ?currentDemand . ?quarter a survey:Quarter . BIND(REPLACE(STR(?quarter), '^.*/', '') AS ?quarterLabel) } GROUP BY ?quarterLabel ORDER BY ?quarterLabel",,
EFFKGQA0193,Give me the future demand overview by quarter.,future_demand,direct_capability,direct_graph_supported,auto_answer,capability_inventory,0,1,8,,"[{""avgPercentageChange"": ""12.44380952380952380952381"", ""quarterLabel"": ""Current Quarter""}, {""avgPercentageChange"": ""9.510000000000000038461538"", ""quarterLabel"": ""Q1 2026""}, {""avgPercentageChange"": ""26.356153846153846153846154"", ""quarterLabel"": ""Q2 2025""}, {""avgPercentageChange"": ""7.285384615384615384615385"", ""quarterLabel"": ""Q2 2026""}, {""avgPercentageChange"": ""5.861923076923076923076923"", ""quarterLabel"": ""Q3 2025""}, {""avgPercentageChange"": ""8.775384615384615384615385"", ""quarterLabel"": ""Q3 2026""}, {""avgPercentageChange"": ""15.195769230769230807692308"", ""quarterLabel"": ""Q4 2025""}, {""avgPercentageChange"": ""8.727307692307692307692308"", ""quarterLabel"": ""Q4 2026""}]","Answer: The query returned 8 row(s). Results: quarter label: Current Quarter, avg percentage change: 12.44380952380952380952381; quarter label: Q1 2026, avg percentage change: 9.510000000000000038461538; quarter label: Q2 2025, avg percentage change: 26.356153846153846153846154; quarter label: Q2 2026, avg percentage change: 7.285384615384615384615385; quarter label: Q3 2025, avg percentage change: 5.861923076923076923076923; quarter label: Q3 2026, avg percentage change: 8.775384615384615384615385; quarter label: Q4 2025, avg percentage change: 15.195769230769230807692308; quarter label: Q4 2026, avg percentage change: 8.727307692307692307692308.",,SELECT ?quarterLabel (AVG(?pct) AS ?avgPercentageChange) WHERE { ?entry a survey:FutureDemandAnalysis ; survey:forTimePeriod ?quarter ; survey:percentageChange ?pct . ?quarter survey:periodLabel ?quarterLabel . } GROUP BY ?quarterLabel ORDER BY ?quarterLabel,,
EFFKGQA0194,How many OrderCancellation entries exist overall?,catalog_lookup,llm_or_ranking,llm_ranking,llm_ranking,infineon,1,5,1,,"[{""count"": ""30""}]",Answer: The result is 30.,kept_selected_nonempty,SELECT (COUNT(?x) AS ?count) WHERE { ?x a survey:OrderCancellation . },,
EFFKGQA0195,Return forecast vehicle sales grouped by year.,vehicle_sales,llm_or_ranking,direct_graph_supported,auto_answer,capability_inventory,0,1,3,,"[{""unitsSold"": ""88109476"", ""year"": ""2024""}, {""unitsSold"": ""90166856"", ""year"": ""2025""}, {""unitsSold"": ""90471186"", ""year"": ""2026""}]","Answer: The query returned 3 row(s). Results: year: 2024, units sold: 88109476; year: 2025, units sold: 90166856; year: 2026, units sold: 90471186.",,"SELECT ?year (SUM(?units) AS ?unitsSold) WHERE { ?obs a survey:VehicleSalesObservation ; survey:isForecastData true ; survey:forTimePeriod ?month ; survey:unitsSold ?units . OPTIONAL { ?month survey:periodLabel ?periodLabel . } BIND(COALESCE(?periodLabel, REPLACE(STR(?month), ""^.*/"", """")) AS ?label) BIND(REPLACE(STR(?label), ""^.*(20[0-9]{2}).*$"", ""$1"") AS ?year) } GROUP BY ?year ORDER BY ?year",,
EFFKGQA0196,How does demand forecast vary by region?,future_demand,direct_capability,direct_graph_supported,auto_answer,capability_inventory,0,1,5,,"[{""avgPercentageChange"": ""1993696.795238095238095238095238"", ""regionName"": ""Americas""}, {""avgPercentageChange"": ""1092445.9"", ""regionName"": ""Asia Pacific/All Other""}, {""avgPercentageChange"": ""2386112.016666666666666666666667"", ""regionName"": ""Asia Pacific/China""}, {""avgPercentageChange"": ""1491199.795238095238095238095238"", ""regionName"": ""Europe""}, {""avgPercentageChange"": ""369089.207142857142857142857143"", ""regionName"": ""Japan""}]","Answer: The query returned 5 row(s). Results: region name: Americas, avg percentage change: 1993696.795238095238095238095238; region name: Asia Pacific/All Other, avg percentage change: 1092445.9; region name: Asia Pacific/China, avg percentage change: 2386112.016666666666666666666667; region name: Europe, avg percentage change: 1491199.795238095238095238095238; region name: Japan, avg percentage change: 369089.207142857142857142857143.",,SELECT ?regionName (AVG(?pct) AS ?avgPercentageChange) WHERE { ?entry a survey:DemandForRegion ; survey:inRegion ?region ; survey:totalDemandPercentageChange ?pct . ?region survey:regionName ?regionName . } GROUP BY ?regionName ORDER BY ?regionName,,
EFFKGQA0197,Display future-demand percentage by technology category.,future_demand,direct_capability,direct_graph_supported,auto_answer,capability_inventory,0,1,5,,"[{""avgPercentageChange"": ""12.24875"", ""technologyCategory"": ""TechCategory_%3C%3D_7nm""}, {""avgPercentageChange"": ""3.7225"", ""technologyCategory"": ""TechCategory_10nm_to_%3C28nm""}, {""avgPercentageChange"": ""36.1225"", ""technologyCategory"": ""TechCategory_180nm_or_greater""}, {""avgPercentageChange"": ""12.375"", ""technologyCategory"": ""TechCategory_28nm_to_%3C45nm""}, {""avgPercentageChange"": ""2.9525"", ""technologyCategory"": ""TechCategory_55nm_to_180nm""}]","Answer: The query returned 5 row(s). Results: technology category: TechCategory_%3C%3D_7nm, avg percentage change: 12.24875; technology category: TechCategory_10nm_to_%3C28nm, avg percentage change: 3.7225; technology category: TechCategory_180nm_or_greater, avg percentage change: 36.1225; technology category: TechCategory_28nm_to_%3C45nm, avg percentage change: 12.375; technology category: TechCategory_55nm_to_180nm, avg percentage change: 2.9525.",,"SELECT ?technologyCategory (AVG(?pct) AS ?avgPercentageChange) WHERE { ?entry a survey:FutureDemandAnalysis ; survey:analyzesTechnologyCategory ?technology ; survey:percentageChange ?pct . OPTIONAL { ?technology survey:technologyCategoryName ?technologyName . } BIND(COALESCE(?technologyName, REPLACE(STR(?technology), ""^.*/"", """")) AS ?technologyCategory) } GROUP BY ?technologyCategory ORDER BY ?technologyCategory",,
EFFKGQA0198,"For the survey data, how does demand forecast vary by quarter?",future_demand,direct_capability,llm_ranking,llm_ranking,infineon,1,5,16,,"[{""avgForecastChange"": ""14.316666666666666666666667"", ""quarterLabel"": ""Quarter_Current_Quarter""}, {""avgForecastChange"": ""8.713333333333333333333333"", ""quarterLabel"": ""Quarter_Q1_2026""}, {""avgForecastChange"": ""34.438333333333333333333333"", ""quarterLabel"": ""Quarter_Q2_2025""}, {""avgForecastChange"": ""7.131666666666666666666667"", ""quarterLabel"": ""Quarter_Q2_2026""}, {""avgForecastChange"": ""3.555"", ""quarterLabel"": ""Quarter_Q3_2025""}, {""avgForecastChange"": ""9.371666666666666666666667"", ""quarterLabel"": ""Quarter_Q3_2026""}, {""avgForecastChange"": ""19.278333333333333333333333"", ""quarterLabel"": ""Quarter_Q4_2025""}, {""avgForecastChange"": ""9.421666666666666666666667"", ""quarterLabel"": ""Quarter_Q4_2026""}, {""...","Answer: The query returned 16 row(s). First results: quarter label: Quarter_Current_Quarter, avg forecast change: 14.316666666666666666666667; quarter label: Quarter_Q1_2026, avg forecast change: 8.713333333333333333333333; quarter label: Quarter_Q2_2025, avg forecast change: 34.438333333333333333333333; quarter label: Quarter_Q2_2026, avg forecast change: 7.131666666666666666666667; quarter label: Quarter_Q3_2025, avg forecast change: 3.555; quarter label: Quarter_Q3_2026, avg forecast change: 9.371666666666666666666667; quarter label: Quarter_Q4_2025, avg forecast change: 19.278333333333333333333333; quarter label: Quarter_Q4_2026, avg forecast change: 9.421666666666666666666667.",kept_selected_nonempty,"SELECT ?quarterLabel (AVG(?pct) AS ?avgForecastChange) WHERE { ?entry a survey:FutureDemandAnalysis ; survey:forTimePeriod ?quarter ; survey:percentageChange ?pct . BIND(REPLACE(STR(?quarter), '^.*/', '') AS ?quarterLabel) } GROUP BY ?quarterLabel ORDER BY ?quarterLabel",,
EFFKGQA0199,"From the graph, display future-demand percentage by technology category?",future_demand,direct_capability,direct_graph_supported,auto_answer,capability_inventory,0,1,5,,"[{""avgPercentageChange"": ""12.24875"", ""technologyCategory"": ""TechCategory_%3C%3D_7nm""}, {""avgPercentageChange"": ""3.7225"", ""technologyCategory"": ""TechCategory_10nm_to_%3C28nm""}, {""avgPercentageChange"": ""36.1225"", ""technologyCategory"": ""TechCategory_180nm_or_greater""}, {""avgPercentageChange"": ""12.375"", ""technologyCategory"": ""TechCategory_28nm_to_%3C45nm""}, {""avgPercentageChange"": ""2.9525"", ""technologyCategory"": ""TechCategory_55nm_to_180nm""}]","Answer: The query returned 5 row(s). Results: technology category: TechCategory_%3C%3D_7nm, avg percentage change: 12.24875; technology category: TechCategory_10nm_to_%3C28nm, avg percentage change: 3.7225; technology category: TechCategory_180nm_or_greater, avg percentage change: 36.1225; technology category: TechCategory_28nm_to_%3C45nm, avg percentage change: 12.375; technology category: TechCategory_55nm_to_180nm, avg percentage change: 2.9525.",,"SELECT ?technologyCategory (AVG(?pct) AS ?avgPercentageChange) WHERE { ?entry a survey:FutureDemandAnalysis ; survey:analyzesTechnologyCategory ?technology ; survey:percentageChange ?pct . OPTIONAL { ?technology survey:technologyCategoryName ?technologyName . } BIND(COALESCE(?technologyName, REPLACE(STR(?technology), ""^.*/"", """")) AS ?technologyCategory) } GROUP BY ?technologyCategory ORDER BY ?technologyCategory",,
EFFKGQA0200,Compare Tier1 current demand across survey group.,regional_demand,llm_or_ranking,direct_graph_supported,auto_answer,capability_inventory,0,1,1,,"[{""surveyGroup"": ""Tier1"", ""totalDemand"": ""100.0""}]","Answer: The query returned 1 row(s). Results: survey group: Tier1, total demand: 100.0.",,"SELECT ?surveyGroup (SUM(?demand) AS ?totalDemand) WHERE { BIND(""Tier1"" AS ?surveyGroup) ?entry a survey:DemandForRegion ; survey:hasSurveyOrigin ?origin ; survey:totalDemand ?demand . ?origin a survey:Tier1_Survey . } GROUP BY ?surveyGroup ORDER BY ?surveyGroup",,
EFFKGQA0201,What is the total OEM current demand for each survey group?,regional_demand,llm_or_ranking,direct_graph_supported,auto_answer,capability_inventory,0,1,1,,"[{""surveyGroup"": ""OEM"", ""totalDemand"": ""248769210.0""}]","Answer: The query returned 1 row(s). Results: survey group: OEM, total demand: 248769210.0.",,"SELECT ?surveyGroup (SUM(?demand) AS ?totalDemand) WHERE { BIND(""OEM"" AS ?surveyGroup) ?entry a survey:DemandForRegion ; survey:hasSurveyOrigin ?origin ; survey:totalDemand ?demand . ?origin a survey:OEM_Survey . } GROUP BY ?surveyGroup ORDER BY ?surveyGroup",,
EFFKGQA0202,Give me Tier1 current demand grouped by vehicle type.,regional_demand,llm_or_ranking,llm_ranking,llm_ranking,validated_retrieval,1,5,3,,"[{""pct"": ""-0.36"", ""vehicle"": ""BEV""}, {""pct"": ""3.77"", ""vehicle"": ""BEHV""}, {""pct"": ""4.59"", ""vehicle"": ""ICE""}]","Answer: The query returned 3 row(s). Results: vehicle: BEV, pct: -0.36; vehicle: BEHV, pct: 3.77; vehicle: ICE, pct: 4.59.",selected_best_executable_candidate,"SELECT ?vehicle ?pct WHERE { ?agg a survey:AggregatedDemand ; survey:hasSurveyOrigin survey:OEM_Survey_Instance ; survey:isAggregatedResult true ; survey:forVehicleType ?veh ; survey:percentageChange ?pct . BIND( IF(?veh = survey:BEV, ""BEV"", IF(?veh = survey:BEHV, ""BEHV"", IF(?veh = survey:ICE, ""ICE"", """") ) ) AS ?vehicle ) FILTER(?vehicle != """") BIND( IF(?vehicle = ""BEV"", 1, IF(?vehicle = ""BEHV"", 2, IF(?vehicle = ""ICE"", 3, 4) ) ) AS ?ord ) } ORDER BY ?ord",,
EFFKGQA0203,Which vehicle type has the highest vehicle sales units?,vehicle_sales,llm_or_ranking,llm_ranking,llm_ranking,infineon,1,1,0,,,Answer: No results returned for the given query.,selected_best_executable_candidate,"SELECT ?vehicleType (SUM(?unitsSold) AS ?totalUnits) WHERE { ?obs a survey:VehicleSalesObservation ; survey:hasVehicleType ?vehicle ; survey:unitsSold ?unitsSold . BIND(REPLACE(STR(?vehicle), '^.*/', '') AS ?vehicleType) } GROUP BY ?vehicleType ORDER BY DESC(?totalUnits) LIMIT 1",,
EFFKGQA0204,What is the average SAE level development for each survey group?,autonomous_driving,llm_or_ranking,llm_ranking,llm_ranking,validated_retrieval,1,10,15,,"[{""avgPercentage"": ""42.0"", ""saeLevel"": ""1"", ""vehicleType"": ""BEHV""}, {""avgPercentage"": ""52.0"", ""saeLevel"": ""2"", ""vehicleType"": ""BEHV""}, {""avgPercentage"": ""62.0"", ""saeLevel"": ""3"", ""vehicleType"": ""BEHV""}, {""avgPercentage"": ""72.0"", ""saeLevel"": ""4"", ""vehicleType"": ""BEHV""}, {""avgPercentage"": ""82.0"", ""saeLevel"": ""5"", ""vehicleType"": ""BEHV""}, {""avgPercentage"": ""42.0"", ""saeLevel"": ""1"", ""vehicleType"": ""BEV""}, {""avgPercentage"": ""52.0"", ""saeLevel"": ""2"", ""vehicleType"": ""BEV""}, {""avgPercentage"": ""62.0"", ""saeLevel"": ""3"", ""vehicleType"": ""BEV""}, {""avgPercentage"": ""72.0"", ""saeLevel"": ""4"", ""vehicleType"": ""BEV""}, {""avgPercentage"": ""82.0"", ""saeLevel"": ""5"", ""vehicleType"": ""BEV""}, {""avgPercentage"": ""42.0"", ""saeL...","Answer: Autonomous-driving development returned 15 grouped row(s). First groups: vehicle type: BEHV, sae level: 1, avg percentage: 42.0; vehicle type: BEHV, sae level: 2, avg percentage: 52.0; vehicle type: BEHV, sae level: 3, avg percentage: 62.0; vehicle type: BEHV, sae level: 4, avg percentage: 72.0; vehicle type: BEHV, sae level: 5, avg percentage: 82.0; vehicle type: BEV, sae level: 1, avg percentage: 42.0; vehicle type: BEV, sae level: 2, avg percentage: 52.0; vehicle type: BEV, sae level: 3, avg percentage: 62.0.",selected_best_executable_candidate,"SELECT ?vehicleType ?saeLevel (AVG(?percentage) AS ?avgPercentage) WHERE { ?entry a survey:AutonomousDrivingDevelopment ; survey:hasVehicleType ?vehicle ; survey:hasSAELevel ?sae ; survey:hasPercentage ?percentage . BIND(REPLACE(STR(?vehicle), '^.*/', '') AS ?vehicleType) BIND(REPLACE(STR(?sae), '^.*/SAE_Level_', '') AS ?saeLevel) } GROUP BY ?vehicleType ?saeLevel ORDER BY ?vehicleType xsd:integer(?saeLevel)",,
EFFKGQA0205,How does Tier1 current demand vary by survey group?,regional_demand,llm_or_ranking,direct_graph_supported,auto_answer,capability_inventory,0,1,1,,"[{""surveyGroup"": ""Tier1"", ""totalDemand"": ""100.0""}]","Answer: The query returned 1 row(s). Results: survey group: Tier1, total demand: 100.0.",,"SELECT ?surveyGroup (SUM(?demand) AS ?totalDemand) WHERE { BIND(""Tier1"" AS ?surveyGroup) ?entry a survey:DemandForRegion ; survey:hasSurveyOrigin ?origin ; survey:totalDemand ?demand . ?origin a survey:Tier1_Survey . } GROUP BY ?surveyGroup ORDER BY ?surveyGroup",,
EFFKGQA0206,Summarize current demand per survey group.,regional_demand,llm_or_ranking,direct_graph_supported,auto_answer,capability_inventory,0,1,3,,"[{""surveyGroup"": ""OEM"", ""totalDemand"": ""248769210.0""}, {""surveyGroup"": ""Semiconductor"", ""totalDemand"": ""100.0""}, {""surveyGroup"": ""Tier1"", ""totalDemand"": ""100.0""}]","Answer: The query returned 3 row(s). Results: survey group: OEM, total demand: 248769210.0; survey group: Semiconductor, total demand: 100.0; survey group: Tier1, total demand: 100.0.",,"SELECT ?surveyGroup (SUM(?demand) AS ?totalDemand) WHERE { VALUES (?surveyClass ?surveyGroup) { (survey:OEM_Survey ""OEM"") (survey:Tier1_Survey ""Tier1"") (survey:Semiconductor_Survey ""Semiconductor"") } ?entry a survey:DemandForRegion ; survey:hasSurveyOrigin ?origin ; survey:totalDemand ?demand . ?origin a ?surveyClass . } GROUP BY ?surveyGroup ORDER BY ?surveyGroup",,
EFFKGQA0207,What is the average autonomous driving development for each vehicle type?,autonomous_driving,llm_or_ranking,direct_graph_supported,auto_answer,capability_inventory,0,1,3,,"[{""avgPercentage"": ""62.0"", ""vehicleType"": ""BEHV""}, {""avgPercentage"": ""62.0"", ""vehicleType"": ""BEV""}, {""avgPercentage"": ""62.0"", ""vehicleType"": ""ICE""}]","Answer: Autonomous-driving development returned 3 grouped row(s). Groups: vehicle type: BEHV, avg percentage: 62.0; vehicle type: BEV, avg percentage: 62.0; vehicle type: ICE, avg percentage: 62.0.",,"SELECT ?vehicleType (AVG(?pct) AS ?avgPercentage) WHERE { ?entry a survey:AutonomousDrivingDevelopment ; survey:hasVehicleType ?vehicle ; survey:hasPercentage ?pct . BIND(REPLACE(STR(?vehicle), ""^.*/"", """") AS ?vehicleType) } GROUP BY ?vehicleType ORDER BY ?vehicleType",,
EFFKGQA0208,Compare shortage status by technology category.,shortage,llm_or_ranking,llm_ranking,llm_ranking,validated_retrieval,1,13,40,,"[{""quarterLabel"": ""Quarter_Current_Quarter"", ""techLabel"": ""TechCategory_%3C%3D_7nm"", ""totalFutureChange"": ""27.09""}, {""quarterLabel"": ""Quarter_Q1_2026"", ""techLabel"": ""TechCategory_%3C%3D_7nm"", ""totalFutureChange"": ""3.99""}, {""quarterLabel"": ""Quarter_Q2_2025"", ""techLabel"": ""TechCategory_%3C%3D_7nm"", ""totalFutureChange"": ""165.57""}, {""quarterLabel"": ""Quarter_Q2_2026"", ""techLabel"": ""TechCategory_%3C%3D_7nm"", ""totalFutureChange"": ""3.0""}, {""quarterLabel"": ""Quarter_Q3_2025"", ""techLabel"": ""TechCategory_%3C%3D_7nm"", ""totalFutureChange"": ""-63.42""}, {""quarterLabel"": ""Quarter_Q3_2026"", ""techLabel"": ""TechCategory_%3C%3D_7nm"", ""totalFutureChange"": ""52.17""}, {""quarterLabel"": ""Quarter_Q4_2025"", ""techLabel""...",Answer: Future-demand results returned 40 grouped row(s). The highest total future-demand change is TechCategory <= 7nm in Quarter Q2 2025 with 165.57. The lowest is TechCategory <= 7nm in Quarter Q3 2025 with -63.42.,selected_best_executable_candidate,"SELECT ?techLabel ?quarterLabel (SUM(?pct) AS ?totalFutureChange) WHERE { ?entry a survey:FutureDemandAnalysis ; survey:analyzesTechnologyCategory ?tech ; survey:forTimePeriod ?quarter ; survey:percentageChange ?pct . BIND(REPLACE(STR(?tech), '^.*/', '') AS ?techLabel) BIND(REPLACE(STR(?quarter), '^.*/', '') AS ?quarterLabel) } GROUP BY ?techLabel ?quarterLabel ORDER BY ?techLabel ?quarterLabel",,
EFFKGQA0209,Can you return a breakdown of regional demand by survey group?,regional_demand,llm_or_ranking,direct_graph_supported,auto_answer,capability_inventory,0,1,15,,"[{""regionName"": ""Americas"", ""surveyGroup"": ""OEM"", ""totalDemand"": ""67744458.0""}, {""regionName"": ""Asia Pacific/All Other"", ""surveyGroup"": ""OEM"", ""totalDemand"": ""37293303.0""}, {""regionName"": ""Asia Pacific/China"", ""surveyGroup"": ""OEM"", ""totalDemand"": ""77885298.0""}, {""regionName"": ""Europe"", ""surveyGroup"": ""OEM"", ""totalDemand"": ""51729003.0""}, {""regionName"": ""Japan"", ""surveyGroup"": ""OEM"", ""totalDemand"": ""14117148.0""}, {""regionName"": ""Americas"", ""surveyGroup"": ""Semiconductor"", ""totalDemand"": ""35.0""}, {""regionName"": ""Asia Pacific/All Other"", ""surveyGroup"": ""Semiconductor"", ""totalDemand"": ""10.0""}, {""regionName"": ""Asia Pacific/China"", ""surveyGroup"": ""Semiconductor"", ""totalDemand"": ""20.0""}, {""regionN...","Answer: Regional demand returned 15 grouped row(s). First groups: survey group: OEM, region name: Americas, total demand: 67744458.0; survey group: OEM, region name: All Other, total demand: 37293303.0; survey group: OEM, region name: China, total demand: 77885298.0; survey group: OEM, region name: Europe, total demand: 51729003.0; survey group: OEM, region name: Japan, total demand: 14117148.0; survey group: Semiconductor, region name: Americas, total demand: 35.0; survey group: Semiconductor, region name: All Other, total demand: 10.0; survey group: Semiconductor, region name: China, total demand: 20.0.",,"SELECT ?surveyGroup ?regionName (SUM(?demand) AS ?totalDemand) WHERE { VALUES (?surveyClass ?surveyGroup) { (survey:OEM_Survey ""OEM"") (survey:Tier1_Survey ""Tier1"") (survey:Semiconductor_Survey ""Semiconductor"") } ?entry a survey:DemandForRegion ; survey:hasSurveyOrigin ?origin ; survey:inRegion ?region ; survey:totalDemand ?demand . ?origin a ?surveyClass . ?region survey:regionName ?regionName . } GROUP BY ?surveyGroup ?regionName ORDER BY ?surveyGroup ?regionName",,
EFFKGQA0210,Compare future demand change across region.,future_demand,direct_capability,direct_graph_supported,auto_answer,capability_inventory,0,1,5,,"[{""avgPercentageChange"": ""1993696.795238095238095238095238"", ""regionName"": ""Americas""}, {""avgPercentageChange"": ""1092445.9"", ""regionName"": ""Asia Pacific/All Other""}, {""avgPercentageChange"": ""2386112.016666666666666666666667"", ""regionName"": ""Asia Pacific/China""}, {""avgPercentageChange"": ""1491199.795238095238095238095238"", ""regionName"": ""Europe""}, {""avgPercentageChange"": ""369089.207142857142857142857143"", ""regionName"": ""Japan""}]","Answer: The query returned 5 row(s). Results: region name: Americas, avg percentage change: 1993696.795238095238095238095238; region name: Asia Pacific/All Other, avg percentage change: 1092445.9; region name: Asia Pacific/China, avg percentage change: 2386112.016666666666666666666667; region name: Europe, avg percentage change: 1491199.795238095238095238095238; region name: Japan, avg percentage change: 369089.207142857142857142857143.",,SELECT ?regionName (AVG(?pct) AS ?avgPercentageChange) WHERE { ?entry a survey:DemandForRegion ; survey:inRegion ?region ; survey:totalDemandPercentageChange ?pct . ?region survey:regionName ?regionName . } GROUP BY ?regionName ORDER BY ?regionName,,
EFFKGQA0211,Show future demand percentage changes by vehicle type.,future_demand,direct_capability,direct_graph_supported,auto_answer,capability_inventory,0,1,3,,"[{""avgPercentageChange"": ""1.505"", ""vehicleType"": ""BEHV""}, {""avgPercentageChange"": ""4.74375"", ""vehicleType"": ""BEV""}, {""avgPercentageChange"": ""0.845"", ""vehicleType"": ""ICE""}]","Answer: The query returned 3 row(s). Results: vehicle type: BEHV, avg percentage change: 1.505; vehicle type: BEV, avg percentage change: 4.74375; vehicle type: ICE, avg percentage change: 0.845.",,"SELECT ?vehicleType (AVG(?pct) AS ?avgPercentageChange) WHERE { ?entry a survey:FutureDemandAnalysis ; survey:analyzesVehicleType ?vehicle ; survey:percentageChange ?pct . BIND(REPLACE(STR(?vehicle), ""^.*/"", """") AS ?vehicleType) } GROUP BY ?vehicleType ORDER BY ?vehicleType",,
EFFKGQA0212,Can you what is the total Tier1 current demand for each region?,regional_demand,llm_or_ranking,direct_graph_supported,auto_answer,capability_inventory,0,1,5,,"[{""regionName"": ""Americas"", ""totalDemand"": ""30.0""}, {""regionName"": ""Asia Pacific/All Other"", ""totalDemand"": ""10.0""}, {""regionName"": ""Asia Pacific/China"", ""totalDemand"": ""15.0""}, {""regionName"": ""Europe"", ""totalDemand"": ""30.0""}, {""regionName"": ""Japan"", ""totalDemand"": ""15.0""}]","Answer: Regional demand returned 5 grouped row(s). Groups: region name: Americas, total demand: 30.0; region name: All Other, total demand: 10.0; region name: China, total demand: 15.0; region name: Europe, total demand: 30.0; region name: Japan, total demand: 15.0.",,"SELECT ?regionName (SUM(?demand) AS ?totalDemand) WHERE { BIND(""Tier1"" AS ?surveyGroup) ?entry a survey:DemandForRegion ; survey:hasSurveyOrigin ?origin ; survey:inRegion ?region ; survey:totalDemand ?demand . ?origin a survey:Tier1_Survey . ?region survey:regionName ?regionName . } GROUP BY ?regionName ORDER BY ?regionName",,
EFFKGQA0213,Summarize self-driving development by SAE level.,autonomous_driving,llm_or_ranking,direct_graph_supported,auto_answer,capability_inventory,0,1,5,,"[{""avgPercentage"": ""42.0"", ""saeLevel"": ""SAE_Level_1""}, {""avgPercentage"": ""52.0"", ""saeLevel"": ""SAE_Level_2""}, {""avgPercentage"": ""62.0"", ""saeLevel"": ""SAE_Level_3""}, {""avgPercentage"": ""72.0"", ""saeLevel"": ""SAE_Level_4""}, {""avgPercentage"": ""82.0"", ""saeLevel"": ""SAE_Level_5""}]","Answer: The query returned 5 row(s). Results: sae level: SAE_Level_1, avg percentage: 42.0; sae level: SAE_Level_2, avg percentage: 52.0; sae level: SAE_Level_3, avg percentage: 62.0; sae level: SAE_Level_4, avg percentage: 72.0; sae level: SAE_Level_5, avg percentage: 82.0.",,"SELECT ?saeLevel (AVG(?pct) AS ?avgPercentage) WHERE { ?entry a survey:AutonomousDrivingDevelopment ; survey:hasSAELevel ?sae ; survey:hasPercentage ?pct . BIND(REPLACE(STR(?sae), ""^.*/"", """") AS ?saeLevel) } GROUP BY ?saeLevel ORDER BY ?saeLevel",,
EFFKGQA0214,Show vehicle sales units by time period.,vehicle_sales,llm_or_ranking,llm_ranking,llm_ranking,validated_retrieval,1,5,12,,"[{""monthLabel"": ""time_Apr_2023"", ""unitsSold"": ""6425650""}, {""monthLabel"": ""time_Aug_2023"", ""unitsSold"": ""7057393""}, {""monthLabel"": ""time_Dec_2023"", ""unitsSold"": ""8093262""}, {""monthLabel"": ""time_Feb_2023"", ""unitsSold"": ""6176907""}, {""monthLabel"": ""time_Jan_2023"", ""unitsSold"": ""5727449""}, {""monthLabel"": ""time_Jul_2023"", ""unitsSold"": ""7066342""}, {""monthLabel"": ""time_Jun_2023"", ""unitsSold"": ""7678947""}, {""monthLabel"": ""time_Mar_2023"", ""unitsSold"": ""7847474""}, {""monthLabel"": ""time_May_2023"", ""unitsSold"": ""7164150""}, {""monthLabel"": ""time_Nov_2023"", ""unitsSold"": ""7699941""}, {""monthLabel"": ""time_Oct_2023"", ""unitsSold"": ""7459190""}, {""monthLabel"": ""time_Sep_2023"", ""unitsSold"": ""7728774""}]","Answer: Vehicle-sales results returned 12 grouped row(s). Groups: month label: time Apr 2023, units sold: 6425650; month label: time Aug 2023, units sold: 7057393; month label: time Dec 2023, units sold: 8093262; month label: time Feb 2023, units sold: 6176907; month label: time Jan 2023, units sold: 5727449; month label: time Jul 2023, units sold: 7066342; month label: time Jun 2023, units sold: 7678947; month label: time Mar 2023, units sold: 7847474; month label: time May 2023, units sold: 7164150; month label: time Nov 2023, units sold: 7699941; month label: time Oct 2023, units sold: 7459190; month label: time Sep 2023, units sold: 7728774.",switched_to_nonempty_candidate,"SELECT ?monthLabel (SUM(?units) AS ?unitsSold) WHERE { ?obs a survey:VehicleSalesObservation ; survey:forTimePeriod ?month ; survey:isActualData true ; survey:unitsSold ?units . BIND(REPLACE(STR(?month), '^.*/', '') AS ?monthLabel) } GROUP BY ?monthLabel ORDER BY ?monthLabel",,
EFFKGQA0215,Use the graph to show Tier1 current demand by vehicle type.,regional_demand,llm_or_ranking,llm_ranking,llm_ranking,validated_retrieval,1,5,3,,"[{""pct"": ""-0.36"", ""vehicle"": ""BEV""}, {""pct"": ""3.77"", ""vehicle"": ""BEHV""}, {""pct"": ""4.59"", ""vehicle"": ""ICE""}]","Answer: The query returned 3 row(s). Results: vehicle: BEV, pct: -0.36; vehicle: BEHV, pct: 3.77; vehicle: ICE, pct: 4.59.",selected_best_executable_candidate,"SELECT ?vehicle ?pct WHERE { ?agg a survey:AggregatedDemand ; survey:hasSurveyOrigin survey:OEM_Survey_Instance ; survey:isAggregatedResult true ; survey:forVehicleType ?veh ; survey:percentageChange ?pct . BIND( IF(?veh = survey:BEV, ""BEV"", IF(?veh = survey:BEHV, ""BEHV"", IF(?veh = survey:ICE, ""ICE"", """") ) ) AS ?vehicle ) FILTER(?vehicle != """") BIND( IF(?vehicle = ""BEV"", 1, IF(?vehicle = ""BEHV"", 2, IF(?vehicle = ""ICE"", 3, 4) ) ) AS ?ord ) } ORDER BY ?ord",,
EFFKGQA0216,Return order cancellation responses grouped by technology category.,order_cancellation,llm_or_ranking,direct_graph_supported,auto_answer,capability_inventory,0,1,5,,"[{""participantCount"": ""3"", ""technologyCategory"": ""OrderCancellationChange_Semi_10nm_to_lt28nm""}, {""participantCount"": ""3"", ""technologyCategory"": ""OrderCancellationChange_Semi_180nm_or_greater""}, {""participantCount"": ""3"", ""technologyCategory"": ""OrderCancellationChange_Semi_28nm_to_lt45nm""}, {""participantCount"": ""3"", ""technologyCategory"": ""OrderCancellationChange_Semi_55nm_to_180nm""}, {""participantCount"": ""3"", ""technologyCategory"": ""OrderCancellationChange_Semi_lt%3D_7nm""}]","Answer: The query returned 5 row(s). Results: technology category: OrderCancellationChange_Semi_10nm_to_lt28nm, participant count: 3; technology category: OrderCancellationChange_Semi_180nm_or_greater, participant count: 3; technology category: OrderCancellationChange_Semi_28nm_to_lt45nm, participant count: 3; technology category: OrderCancellationChange_Semi_55nm_to_180nm, participant count: 3; technology category: OrderCancellationChange_Semi_lt%3D_7nm, participant count: 3.",,"SELECT ?technologyCategory (SUM(?participants) AS ?participantCount) WHERE { ?entry a survey:OrderCancellation ; survey:forTechnologyCategory ?technology ; survey:participantCount ?participants . BIND(REPLACE(STR(?technology), ""^.*/"", """") AS ?technologyCategory) } GROUP BY ?technologyCategory ORDER BY ?technologyCategory",,
EFFKGQA0217,Show semiconductor current demand by quarter.,regional_demand,llm_or_ranking,llm_ranking,llm_ranking,infineon,1,5,0,,,Answer: No results returned for the given query.,selected_best_executable_candidate,"SELECT ?quarterLabel (SUM(?currentDemand) AS ?totalCurrentDemand) WHERE { ?analysis a survey:CurrentDemandAnalysis ; survey:hasSurveyOrigin ?origin ; survey:forTimePeriod ?quarter ; survey:currentDemand ?currentDemand . ?origin a survey:Semiconductor_Survey . BIND(REPLACE(STR(?quarter), '^.*/', '') AS ?quarterLabel) } GROUP BY ?quarterLabel ORDER BY ?quarterLabel",,
EFFKGQA0218,Show current demand by region.,regional_demand,llm_or_ranking,direct_graph_supported,auto_answer,capability_inventory,0,1,15,,"[{""regionName"": ""Americas"", ""surveyGroup"": ""OEM"", ""totalDemand"": ""67744458.0""}, {""regionName"": ""Asia Pacific/All Other"", ""surveyGroup"": ""OEM"", ""totalDemand"": ""37293303.0""}, {""regionName"": ""Asia Pacific/China"", ""surveyGroup"": ""OEM"", ""totalDemand"": ""77885298.0""}, {""regionName"": ""Europe"", ""surveyGroup"": ""OEM"", ""totalDemand"": ""51729003.0""}, {""regionName"": ""Japan"", ""surveyGroup"": ""OEM"", ""totalDemand"": ""14117148.0""}, {""regionName"": ""Americas"", ""surveyGroup"": ""Semiconductor"", ""totalDemand"": ""35.0""}, {""regionName"": ""Asia Pacific/All Other"", ""surveyGroup"": ""Semiconductor"", ""totalDemand"": ""10.0""}, {""regionName"": ""Asia Pacific/China"", ""surveyGroup"": ""Semiconductor"", ""totalDemand"": ""20.0""}, {""regionN...","Answer: Regional demand returned 15 grouped row(s). First groups: survey group: OEM, region name: Americas, total demand: 67744458.0; survey group: OEM, region name: All Other, total demand: 37293303.0; survey group: OEM, region name: China, total demand: 77885298.0; survey group: OEM, region name: Europe, total demand: 51729003.0; survey group: OEM, region name: Japan, total demand: 14117148.0; survey group: Semiconductor, region name: Americas, total demand: 35.0; survey group: Semiconductor, region name: All Other, total demand: 10.0; survey group: Semiconductor, region name: China, total demand: 20.0.",,"SELECT ?surveyGroup ?regionName (SUM(?demand) AS ?totalDemand) WHERE { VALUES (?surveyClass ?surveyGroup) { (survey:OEM_Survey ""OEM"") (survey:Tier1_Survey ""Tier1"") (survey:Semiconductor_Survey ""Semiconductor"") } ?entry a survey:DemandForRegion ; survey:hasSurveyOrigin ?origin ; survey:inRegion ?region ; survey:totalDemand ?demand . ?origin a ?surveyClass . ?region survey:regionName ?regionName . } GROUP BY ?surveyGroup ?regionName ORDER BY ?surveyGroup ?regionName",,
EFFKGQA0219,Show the average future demand change for every quarter.,future_demand,direct_capability,direct_graph_supported,auto_answer,capability_inventory,0,1,8,,"[{""avgPercentageChange"": ""12.44380952380952380952381"", ""quarterLabel"": ""Current Quarter""}, {""avgPercentageChange"": ""9.510000000000000038461538"", ""quarterLabel"": ""Q1 2026""}, {""avgPercentageChange"": ""26.356153846153846153846154"", ""quarterLabel"": ""Q2 2025""}, {""avgPercentageChange"": ""7.285384615384615384615385"", ""quarterLabel"": ""Q2 2026""}, {""avgPercentageChange"": ""5.861923076923076923076923"", ""quarterLabel"": ""Q3 2025""}, {""avgPercentageChange"": ""8.775384615384615384615385"", ""quarterLabel"": ""Q3 2026""}, {""avgPercentageChange"": ""15.195769230769230807692308"", ""quarterLabel"": ""Q4 2025""}, {""avgPercentageChange"": ""8.727307692307692307692308"", ""quarterLabel"": ""Q4 2026""}]","Answer: The query returned 8 row(s). Results: quarter label: Current Quarter, avg percentage change: 12.44380952380952380952381; quarter label: Q1 2026, avg percentage change: 9.510000000000000038461538; quarter label: Q2 2025, avg percentage change: 26.356153846153846153846154; quarter label: Q2 2026, avg percentage change: 7.285384615384615384615385; quarter label: Q3 2025, avg percentage change: 5.861923076923076923076923; quarter label: Q3 2026, avg percentage change: 8.775384615384615384615385; quarter label: Q4 2025, avg percentage change: 15.195769230769230807692308; quarter label: Q4 2026, avg percentage change: 8.727307692307692307692308.",,SELECT ?quarterLabel (AVG(?pct) AS ?avgPercentageChange) WHERE { ?entry a survey:FutureDemandAnalysis ; survey:forTimePeriod ?quarter ; survey:percentageChange ?pct . ?quarter survey:periodLabel ?quarterLabel . } GROUP BY ?quarterLabel ORDER BY ?quarterLabel,,
EFFKGQA0220,Can you give me the future demand overview by quarter?,future_demand,direct_capability,direct_graph_supported,auto_answer,capability_inventory,0,1,8,,"[{""avgPercentageChange"": ""12.44380952380952380952381"", ""quarterLabel"": ""Current Quarter""}, {""avgPercentageChange"": ""9.510000000000000038461538"", ""quarterLabel"": ""Q1 2026""}, {""avgPercentageChange"": ""26.356153846153846153846154"", ""quarterLabel"": ""Q2 2025""}, {""avgPercentageChange"": ""7.285384615384615384615385"", ""quarterLabel"": ""Q2 2026""}, {""avgPercentageChange"": ""5.861923076923076923076923"", ""quarterLabel"": ""Q3 2025""}, {""avgPercentageChange"": ""8.775384615384615384615385"", ""quarterLabel"": ""Q3 2026""}, {""avgPercentageChange"": ""15.195769230769230807692308"", ""quarterLabel"": ""Q4 2025""}, {""avgPercentageChange"": ""8.727307692307692307692308"", ""quarterLabel"": ""Q4 2026""}]","Answer: The query returned 8 row(s). Results: quarter label: Current Quarter, avg percentage change: 12.44380952380952380952381; quarter label: Q1 2026, avg percentage change: 9.510000000000000038461538; quarter label: Q2 2025, avg percentage change: 26.356153846153846153846154; quarter label: Q2 2026, avg percentage change: 7.285384615384615384615385; quarter label: Q3 2025, avg percentage change: 5.861923076923076923076923; quarter label: Q3 2026, avg percentage change: 8.775384615384615384615385; quarter label: Q4 2025, avg percentage change: 15.195769230769230807692308; quarter label: Q4 2026, avg percentage change: 8.727307692307692307692308.",,SELECT ?quarterLabel (AVG(?pct) AS ?avgPercentageChange) WHERE { ?entry a survey:FutureDemandAnalysis ; survey:forTimePeriod ?quarter ; survey:percentageChange ?pct . ?quarter survey:periodLabel ?quarterLabel . } GROUP BY ?quarterLabel ORDER BY ?quarterLabel,,
EFFKGQA0221,Give monthly results for actual vehicle sales.,vehicle_sales,llm_or_ranking,direct_graph_supported,auto_answer,capability_inventory,0,1,12,,"[{""monthLabel"": ""Apr 2023"", ""unitsSold"": ""6425650""}, {""monthLabel"": ""Aug 2023"", ""unitsSold"": ""7057393""}, {""monthLabel"": ""Dec 2023"", ""unitsSold"": ""8093262""}, {""monthLabel"": ""Feb 2023"", ""unitsSold"": ""6176907""}, {""monthLabel"": ""Jan 2023"", ""unitsSold"": ""5727449""}, {""monthLabel"": ""Jul 2023"", ""unitsSold"": ""7066342""}, {""monthLabel"": ""Jun 2023"", ""unitsSold"": ""7678947""}, {""monthLabel"": ""Mar 2023"", ""unitsSold"": ""7847474""}, {""monthLabel"": ""May 2023"", ""unitsSold"": ""7164150""}, {""monthLabel"": ""Nov 2023"", ""unitsSold"": ""7699941""}, {""monthLabel"": ""Oct 2023"", ""unitsSold"": ""7459190""}, {""monthLabel"": ""Sep 2023"", ""unitsSold"": ""7728774""}]","Answer: Vehicle-sales results returned 12 grouped row(s). Groups: month label: Apr 2023, units sold: 6425650; month label: Aug 2023, units sold: 7057393; month label: Dec 2023, units sold: 8093262; month label: Feb 2023, units sold: 6176907; month label: Jan 2023, units sold: 5727449; month label: Jul 2023, units sold: 7066342; month label: Jun 2023, units sold: 7678947; month label: Mar 2023, units sold: 7847474; month label: May 2023, units sold: 7164150; month label: Nov 2023, units sold: 7699941; month label: Oct 2023, units sold: 7459190; month label: Sep 2023, units sold: 7728774.",,"SELECT ?monthLabel (SUM(?units) AS ?unitsSold) WHERE { ?obs a survey:VehicleSalesObservation ; survey:isActualData true ; survey:forTimePeriod ?month ; survey:unitsSold ?units . OPTIONAL { ?month survey:periodLabel ?periodLabel . } BIND(COALESCE(?periodLabel, REPLACE(STR(?month), ""^.*/"", """")) AS ?monthLabel) } GROUP BY ?monthLabel ORDER BY ?monthLabel",,
EFFKGQA0222,"From the graph, show future demand by technology category?",future_demand,direct_capability,direct_graph_supported,auto_answer,capability_inventory,0,1,5,,"[{""avgPercentageChange"": ""12.24875"", ""technologyCategory"": ""TechCategory_%3C%3D_7nm""}, {""avgPercentageChange"": ""3.7225"", ""technologyCategory"": ""TechCategory_10nm_to_%3C28nm""}, {""avgPercentageChange"": ""36.1225"", ""technologyCategory"": ""TechCategory_180nm_or_greater""}, {""avgPercentageChange"": ""12.375"", ""technologyCategory"": ""TechCategory_28nm_to_%3C45nm""}, {""avgPercentageChange"": ""2.9525"", ""technologyCategory"": ""TechCategory_55nm_to_180nm""}]","Answer: The query returned 5 row(s). Results: technology category: TechCategory_%3C%3D_7nm, avg percentage change: 12.24875; technology category: TechCategory_10nm_to_%3C28nm, avg percentage change: 3.7225; technology category: TechCategory_180nm_or_greater, avg percentage change: 36.1225; technology category: TechCategory_28nm_to_%3C45nm, avg percentage change: 12.375; technology category: TechCategory_55nm_to_180nm, avg percentage change: 2.9525.",,"SELECT ?technologyCategory (AVG(?pct) AS ?avgPercentageChange) WHERE { ?entry a survey:FutureDemandAnalysis ; survey:analyzesTechnologyCategory ?technology ; survey:percentageChange ?pct . OPTIONAL { ?technology survey:technologyCategoryName ?technologyName . } BIND(COALESCE(?technologyName, REPLACE(STR(?technology), ""^.*/"", """")) AS ?technologyCategory) } GROUP BY ?technologyCategory ORDER BY ?technologyCategory",,
EFFKGQA0223,Summarize SAE level development by vehicle type.,autonomous_driving,llm_or_ranking,direct_graph_supported,auto_answer,capability_inventory,0,1,15,,"[{""avgPercentage"": ""42.0"", ""saeLevel"": ""SAE_Level_1"", ""vehicleType"": ""BEHV""}, {""avgPercentage"": ""52.0"", ""saeLevel"": ""SAE_Level_2"", ""vehicleType"": ""BEHV""}, {""avgPercentage"": ""62.0"", ""saeLevel"": ""SAE_Level_3"", ""vehicleType"": ""BEHV""}, {""avgPercentage"": ""72.0"", ""saeLevel"": ""SAE_Level_4"", ""vehicleType"": ""BEHV""}, {""avgPercentage"": ""82.0"", ""saeLevel"": ""SAE_Level_5"", ""vehicleType"": ""BEHV""}, {""avgPercentage"": ""42.0"", ""saeLevel"": ""SAE_Level_1"", ""vehicleType"": ""BEV""}, {""avgPercentage"": ""52.0"", ""saeLevel"": ""SAE_Level_2"", ""vehicleType"": ""BEV""}, {""avgPercentage"": ""62.0"", ""saeLevel"": ""SAE_Level_3"", ""vehicleType"": ""BEV""}, {""avgPercentage"": ""72.0"", ""saeLevel"": ""SAE_Level_4"", ""vehicleType"": ""BEV""}, {""avgPe...","Answer: Autonomous-driving development returned 15 grouped row(s). First groups: vehicle type: BEHV, sae level: SAE Level 1, avg percentage: 42.0; vehicle type: BEHV, sae level: SAE Level 2, avg percentage: 52.0; vehicle type: BEHV, sae level: SAE Level 3, avg percentage: 62.0; vehicle type: BEHV, sae level: SAE Level 4, avg percentage: 72.0; vehicle type: BEHV, sae level: SAE Level 5, avg percentage: 82.0; vehicle type: BEV, sae level: SAE Level 1, avg percentage: 42.0; vehicle type: BEV, sae level: SAE Level 2, avg percentage: 52.0; vehicle type: BEV, sae level: SAE Level 3, avg percentage: 62.0.",,"SELECT ?vehicleType ?saeLevel (AVG(?pct) AS ?avgPercentage) WHERE { ?entry a survey:AutonomousDrivingDevelopment ; survey:hasVehicleType ?vehicle ; survey:hasSAELevel ?sae ; survey:hasPercentage ?pct . BIND(REPLACE(STR(?vehicle), ""^.*/"", """") AS ?vehicleType) BIND(REPLACE(STR(?sae), ""^.*/"", """") AS ?saeLevel) } GROUP BY ?vehicleType ?saeLevel ORDER BY ?vehicleType ?saeLevel",,
EFFKGQA0224,"For the survey data, return a breakdown of regional demand by quarter?",regional_demand,llm_or_ranking,direct_graph_supported,auto_answer,capability_inventory,0,1,15,,"[{""regionName"": ""Americas"", ""surveyGroup"": ""OEM"", ""totalDemand"": ""67744458.0""}, {""regionName"": ""Asia Pacific/All Other"", ""surveyGroup"": ""OEM"", ""totalDemand"": ""37293303.0""}, {""regionName"": ""Asia Pacific/China"", ""surveyGroup"": ""OEM"", ""totalDemand"": ""77885298.0""}, {""regionName"": ""Europe"", ""surveyGroup"": ""OEM"", ""totalDemand"": ""51729003.0""}, {""regionName"": ""Japan"", ""surveyGroup"": ""OEM"", ""totalDemand"": ""14117148.0""}, {""regionName"": ""Americas"", ""surveyGroup"": ""Semiconductor"", ""totalDemand"": ""35.0""}, {""regionName"": ""Asia Pacific/All Other"", ""surveyGroup"": ""Semiconductor"", ""totalDemand"": ""10.0""}, {""regionName"": ""Asia Pacific/China"", ""surveyGroup"": ""Semiconductor"", ""totalDemand"": ""20.0""}, {""regionN...","Answer: Regional demand returned 15 grouped row(s). First groups: survey group: OEM, region name: Americas, total demand: 67744458.0; survey group: OEM, region name: All Other, total demand: 37293303.0; survey group: OEM, region name: China, total demand: 77885298.0; survey group: OEM, region name: Europe, total demand: 51729003.0; survey group: OEM, region name: Japan, total demand: 14117148.0; survey group: Semiconductor, region name: Americas, total demand: 35.0; survey group: Semiconductor, region name: All Other, total demand: 10.0; survey group: Semiconductor, region name: China, total demand: 20.0.",,"SELECT ?surveyGroup ?regionName (SUM(?demand) AS ?totalDemand) WHERE { VALUES (?surveyClass ?surveyGroup) { (survey:OEM_Survey ""OEM"") (survey:Tier1_Survey ""Tier1"") (survey:Semiconductor_Survey ""Semiconductor"") } ?entry a survey:DemandForRegion ; survey:hasSurveyOrigin ?origin ; survey:inRegion ?region ; survey:totalDemand ?demand . ?origin a ?surveyClass . ?region survey:regionName ?regionName . } GROUP BY ?surveyGroup ?regionName ORDER BY ?surveyGroup ?regionName",,
EFFKGQA0225,Summarize OEM current demand per survey group.,regional_demand,llm_or_ranking,direct_graph_supported,auto_answer,capability_inventory,0,1,1,,"[{""surveyGroup"": ""OEM"", ""totalDemand"": ""248769210.0""}]","Answer: The query returned 1 row(s). Results: survey group: OEM, total demand: 248769210.0.",,"SELECT ?surveyGroup (SUM(?demand) AS ?totalDemand) WHERE { BIND(""OEM"" AS ?surveyGroup) ?entry a survey:DemandForRegion ; survey:hasSurveyOrigin ?origin ; survey:totalDemand ?demand . ?origin a survey:OEM_Survey . } GROUP BY ?surveyGroup ORDER BY ?surveyGroup",,
EFFKGQA0226,Compare semiconductor shortage responses by survey group.,shortage,llm_or_ranking,direct_graph_supported,auto_answer,capability_inventory,0,1,2,,"[{""companyCount"": ""1"", ""shortageStatus"": ""no"", ""surveyGroup"": ""Semiconductor""}, {""companyCount"": ""2"", ""shortageStatus"": ""yes"", ""surveyGroup"": ""Semiconductor""}]","Answer: The query returned 2 row(s). Results: survey group: Semiconductor, shortage status: no, company count: 1; survey group: Semiconductor, shortage status: yes, company count: 2.",,"SELECT ?surveyGroup ?shortageStatus (COUNT(?company) AS ?companyCount) WHERE { BIND(""Semiconductor"" AS ?surveyGroup) ?company a survey:Company ; survey:hasSurveyOrigin ?origin ; survey:reportsShortage ?shortage . ?origin a survey:Semiconductor_Survey . BIND(IF(?shortage = true, ""yes"", ""no"") AS ?shortageStatus) } GROUP BY ?surveyGroup ?shortageStatus ORDER BY ?surveyGroup ?shortageStatus",,
EFFKGQA0227,Can you compare current demand across survey group?,regional_demand,llm_or_ranking,direct_graph_supported,auto_answer,capability_inventory,0,1,3,,"[{""surveyGroup"": ""OEM"", ""totalDemand"": ""248769210.0""}, {""surveyGroup"": ""Semiconductor"", ""totalDemand"": ""100.0""}, {""surveyGroup"": ""Tier1"", ""totalDemand"": ""100.0""}]","Answer: The query returned 3 row(s). Results: survey group: OEM, total demand: 248769210.0; survey group: Semiconductor, total demand: 100.0; survey group: Tier1, total demand: 100.0.",,"SELECT ?surveyGroup (SUM(?demand) AS ?totalDemand) WHERE { VALUES (?surveyClass ?surveyGroup) { (survey:OEM_Survey ""OEM"") (survey:Tier1_Survey ""Tier1"") (survey:Semiconductor_Survey ""Semiconductor"") } ?entry a survey:DemandForRegion ; survey:hasSurveyOrigin ?origin ; survey:totalDemand ?demand . ?origin a ?surveyClass . } GROUP BY ?surveyGroup ORDER BY ?surveyGroup",,
EFFKGQA0228,Use the True Demand KG to show future demand by technology category.,future_demand,direct_capability,direct_graph_supported,auto_answer,capability_inventory,0,1,5,,"[{""avgPercentageChange"": ""12.24875"", ""technologyCategory"": ""TechCategory_%3C%3D_7nm""}, {""avgPercentageChange"": ""3.7225"", ""technologyCategory"": ""TechCategory_10nm_to_%3C28nm""}, {""avgPercentageChange"": ""36.1225"", ""technologyCategory"": ""TechCategory_180nm_or_greater""}, {""avgPercentageChange"": ""12.375"", ""technologyCategory"": ""TechCategory_28nm_to_%3C45nm""}, {""avgPercentageChange"": ""2.9525"", ""technologyCategory"": ""TechCategory_55nm_to_180nm""}]","Answer: The query returned 5 row(s). Results: technology category: TechCategory_%3C%3D_7nm, avg percentage change: 12.24875; technology category: TechCategory_10nm_to_%3C28nm, avg percentage change: 3.7225; technology category: TechCategory_180nm_or_greater, avg percentage change: 36.1225; technology category: TechCategory_28nm_to_%3C45nm, avg percentage change: 12.375; technology category: TechCategory_55nm_to_180nm, avg percentage change: 2.9525.",,"SELECT ?technologyCategory (AVG(?pct) AS ?avgPercentageChange) WHERE { ?entry a survey:FutureDemandAnalysis ; survey:analyzesTechnologyCategory ?technology ; survey:percentageChange ?pct . OPTIONAL { ?technology survey:technologyCategoryName ?technologyName . } BIND(COALESCE(?technologyName, REPLACE(STR(?technology), ""^.*/"", """")) AS ?technologyCategory) } GROUP BY ?technologyCategory ORDER BY ?technologyCategory",,
EFFKGQA0229,Summarize vehicles sold over vehicle type.,vehicle_sales,llm_or_ranking,llm_ranking,llm_ranking,infineon,1,4,0,,,Answer: No results returned for the given query.,selected_best_executable_candidate,"SELECT ?vehicleType (SUM(?unitsSold) AS ?totalSold) WHERE { ?obs a survey:VehicleSalesObservation ; survey:hasVehicleType ?veh ; survey:unitsSold ?unitsSold . BIND(REPLACE(STR(?veh), '^.*/', '') AS ?vehicleType) } GROUP BY ?vehicleType ORDER BY DESC(?totalSold)",,
EFFKGQA0230,What are the future demand changes for each technology category?,future_demand,direct_capability,direct_graph_supported,auto_answer,capability_inventory,0,1,5,,"[{""avgPercentageChange"": ""12.24875"", ""technologyCategory"": ""TechCategory_%3C%3D_7nm""}, {""avgPercentageChange"": ""3.7225"", ""technologyCategory"": ""TechCategory_10nm_to_%3C28nm""}, {""avgPercentageChange"": ""36.1225"", ""technologyCategory"": ""TechCategory_180nm_or_greater""}, {""avgPercentageChange"": ""12.375"", ""technologyCategory"": ""TechCategory_28nm_to_%3C45nm""}, {""avgPercentageChange"": ""2.9525"", ""technologyCategory"": ""TechCategory_55nm_to_180nm""}]","Answer: The query returned 5 row(s). Results: technology category: TechCategory_%3C%3D_7nm, avg percentage change: 12.24875; technology category: TechCategory_10nm_to_%3C28nm, avg percentage change: 3.7225; technology category: TechCategory_180nm_or_greater, avg percentage change: 36.1225; technology category: TechCategory_28nm_to_%3C45nm, avg percentage change: 12.375; technology category: TechCategory_55nm_to_180nm, avg percentage change: 2.9525.",,"SELECT ?technologyCategory (AVG(?pct) AS ?avgPercentageChange) WHERE { ?entry a survey:FutureDemandAnalysis ; survey:analyzesTechnologyCategory ?technology ; survey:percentageChange ?pct . OPTIONAL { ?technology survey:technologyCategoryName ?technologyName . } BIND(COALESCE(?technologyName, REPLACE(STR(?technology), ""^.*/"", """")) AS ?technologyCategory) } GROUP BY ?technologyCategory ORDER BY ?technologyCategory",,
EFFKGQA0231,Can you show the future demand trend by quarter?,future_demand,direct_capability,direct_graph_supported,auto_answer,capability_inventory,0,1,8,,"[{""avgPercentageChange"": ""12.44380952380952380952381"", ""quarterLabel"": ""Current Quarter""}, {""avgPercentageChange"": ""9.510000000000000038461538"", ""quarterLabel"": ""Q1 2026""}, {""avgPercentageChange"": ""26.356153846153846153846154"", ""quarterLabel"": ""Q2 2025""}, {""avgPercentageChange"": ""7.285384615384615384615385"", ""quarterLabel"": ""Q2 2026""}, {""avgPercentageChange"": ""5.861923076923076923076923"", ""quarterLabel"": ""Q3 2025""}, {""avgPercentageChange"": ""8.775384615384615384615385"", ""quarterLabel"": ""Q3 2026""}, {""avgPercentageChange"": ""15.195769230769230807692308"", ""quarterLabel"": ""Q4 2025""}, {""avgPercentageChange"": ""8.727307692307692307692308"", ""quarterLabel"": ""Q4 2026""}]","Answer: The query returned 8 row(s). Results: quarter label: Current Quarter, avg percentage change: 12.44380952380952380952381; quarter label: Q1 2026, avg percentage change: 9.510000000000000038461538; quarter label: Q2 2025, avg percentage change: 26.356153846153846153846154; quarter label: Q2 2026, avg percentage change: 7.285384615384615384615385; quarter label: Q3 2025, avg percentage change: 5.861923076923076923076923; quarter label: Q3 2026, avg percentage change: 8.775384615384615384615385; quarter label: Q4 2025, avg percentage change: 15.195769230769230807692308; quarter label: Q4 2026, avg percentage change: 8.727307692307692307692308.",,SELECT ?quarterLabel (AVG(?pct) AS ?avgPercentageChange) WHERE { ?entry a survey:FutureDemandAnalysis ; survey:forTimePeriod ?quarter ; survey:percentageChange ?pct . ?quarter survey:periodLabel ?quarterLabel . } GROUP BY ?quarterLabel ORDER BY ?quarterLabel,,
EFFKGQA0232,Show regional demand by region.,regional_demand,llm_or_ranking,direct_graph_supported,auto_answer,capability_inventory,0,1,15,,"[{""regionName"": ""Americas"", ""surveyGroup"": ""OEM"", ""totalDemand"": ""67744458.0""}, {""regionName"": ""Asia Pacific/All Other"", ""surveyGroup"": ""OEM"", ""totalDemand"": ""37293303.0""}, {""regionName"": ""Asia Pacific/China"", ""surveyGroup"": ""OEM"", ""totalDemand"": ""77885298.0""}, {""regionName"": ""Europe"", ""surveyGroup"": ""OEM"", ""totalDemand"": ""51729003.0""}, {""regionName"": ""Japan"", ""surveyGroup"": ""OEM"", ""totalDemand"": ""14117148.0""}, {""regionName"": ""Americas"", ""surveyGroup"": ""Semiconductor"", ""totalDemand"": ""35.0""}, {""regionName"": ""Asia Pacific/All Other"", ""surveyGroup"": ""Semiconductor"", ""totalDemand"": ""10.0""}, {""regionName"": ""Asia Pacific/China"", ""surveyGroup"": ""Semiconductor"", ""totalDemand"": ""20.0""}, {""regionN...","Answer: Regional demand returned 15 grouped row(s). First groups: survey group: OEM, region name: Americas, total demand: 67744458.0; survey group: OEM, region name: All Other, total demand: 37293303.0; survey group: OEM, region name: China, total demand: 77885298.0; survey group: OEM, region name: Europe, total demand: 51729003.0; survey group: OEM, region name: Japan, total demand: 14117148.0; survey group: Semiconductor, region name: Americas, total demand: 35.0; survey group: Semiconductor, region name: All Other, total demand: 10.0; survey group: Semiconductor, region name: China, total demand: 20.0.",,"SELECT ?surveyGroup ?regionName (SUM(?demand) AS ?totalDemand) WHERE { VALUES (?surveyClass ?surveyGroup) { (survey:OEM_Survey ""OEM"") (survey:Tier1_Survey ""Tier1"") (survey:Semiconductor_Survey ""Semiconductor"") } ?entry a survey:DemandForRegion ; survey:hasSurveyOrigin ?origin ; survey:inRegion ?region ; survey:totalDemand ?demand . ?origin a ?surveyClass . ?region survey:regionName ?regionName . } GROUP BY ?surveyGroup ?regionName ORDER BY ?surveyGroup ?regionName",,
EFFKGQA0233,Compare cancellation behavior by response type.,order_cancellation,llm_or_ranking,llm_ranking,llm_ranking,infineon,1,5,3,,"[{""participantCount"": ""5"", ""responseType"": ""Decrease""}, {""participantCount"": ""5"", ""responseType"": ""Increase""}, {""participantCount"": ""5"", ""responseType"": ""Stable""}]",Answer: Order-cancellation results returned 3 row(s). The largest returned participant count is Decrease with 5.,kept_selected_nonempty,SELECT ?responseType (SUM(?participants) AS ?participantCount) WHERE { ?entry a survey:OrderCancellation ; survey:hasResponseType ?responseType ; survey:participantCount ?participants . } GROUP BY ?responseType ORDER BY ?responseType,,
EFFKGQA0234,"Future demand by vehicle type, please.",future_demand,direct_capability,direct_graph_supported,auto_answer,capability_inventory,0,1,3,,"[{""avgPercentageChange"": ""1.505"", ""vehicleType"": ""BEHV""}, {""avgPercentageChange"": ""4.74375"", ""vehicleType"": ""BEV""}, {""avgPercentageChange"": ""0.845"", ""vehicleType"": ""ICE""}]","Answer: The query returned 3 row(s). Results: vehicle type: BEHV, avg percentage change: 1.505; vehicle type: BEV, avg percentage change: 4.74375; vehicle type: ICE, avg percentage change: 0.845.",,"SELECT ?vehicleType (AVG(?pct) AS ?avgPercentageChange) WHERE { ?entry a survey:FutureDemandAnalysis ; survey:analyzesVehicleType ?vehicle ; survey:percentageChange ?pct . BIND(REPLACE(STR(?vehicle), ""^.*/"", """") AS ?vehicleType) } GROUP BY ?vehicleType ORDER BY ?vehicleType",,
EFFKGQA0235,What are the future demand changes for each region?,future_demand,direct_capability,direct_graph_supported,auto_answer,capability_inventory,0,1,5,,"[{""avgPercentageChange"": ""1993696.795238095238095238095238"", ""regionName"": ""Americas""}, {""avgPercentageChange"": ""1092445.9"", ""regionName"": ""Asia Pacific/All Other""}, {""avgPercentageChange"": ""2386112.016666666666666666666667"", ""regionName"": ""Asia Pacific/China""}, {""avgPercentageChange"": ""1491199.795238095238095238095238"", ""regionName"": ""Europe""}, {""avgPercentageChange"": ""369089.207142857142857142857143"", ""regionName"": ""Japan""}]","Answer: The query returned 5 row(s). Results: region name: Americas, avg percentage change: 1993696.795238095238095238095238; region name: Asia Pacific/All Other, avg percentage change: 1092445.9; region name: Asia Pacific/China, avg percentage change: 2386112.016666666666666666666667; region name: Europe, avg percentage change: 1491199.795238095238095238095238; region name: Japan, avg percentage change: 369089.207142857142857142857143.",,SELECT ?regionName (AVG(?pct) AS ?avgPercentageChange) WHERE { ?entry a survey:DemandForRegion ; survey:inRegion ?region ; survey:totalDemandPercentageChange ?pct . ?region survey:regionName ?regionName . } GROUP BY ?regionName ORDER BY ?regionName,,
EFFKGQA0236,Return inventory responses grouped by technology category.,inventory,llm_or_ranking,direct_graph_supported,auto_answer,capability_inventory,0,1,9,,"[{""entryCount"": ""1"", ""technologyCategory"": ""10nm_to_%3C28nm"", ""trend"": ""Decrease""}, {""entryCount"": ""1"", ""technologyCategory"": ""10nm_to_%3C28nm"", ""trend"": ""Increase""}, {""entryCount"": ""1"", ""technologyCategory"": ""180nm_or_greater"", ""trend"": ""Decrease""}, {""entryCount"": ""1"", ""technologyCategory"": ""180nm_or_greater"", ""trend"": ""Stable""}, {""entryCount"": ""1"", ""technologyCategory"": ""28nm_to_%3C45nm"", ""trend"": ""Decrease""}, {""entryCount"": ""1"", ""technologyCategory"": ""28nm_to_%3C45nm"", ""trend"": ""Stable""}, {""entryCount"": ""1"", ""technologyCategory"": ""55nm_to_180nm"", ""trend"": ""Increase""}, {""entryCount"": ""1"", ""technologyCategory"": ""55nm_to_180nm"", ""trend"": ""Stable""}, {""entryCount"": ""2"", ""technologyCategory""...","Answer: The query returned 9 row(s). First results: technology category: 10nm_to_%3C28nm, trend: Decrease, entry count: 1; technology category: 10nm_to_%3C28nm, trend: Increase, entry count: 1; technology category: 180nm_or_greater, trend: Decrease, entry count: 1; technology category: 180nm_or_greater, trend: Stable, entry count: 1; technology category: 28nm_to_%3C45nm, trend: Decrease, entry count: 1; technology category: 28nm_to_%3C45nm, trend: Stable, entry count: 1; technology category: 55nm_to_180nm, trend: Increase, entry count: 1; technology category: 55nm_to_180nm, trend: Stable, entry count: 1.",,"SELECT ?technologyCategory ?trend (COUNT(?entry) AS ?entryCount) WHERE { ?entry a survey:InventoryDevelopment_Semi ; survey:forTechnologyCategory ?technology ; survey:hasInventoryTrend ?trend . BIND(REPLACE(STR(?technology), ""^.*/"", """") AS ?technologyCategory) } GROUP BY ?technologyCategory ?trend ORDER BY ?technologyCategory ?trend",,
EFFKGQA0237,Show current demand by quarter.,regional_demand,llm_or_ranking,llm_ranking,llm_ranking,infineon,1,5,0,,,Answer: No results returned for the given query.,selected_best_executable_candidate,"SELECT ?quarterLabel (SUM(?currentDemand) AS ?totalCurrentDemand) WHERE { ?entry a survey:CurrentDemandAnalysis ; survey:forTimePeriod ?quarter ; survey:currentDemand ?currentDemand . BIND(REPLACE(STR(?quarter), '^.*/', '') AS ?quarterLabel) } GROUP BY ?quarterLabel ORDER BY ?quarterLabel",,
EFFKGQA0238,"For the survey data, give me current demand grouped by vehicle type?",regional_demand,llm_or_ranking,llm_ranking,llm_ranking,validated_retrieval,1,6,3,,"[{""pct"": ""-0.36"", ""vehicle"": ""BEV""}, {""pct"": ""3.77"", ""vehicle"": ""BEHV""}, {""pct"": ""4.59"", ""vehicle"": ""ICE""}]","Answer: The query returned 3 row(s). Results: vehicle: BEV, pct: -0.36; vehicle: BEHV, pct: 3.77; vehicle: ICE, pct: 4.59.",switched_to_nonempty_candidate,"SELECT ?vehicle ?pct WHERE { ?agg a survey:AggregatedDemand ; survey:hasSurveyOrigin survey:OEM_Survey_Instance ; survey:isAggregatedResult true ; survey:forVehicleType ?veh ; survey:percentageChange ?pct . BIND( IF(?veh = survey:BEV, ""BEV"", IF(?veh = survey:BEHV, ""BEHV"", IF(?veh = survey:ICE, ""ICE"", """") ) ) AS ?vehicle ) FILTER(?vehicle != """") BIND( IF(?vehicle = ""BEV"", 1, IF(?vehicle = ""BEHV"", 2, IF(?vehicle = ""ICE"", 3, 4) ) ) AS ?ord ) } ORDER BY ?ord",,
EFFKGQA0239,Can you show the future demand trend by region?,future_demand,direct_capability,direct_graph_supported,auto_answer,capability_inventory,0,1,5,,"[{""avgPercentageChange"": ""1993696.795238095238095238095238"", ""regionName"": ""Americas""}, {""avgPercentageChange"": ""1092445.9"", ""regionName"": ""Asia Pacific/All Other""}, {""avgPercentageChange"": ""2386112.016666666666666666666667"", ""regionName"": ""Asia Pacific/China""}, {""avgPercentageChange"": ""1491199.795238095238095238095238"", ""regionName"": ""Europe""}, {""avgPercentageChange"": ""369089.207142857142857142857143"", ""regionName"": ""Japan""}]","Answer: The query returned 5 row(s). Results: region name: Americas, avg percentage change: 1993696.795238095238095238095238; region name: Asia Pacific/All Other, avg percentage change: 1092445.9; region name: Asia Pacific/China, avg percentage change: 2386112.016666666666666666666667; region name: Europe, avg percentage change: 1491199.795238095238095238095238; region name: Japan, avg percentage change: 369089.207142857142857142857143.",,SELECT ?regionName (AVG(?pct) AS ?avgPercentageChange) WHERE { ?entry a survey:DemandForRegion ; survey:inRegion ?region ; survey:totalDemandPercentageChange ?pct . ?region survey:regionName ?regionName . } GROUP BY ?regionName ORDER BY ?regionName,,
EFFKGQA0240,Return self-driving development grouped by year.,autonomous_driving,llm_or_ranking,direct_graph_supported,auto_answer,capability_inventory,0,1,3,,"[{""avgPercentage"": ""42.0"", ""year"": ""2025""}, {""avgPercentage"": ""62.0"", ""year"": ""2026""}, {""avgPercentage"": ""82.0"", ""year"": ""2027""}]","Answer: The query returned 3 row(s). Results: year: 2025, avg percentage: 42.0; year: 2026, avg percentage: 62.0; year: 2027, avg percentage: 82.0.",,SELECT ?year (AVG(?pct) AS ?avgPercentage) WHERE { ?entry a survey:AutonomousDrivingDevelopment ; survey:hasYear ?year ; survey:hasPercentage ?pct . } GROUP BY ?year ORDER BY ?year,,
EFFKGQA0241,How many companies are in each survey group for shortage status?,shortage,llm_or_ranking,direct_graph_supported,auto_answer,capability_inventory,0,1,6,,"[{""companyCount"": ""1"", ""shortageStatus"": ""no"", ""surveyGroup"": ""OEM""}, {""companyCount"": ""2"", ""shortageStatus"": ""yes"", ""surveyGroup"": ""OEM""}, {""companyCount"": ""1"", ""shortageStatus"": ""no"", ""surveyGroup"": ""Semiconductor""}, {""companyCount"": ""2"", ""shortageStatus"": ""yes"", ""surveyGroup"": ""Semiconductor""}, {""companyCount"": ""1"", ""shortageStatus"": ""no"", ""surveyGroup"": ""Tier1""}, {""companyCount"": ""2"", ""shortageStatus"": ""yes"", ""surveyGroup"": ""Tier1""}]","Answer: The query returned 6 row(s). Results: survey group: OEM, shortage status: no, company count: 1; survey group: OEM, shortage status: yes, company count: 2; survey group: Semiconductor, shortage status: no, company count: 1; survey group: Semiconductor, shortage status: yes, company count: 2; survey group: Tier1, shortage status: no, company count: 1; survey group: Tier1, shortage status: yes, company count: 2.",,"SELECT ?surveyGroup ?shortageStatus (COUNT(?company) AS ?companyCount) WHERE { VALUES (?surveyClass ?surveyGroup) { (survey:OEM_Survey ""OEM"") (survey:Tier1_Survey ""Tier1"") (survey:Semiconductor_Survey ""Semiconductor"") } ?company a survey:Company ; survey:hasSurveyOrigin ?origin ; survey:reportsShortage ?shortage . ?origin a ?surveyClass . BIND(IF(?shortage = true, ""yes"", ""no"") AS ?shortageStatus) } GROUP BY ?surveyGroup ?shortageStatus ORDER BY ?surveyGroup ?shortageStatus",,
EFFKGQA0242,What is the average autonomous driving development for each year?,autonomous_driving,llm_or_ranking,direct_graph_supported,auto_answer,capability_inventory,0,1,3,,"[{""avgPercentage"": ""42.0"", ""year"": ""2025""}, {""avgPercentage"": ""62.0"", ""year"": ""2026""}, {""avgPercentage"": ""82.0"", ""year"": ""2027""}]","Answer: The query returned 3 row(s). Results: year: 2025, avg percentage: 42.0; year: 2026, avg percentage: 62.0; year: 2027, avg percentage: 82.0.",,SELECT ?year (AVG(?pct) AS ?avgPercentage) WHERE { ?entry a survey:AutonomousDrivingDevelopment ; survey:hasYear ?year ; survey:hasPercentage ?pct . } GROUP BY ?year ORDER BY ?year,,
EFFKGQA0243,Can you summarize OEM current demand per survey group?,regional_demand,llm_or_ranking,direct_graph_supported,auto_answer,capability_inventory,0,1,1,,"[{""surveyGroup"": ""OEM"", ""totalDemand"": ""248769210.0""}]","Answer: The query returned 1 row(s). Results: survey group: OEM, total demand: 248769210.0.",,"SELECT ?surveyGroup (SUM(?demand) AS ?totalDemand) WHERE { BIND(""OEM"" AS ?surveyGroup) ?entry a survey:DemandForRegion ; survey:hasSurveyOrigin ?origin ; survey:totalDemand ?demand . ?origin a survey:OEM_Survey . } GROUP BY ?surveyGroup ORDER BY ?surveyGroup",,
EFFKGQA0244,Which SAE level has the highest autonomous driving development?,autonomous_driving,llm_or_ranking,direct_graph_supported,auto_answer,capability_inventory,0,1,5,,"[{""avgPercentage"": ""42.0"", ""saeLevel"": ""SAE_Level_1""}, {""avgPercentage"": ""52.0"", ""saeLevel"": ""SAE_Level_2""}, {""avgPercentage"": ""62.0"", ""saeLevel"": ""SAE_Level_3""}, {""avgPercentage"": ""72.0"", ""saeLevel"": ""SAE_Level_4""}, {""avgPercentage"": ""82.0"", ""saeLevel"": ""SAE_Level_5""}]","Answer: The query returned 5 row(s). Results: sae level: SAE_Level_1, avg percentage: 42.0; sae level: SAE_Level_2, avg percentage: 52.0; sae level: SAE_Level_3, avg percentage: 62.0; sae level: SAE_Level_4, avg percentage: 72.0; sae level: SAE_Level_5, avg percentage: 82.0.",,"SELECT ?saeLevel (AVG(?pct) AS ?avgPercentage) WHERE { ?entry a survey:AutonomousDrivingDevelopment ; survey:hasSAELevel ?sae ; survey:hasPercentage ?pct . BIND(REPLACE(STR(?sae), ""^.*/"", """") AS ?saeLevel) } GROUP BY ?saeLevel ORDER BY ?saeLevel",,
EFFKGQA0245,"Using the True Demand KG, show the average future demand change for every vehicle type?",future_demand,direct_capability,direct_graph_supported,auto_answer,capability_inventory,0,1,3,,"[{""avgPercentageChange"": ""1.505"", ""vehicleType"": ""BEHV""}, {""avgPercentageChange"": ""4.74375"", ""vehicleType"": ""BEV""}, {""avgPercentageChange"": ""0.845"", ""vehicleType"": ""ICE""}]","Answer: The query returned 3 row(s). Results: vehicle type: BEHV, avg percentage change: 1.505; vehicle type: BEV, avg percentage change: 4.74375; vehicle type: ICE, avg percentage change: 0.845.",,"SELECT ?vehicleType (AVG(?pct) AS ?avgPercentageChange) WHERE { ?entry a survey:FutureDemandAnalysis ; survey:analyzesVehicleType ?vehicle ; survey:percentageChange ?pct . BIND(REPLACE(STR(?vehicle), ""^.*/"", """") AS ?vehicleType) } GROUP BY ?vehicleType ORDER BY ?vehicleType",,
EFFKGQA0246,Summarize SAE level development by year.,autonomous_driving,llm_or_ranking,direct_graph_supported,auto_answer,capability_inventory,0,1,15,,"[{""avgPercentage"": ""22.0"", ""saeLevel"": ""SAE_Level_1"", ""year"": ""2025""}, {""avgPercentage"": ""42.0"", ""saeLevel"": ""SAE_Level_1"", ""year"": ""2026""}, {""avgPercentage"": ""62.0"", ""saeLevel"": ""SAE_Level_1"", ""year"": ""2027""}, {""avgPercentage"": ""32.0"", ""saeLevel"": ""SAE_Level_2"", ""year"": ""2025""}, {""avgPercentage"": ""52.0"", ""saeLevel"": ""SAE_Level_2"", ""year"": ""2026""}, {""avgPercentage"": ""72.0"", ""saeLevel"": ""SAE_Level_2"", ""year"": ""2027""}, {""avgPercentage"": ""42.0"", ""saeLevel"": ""SAE_Level_3"", ""year"": ""2025""}, {""avgPercentage"": ""62.0"", ""saeLevel"": ""SAE_Level_3"", ""year"": ""2026""}, {""avgPercentage"": ""82.0"", ""saeLevel"": ""SAE_Level_3"", ""year"": ""2027""}, {""avgPercentage"": ""52.0"", ""saeLevel"": ""SAE_Level_4"", ""year"": ""2025...","Answer: The query returned 15 row(s). First results: sae level: SAE_Level_1, year: 2025, avg percentage: 22.0; sae level: SAE_Level_1, year: 2026, avg percentage: 42.0; sae level: SAE_Level_1, year: 2027, avg percentage: 62.0; sae level: SAE_Level_2, year: 2025, avg percentage: 32.0; sae level: SAE_Level_2, year: 2026, avg percentage: 52.0; sae level: SAE_Level_2, year: 2027, avg percentage: 72.0; sae level: SAE_Level_3, year: 2025, avg percentage: 42.0; sae level: SAE_Level_3, year: 2026, avg percentage: 62.0.",,"SELECT ?saeLevel ?year (AVG(?pct) AS ?avgPercentage) WHERE { ?entry a survey:AutonomousDrivingDevelopment ; survey:hasSAELevel ?sae ; survey:hasYear ?year ; survey:hasPercentage ?pct . BIND(REPLACE(STR(?sae), ""^.*/"", """") AS ?saeLevel) } GROUP BY ?saeLevel ?year ORDER BY ?saeLevel ?year",,
EFFKGQA0247,"From the graph, show future demand percentage changes by region?",future_demand,direct_capability,direct_graph_supported,auto_answer,capability_inventory,0,1,5,,"[{""avgPercentageChange"": ""1993696.795238095238095238095238"", ""regionName"": ""Americas""}, {""avgPercentageChange"": ""1092445.9"", ""regionName"": ""Asia Pacific/All Other""}, {""avgPercentageChange"": ""2386112.016666666666666666666667"", ""regionName"": ""Asia Pacific/China""}, {""avgPercentageChange"": ""1491199.795238095238095238095238"", ""regionName"": ""Europe""}, {""avgPercentageChange"": ""369089.207142857142857142857143"", ""regionName"": ""Japan""}]","Answer: The query returned 5 row(s). Results: region name: Americas, avg percentage change: 1993696.795238095238095238095238; region name: Asia Pacific/All Other, avg percentage change: 1092445.9; region name: Asia Pacific/China, avg percentage change: 2386112.016666666666666666666667; region name: Europe, avg percentage change: 1491199.795238095238095238095238; region name: Japan, avg percentage change: 369089.207142857142857142857143.",,SELECT ?regionName (AVG(?pct) AS ?avgPercentageChange) WHERE { ?entry a survey:DemandForRegion ; survey:inRegion ?region ; survey:totalDemandPercentageChange ?pct . ?region survey:regionName ?regionName . } GROUP BY ?regionName ORDER BY ?regionName,,
EFFKGQA0248,Return vehicle sales units grouped by month.,vehicle_sales,llm_or_ranking,direct_graph_supported,auto_answer,capability_inventory,0,1,48,,"[{""monthLabel"": ""Apr 2023"", ""unitsSold"": ""6425650""}, {""monthLabel"": ""Apr 2024"", ""unitsSold"": ""6818720""}, {""monthLabel"": ""Apr 2025"", ""unitsSold"": ""7260983""}, {""monthLabel"": ""Apr 2026"", ""unitsSold"": ""7009380""}, {""monthLabel"": ""Aug 2023"", ""unitsSold"": ""7057393""}, {""monthLabel"": ""Aug 2024"", ""unitsSold"": ""6837967""}, {""monthLabel"": ""Aug 2025"", ""unitsSold"": ""6966169""}, {""monthLabel"": ""Aug 2026"", ""unitsSold"": ""6967132""}, {""monthLabel"": ""Dec 2023"", ""unitsSold"": ""8093262""}, {""monthLabel"": ""Dec 2024"", ""unitsSold"": ""8544327""}, {""monthLabel"": ""Dec 2025"", ""unitsSold"": ""8455087""}, {""monthLabel"": ""Dec 2026"", ""unitsSold"": ""8482982""}, {""monthLabel"": ""Feb 2023"", ""unitsSold"": ""6176907""}, {""monthLabel"": ""Feb ...","Answer: Vehicle-sales results returned 48 grouped row(s). First groups: month label: Apr 2023, units sold: 6425650; month label: Apr 2024, units sold: 6818720; month label: Apr 2025, units sold: 7260983; month label: Apr 2026, units sold: 7009380; month label: Aug 2023, units sold: 7057393; month label: Aug 2024, units sold: 6837967; month label: Aug 2025, units sold: 6966169; month label: Aug 2026, units sold: 6967132; month label: Dec 2023, units sold: 8093262; month label: Dec 2024, units sold: 8544327; month label: Dec 2025, units sold: 8455087; month label: Dec 2026, units sold: 8482982.",,"SELECT ?monthLabel (SUM(?units) AS ?unitsSold) WHERE { ?obs a survey:VehicleSalesObservation ; survey:forTimePeriod ?month ; survey:unitsSold ?units . OPTIONAL { ?month survey:periodLabel ?periodLabel . } BIND(COALESCE(?periodLabel, REPLACE(STR(?month), ""^.*/"", """")) AS ?monthLabel) } GROUP BY ?monthLabel ORDER BY ?monthLabel",,
EFFKGQA0249,What is the total number of vehicle sales units for each time period?,vehicle_sales,llm_or_ranking,llm_ranking,llm_ranking,validated_retrieval,1,5,12,,"[{""monthLabel"": ""time_Apr_2023"", ""unitsSold"": ""6425650""}, {""monthLabel"": ""time_Aug_2023"", ""unitsSold"": ""7057393""}, {""monthLabel"": ""time_Dec_2023"", ""unitsSold"": ""8093262""}, {""monthLabel"": ""time_Feb_2023"", ""unitsSold"": ""6176907""}, {""monthLabel"": ""time_Jan_2023"", ""unitsSold"": ""5727449""}, {""monthLabel"": ""time_Jul_2023"", ""unitsSold"": ""7066342""}, {""monthLabel"": ""time_Jun_2023"", ""unitsSold"": ""7678947""}, {""monthLabel"": ""time_Mar_2023"", ""unitsSold"": ""7847474""}, {""monthLabel"": ""time_May_2023"", ""unitsSold"": ""7164150""}, {""monthLabel"": ""time_Nov_2023"", ""unitsSold"": ""7699941""}, {""monthLabel"": ""time_Oct_2023"", ""unitsSold"": ""7459190""}, {""monthLabel"": ""time_Sep_2023"", ""unitsSold"": ""7728774""}]","Answer: Vehicle-sales results returned 12 grouped row(s). Groups: month label: time Apr 2023, units sold: 6425650; month label: time Aug 2023, units sold: 7057393; month label: time Dec 2023, units sold: 8093262; month label: time Feb 2023, units sold: 6176907; month label: time Jan 2023, units sold: 5727449; month label: time Jul 2023, units sold: 7066342; month label: time Jun 2023, units sold: 7678947; month label: time Mar 2023, units sold: 7847474; month label: time May 2023, units sold: 7164150; month label: time Nov 2023, units sold: 7699941; month label: time Oct 2023, units sold: 7459190; month label: time Sep 2023, units sold: 7728774.",selected_best_executable_candidate,"SELECT ?monthLabel (SUM(?units) AS ?unitsSold) WHERE { ?obs a survey:VehicleSalesObservation ; survey:forTimePeriod ?month ; survey:isActualData true ; survey:unitsSold ?units . BIND(REPLACE(STR(?month), '^.*/', '') AS ?monthLabel) } GROUP BY ?monthLabel ORDER BY ?monthLabel",,
EFFKGQA0250,Please compare OEM current demand across vehicle type?,regional_demand,llm_or_ranking,llm_ranking,llm_ranking,validated_retrieval,1,5,3,,"[{""pct"": ""-0.36"", ""vehicle"": ""BEV""}, {""pct"": ""3.77"", ""vehicle"": ""BEHV""}, {""pct"": ""4.59"", ""vehicle"": ""ICE""}]","Answer: The query returned 3 row(s). Results: vehicle: BEV, pct: -0.36; vehicle: BEHV, pct: 3.77; vehicle: ICE, pct: 4.59.",selected_best_executable_candidate,"SELECT ?vehicle ?pct WHERE { ?agg a survey:AggregatedDemand ; survey:hasSurveyOrigin survey:OEM_Survey_Instance ; survey:isAggregatedResult true ; survey:forVehicleType ?veh ; survey:percentageChange ?pct . BIND( IF(?veh = survey:BEV, ""BEV"", IF(?veh = survey:BEHV, ""BEHV"", IF(?veh = survey:ICE, ""ICE"", """") ) ) AS ?vehicle ) FILTER(?vehicle != """") BIND( IF(?vehicle = ""BEV"", 1, IF(?vehicle = ""BEHV"", 2, IF(?vehicle = ""ICE"", 3, 4) ) ) AS ?ord ) } ORDER BY ?ord",,
EFFKGQA0251,Display future-demand percentage by region.,future_demand,direct_capability,direct_graph_supported,auto_answer,capability_inventory,0,1,5,,"[{""avgPercentageChange"": ""1993696.795238095238095238095238"", ""regionName"": ""Americas""}, {""avgPercentageChange"": ""1092445.9"", ""regionName"": ""Asia Pacific/All Other""}, {""avgPercentageChange"": ""2386112.016666666666666666666667"", ""regionName"": ""Asia Pacific/China""}, {""avgPercentageChange"": ""1491199.795238095238095238095238"", ""regionName"": ""Europe""}, {""avgPercentageChange"": ""369089.207142857142857142857143"", ""regionName"": ""Japan""}]","Answer: The query returned 5 row(s). Results: region name: Americas, avg percentage change: 1993696.795238095238095238095238; region name: Asia Pacific/All Other, avg percentage change: 1092445.9; region name: Asia Pacific/China, avg percentage change: 2386112.016666666666666666666667; region name: Europe, avg percentage change: 1491199.795238095238095238095238; region name: Japan, avg percentage change: 369089.207142857142857142857143.",,SELECT ?regionName (AVG(?pct) AS ?avgPercentageChange) WHERE { ?entry a survey:DemandForRegion ; survey:inRegion ?region ; survey:totalDemandPercentageChange ?pct . ?region survey:regionName ?regionName . } GROUP BY ?regionName ORDER BY ?regionName,,
EFFKGQA0252,Return a breakdown of OEM current demand by region.,regional_demand,llm_or_ranking,direct_graph_supported,auto_answer,capability_inventory,0,1,5,,"[{""regionName"": ""Americas"", ""totalDemand"": ""67744458.0""}, {""regionName"": ""Asia Pacific/All Other"", ""totalDemand"": ""37293303.0""}, {""regionName"": ""Asia Pacific/China"", ""totalDemand"": ""77885298.0""}, {""regionName"": ""Europe"", ""totalDemand"": ""51729003.0""}, {""regionName"": ""Japan"", ""totalDemand"": ""14117148.0""}]","Answer: Regional demand returned 5 grouped row(s). Groups: region name: Americas, total demand: 67744458.0; region name: All Other, total demand: 37293303.0; region name: China, total demand: 77885298.0; region name: Europe, total demand: 51729003.0; region name: Japan, total demand: 14117148.0.",,"SELECT ?regionName (SUM(?demand) AS ?totalDemand) WHERE { BIND(""OEM"" AS ?surveyGroup) ?entry a survey:DemandForRegion ; survey:hasSurveyOrigin ?origin ; survey:inRegion ?region ; survey:totalDemand ?demand . ?origin a survey:OEM_Survey . ?region survey:regionName ?regionName . } GROUP BY ?regionName ORDER BY ?regionName",,
EFFKGQA0253,Return future demand values for each vehicle type.,future_demand,direct_capability,direct_graph_supported,auto_answer,capability_inventory,0,1,3,,"[{""avgPercentageChange"": ""1.505"", ""vehicleType"": ""BEHV""}, {""avgPercentageChange"": ""4.74375"", ""vehicleType"": ""BEV""}, {""avgPercentageChange"": ""0.845"", ""vehicleType"": ""ICE""}]","Answer: The query returned 3 row(s). Results: vehicle type: BEHV, avg percentage change: 1.505; vehicle type: BEV, avg percentage change: 4.74375; vehicle type: ICE, avg percentage change: 0.845.",,"SELECT ?vehicleType (AVG(?pct) AS ?avgPercentageChange) WHERE { ?entry a survey:FutureDemandAnalysis ; survey:analyzesVehicleType ?vehicle ; survey:percentageChange ?pct . BIND(REPLACE(STR(?vehicle), ""^.*/"", """") AS ?vehicleType) } GROUP BY ?vehicleType ORDER BY ?vehicleType",,
EFFKGQA0254,"From the graph, return future demand values for each vehicle type?",future_demand,direct_capability,direct_graph_supported,auto_answer,capability_inventory,0,1,3,,"[{""avgPercentageChange"": ""1.505"", ""vehicleType"": ""BEHV""}, {""avgPercentageChange"": ""4.74375"", ""vehicleType"": ""BEV""}, {""avgPercentageChange"": ""0.845"", ""vehicleType"": ""ICE""}]","Answer: The query returned 3 row(s). Results: vehicle type: BEHV, avg percentage change: 1.505; vehicle type: BEV, avg percentage change: 4.74375; vehicle type: ICE, avg percentage change: 0.845.",,"SELECT ?vehicleType (AVG(?pct) AS ?avgPercentageChange) WHERE { ?entry a survey:FutureDemandAnalysis ; survey:analyzesVehicleType ?vehicle ; survey:percentageChange ?pct . BIND(REPLACE(STR(?vehicle), ""^.*/"", """") AS ?vehicleType) } GROUP BY ?vehicleType ORDER BY ?vehicleType",,
EFFKGQA0255,Summarize SAE level development by survey group.,autonomous_driving,llm_or_ranking,llm_ranking,llm_ranking,validated_retrieval,1,11,15,,"[{""avgPercentage"": ""42.0"", ""saeLevel"": ""1"", ""vehicleType"": ""BEHV""}, {""avgPercentage"": ""52.0"", ""saeLevel"": ""2"", ""vehicleType"": ""BEHV""}, {""avgPercentage"": ""62.0"", ""saeLevel"": ""3"", ""vehicleType"": ""BEHV""}, {""avgPercentage"": ""72.0"", ""saeLevel"": ""4"", ""vehicleType"": ""BEHV""}, {""avgPercentage"": ""82.0"", ""saeLevel"": ""5"", ""vehicleType"": ""BEHV""}, {""avgPercentage"": ""42.0"", ""saeLevel"": ""1"", ""vehicleType"": ""BEV""}, {""avgPercentage"": ""52.0"", ""saeLevel"": ""2"", ""vehicleType"": ""BEV""}, {""avgPercentage"": ""62.0"", ""saeLevel"": ""3"", ""vehicleType"": ""BEV""}, {""avgPercentage"": ""72.0"", ""saeLevel"": ""4"", ""vehicleType"": ""BEV""}, {""avgPercentage"": ""82.0"", ""saeLevel"": ""5"", ""vehicleType"": ""BEV""}, {""avgPercentage"": ""42.0"", ""saeL...","Answer: Autonomous-driving development returned 15 grouped row(s). First groups: vehicle type: BEHV, sae level: 1, avg percentage: 42.0; vehicle type: BEHV, sae level: 2, avg percentage: 52.0; vehicle type: BEHV, sae level: 3, avg percentage: 62.0; vehicle type: BEHV, sae level: 4, avg percentage: 72.0; vehicle type: BEHV, sae level: 5, avg percentage: 82.0; vehicle type: BEV, sae level: 1, avg percentage: 42.0; vehicle type: BEV, sae level: 2, avg percentage: 52.0; vehicle type: BEV, sae level: 3, avg percentage: 62.0.",switched_to_nonempty_candidate,"SELECT ?vehicleType ?saeLevel (AVG(?percentage) AS ?avgPercentage) WHERE { ?entry a survey:AutonomousDrivingDevelopment ; survey:hasVehicleType ?vehicle ; survey:hasSAELevel ?sae ; survey:hasPercentage ?percentage . BIND(REPLACE(STR(?vehicle), '^.*/', '') AS ?vehicleType) BIND(REPLACE(STR(?sae), '^.*/SAE_Level_', '') AS ?saeLevel) } GROUP BY ?vehicleType ?saeLevel ORDER BY ?vehicleType xsd:integer(?saeLevel)",,
EFFKGQA0256,Return component inventory grouped by trend.,inventory,llm_or_ranking,direct_graph_supported,auto_answer,capability_inventory,0,1,9,,"[{""component"": ""Component_EV"", ""participantTotal"": ""1"", ""trend"": ""Decrease""}, {""component"": ""Component_EV"", ""participantTotal"": ""1"", ""trend"": ""Increase""}, {""component"": ""Component_EV"", ""participantTotal"": ""3"", ""trend"": ""Stable""}, {""component"": ""Component_both"", ""participantTotal"": ""1"", ""trend"": ""Decrease""}, {""component"": ""Component_both"", ""participantTotal"": ""1"", ""trend"": ""Increase""}, {""component"": ""Component_both"", ""participantTotal"": ""3"", ""trend"": ""Stable""}, {""component"": ""Component_non_EV"", ""participantTotal"": ""1"", ""trend"": ""Decrease""}, {""component"": ""Component_non_EV"", ""participantTotal"": ""1"", ""trend"": ""Increase""}, {""component"": ""Component_non_EV"", ""participantTotal"": ""3"", ""trend"": ""S...","Answer: The query returned 9 row(s). First results: component: Component_EV, trend: Decrease, participant total: 1; component: Component_EV, trend: Increase, participant total: 1; component: Component_EV, trend: Stable, participant total: 3; component: Component_both, trend: Decrease, participant total: 1; component: Component_both, trend: Increase, participant total: 1; component: Component_both, trend: Stable, participant total: 3; component: Component_non_EV, trend: Decrease, participant total: 1; component: Component_non_EV, trend: Increase, participant total: 1.",,SELECT ?component ?trend (SUM(?participants) AS ?participantTotal) WHERE { ?entry a survey:InventoryDevelopment_Tier1 ; survey:forComponent ?component ; survey:inventoryTrend ?trend ; survey:participantCount ?participants . } GROUP BY ?component ?trend ORDER BY ?component ?trend,,
EFFKGQA0257,Which trend appears most often in component inventory?,inventory,llm_or_ranking,direct_graph_supported,auto_answer,capability_inventory,0,1,9,,"[{""component"": ""Component_EV"", ""participantTotal"": ""1"", ""trend"": ""Decrease""}, {""component"": ""Component_EV"", ""participantTotal"": ""1"", ""trend"": ""Increase""}, {""component"": ""Component_EV"", ""participantTotal"": ""3"", ""trend"": ""Stable""}, {""component"": ""Component_both"", ""participantTotal"": ""1"", ""trend"": ""Decrease""}, {""component"": ""Component_both"", ""participantTotal"": ""1"", ""trend"": ""Increase""}, {""component"": ""Component_both"", ""participantTotal"": ""3"", ""trend"": ""Stable""}, {""component"": ""Component_non_EV"", ""participantTotal"": ""1"", ""trend"": ""Decrease""}, {""component"": ""Component_non_EV"", ""participantTotal"": ""1"", ""trend"": ""Increase""}, {""component"": ""Component_non_EV"", ""participantTotal"": ""3"", ""trend"": ""S...","Answer: The query returned 9 row(s). First results: component: Component_EV, trend: Decrease, participant total: 1; component: Component_EV, trend: Increase, participant total: 1; component: Component_EV, trend: Stable, participant total: 3; component: Component_both, trend: Decrease, participant total: 1; component: Component_both, trend: Increase, participant total: 1; component: Component_both, trend: Stable, participant total: 3; component: Component_non_EV, trend: Decrease, participant total: 1; component: Component_non_EV, trend: Increase, participant total: 1.",,SELECT ?component ?trend (SUM(?participants) AS ?participantTotal) WHERE { ?entry a survey:InventoryDevelopment_Tier1 ; survey:forComponent ?component ; survey:inventoryTrend ?trend ; survey:participantCount ?participants . } GROUP BY ?component ?trend ORDER BY ?component ?trend,,
EFFKGQA0258,Please how is future demand distributed by region?,future_demand,direct_capability,direct_graph_supported,auto_answer,capability_inventory,0,1,5,,"[{""avgPercentageChange"": ""1993696.795238095238095238095238"", ""regionName"": ""Americas""}, {""avgPercentageChange"": ""1092445.9"", ""regionName"": ""Asia Pacific/All Other""}, {""avgPercentageChange"": ""2386112.016666666666666666666667"", ""regionName"": ""Asia Pacific/China""}, {""avgPercentageChange"": ""1491199.795238095238095238095238"", ""regionName"": ""Europe""}, {""avgPercentageChange"": ""369089.207142857142857142857143"", ""regionName"": ""Japan""}]","Answer: The query returned 5 row(s). Results: region name: Americas, avg percentage change: 1993696.795238095238095238095238; region name: Asia Pacific/All Other, avg percentage change: 1092445.9; region name: Asia Pacific/China, avg percentage change: 2386112.016666666666666666666667; region name: Europe, avg percentage change: 1491199.795238095238095238095238; region name: Japan, avg percentage change: 369089.207142857142857142857143.",,SELECT ?regionName (AVG(?pct) AS ?avgPercentageChange) WHERE { ?entry a survey:DemandForRegion ; survey:inRegion ?region ; survey:totalDemandPercentageChange ?pct . ?region survey:regionName ?regionName . } GROUP BY ?regionName ORDER BY ?regionName,,
EFFKGQA0259,Return SAE level development grouped by SAE level.,autonomous_driving,llm_or_ranking,direct_graph_supported,auto_answer,capability_inventory,0,1,5,,"[{""avgPercentage"": ""42.0"", ""saeLevel"": ""SAE_Level_1""}, {""avgPercentage"": ""52.0"", ""saeLevel"": ""SAE_Level_2""}, {""avgPercentage"": ""62.0"", ""saeLevel"": ""SAE_Level_3""}, {""avgPercentage"": ""72.0"", ""saeLevel"": ""SAE_Level_4""}, {""avgPercentage"": ""82.0"", ""saeLevel"": ""SAE_Level_5""}]","Answer: The query returned 5 row(s). Results: sae level: SAE_Level_1, avg percentage: 42.0; sae level: SAE_Level_2, avg percentage: 52.0; sae level: SAE_Level_3, avg percentage: 62.0; sae level: SAE_Level_4, avg percentage: 72.0; sae level: SAE_Level_5, avg percentage: 82.0.",,"SELECT ?saeLevel (AVG(?pct) AS ?avgPercentage) WHERE { ?entry a survey:AutonomousDrivingDevelopment ; survey:hasSAELevel ?sae ; survey:hasPercentage ?pct . BIND(REPLACE(STR(?sae), ""^.*/"", """") AS ?saeLevel) } GROUP BY ?saeLevel ORDER BY ?saeLevel",,
EFFKGQA0260,Compare order cancellation responses by response type.,order_cancellation,llm_or_ranking,direct_graph_supported,auto_answer,capability_inventory,0,1,3,,"[{""participantCount"": ""5"", ""responseType"": ""Decrease""}, {""participantCount"": ""5"", ""responseType"": ""Increase""}, {""participantCount"": ""5"", ""responseType"": ""Stable""}]",Answer: Order-cancellation results returned 3 row(s). The largest returned participant count is Decrease with 5.,,SELECT ?responseType (SUM(?participants) AS ?participantCount) WHERE { ?entry a survey:OrderCancellation ; survey:hasResponseType ?responseType ; survey:participantCount ?participants . } GROUP BY ?responseType ORDER BY ?responseType,,
EFFKGQA0261,Compare OEM current demand across quarter.,regional_demand,llm_or_ranking,llm_ranking,llm_ranking,validated_retrieval,1,5,3,,"[{""pct"": ""-0.36"", ""vehicle"": ""BEV""}, {""pct"": ""3.77"", ""vehicle"": ""BEHV""}, {""pct"": ""4.59"", ""vehicle"": ""ICE""}]","Answer: The query returned 3 row(s). Results: vehicle: BEV, pct: -0.36; vehicle: BEHV, pct: 3.77; vehicle: ICE, pct: 4.59.",switched_to_nonempty_candidate,"SELECT ?vehicle ?pct WHERE { ?agg a survey:AggregatedDemand ; survey:hasSurveyOrigin survey:OEM_Survey_Instance ; survey:isAggregatedResult true ; survey:forVehicleType ?veh ; survey:percentageChange ?pct . BIND( IF(?veh = survey:BEV, ""BEV"", IF(?veh = survey:BEHV, ""BEHV"", IF(?veh = survey:ICE, ""ICE"", """") ) ) AS ?vehicle ) FILTER(?vehicle != """") BIND( IF(?vehicle = ""BEV"", 1, IF(?vehicle = ""BEHV"", 2, IF(?vehicle = ""ICE"", 3, 4) ) ) AS ?ord ) } ORDER BY ?ord",,
EFFKGQA0262,How many companies are in each shortage status for companies reporting shortage?,shortage,llm_or_ranking,direct_graph_supported,auto_answer,capability_inventory,0,1,2,,"[{""companyCount"": ""3"", ""shortageStatus"": ""no""}, {""companyCount"": ""6"", ""shortageStatus"": ""yes""}]","Answer: The query returned 2 row(s). Results: shortage status: no, company count: 3; shortage status: yes, company count: 6.",,"SELECT ?shortageStatus (COUNT(?company) AS ?companyCount) WHERE { VALUES (?surveyClass ?surveyGroup) { (survey:OEM_Survey ""OEM"") (survey:Tier1_Survey ""Tier1"") (survey:Semiconductor_Survey ""Semiconductor"") } ?company a survey:Company ; survey:hasSurveyOrigin ?origin ; survey:reportsShortage ?shortage . ?origin a ?surveyClass . BIND(IF(?shortage = true, ""yes"", ""no"") AS ?shortageStatus) } GROUP BY ?shortageStatus ORDER BY ?shortageStatus",,
EFFKGQA0263,Show average autonomous driving development by survey group.,autonomous_driving,llm_or_ranking,llm_ranking,llm_ranking,validated_retrieval,1,11,3,,"[{""avgPercentage"": ""42.0"", ""year"": ""2025""}, {""avgPercentage"": ""62.0"", ""year"": ""2026""}, {""avgPercentage"": ""82.0"", ""year"": ""2027""}]","Answer: The query returned 3 row(s). Results: year: 2025, avg percentage: 42.0; year: 2026, avg percentage: 62.0; year: 2027, avg percentage: 82.0.",selected_best_executable_candidate,SELECT ?year (AVG(?percentage) AS ?avgPercentage) WHERE { ?entry a survey:AutonomousDrivingDevelopment ; survey:hasYear ?year ; survey:hasPercentage ?percentage . } GROUP BY ?year ORDER BY ?year,,
EFFKGQA0264,"Using the True Demand KG, summarize current demand per quarter?",regional_demand,llm_or_ranking,llm_ranking,llm_ranking,infineon,1,5,0,,,Answer: No results returned for the given query.,selected_best_executable_candidate,"SELECT ?quarterLabel (SUM(?currentDemand) AS ?totalCurrentDemand) WHERE { ?entry a survey:CurrentDemandAnalysis ; survey:forTimePeriod ?quarter ; survey:currentDemand ?currentDemand . ?quarter a survey:Quarter . BIND(REPLACE(STR(?quarter), '^.*/', '') AS ?quarterLabel) } GROUP BY ?quarterLabel ORDER BY ?quarterLabel",,
EFFKGQA0265,Count order cancellation responses for each technology category.,order_cancellation,llm_or_ranking,direct_graph_supported,auto_answer,capability_inventory,0,1,5,,"[{""participantCount"": ""3"", ""technologyCategory"": ""OrderCancellationChange_Semi_10nm_to_lt28nm""}, {""participantCount"": ""3"", ""technologyCategory"": ""OrderCancellationChange_Semi_180nm_or_greater""}, {""participantCount"": ""3"", ""technologyCategory"": ""OrderCancellationChange_Semi_28nm_to_lt45nm""}, {""participantCount"": ""3"", ""technologyCategory"": ""OrderCancellationChange_Semi_55nm_to_180nm""}, {""participantCount"": ""3"", ""technologyCategory"": ""OrderCancellationChange_Semi_lt%3D_7nm""}]","Answer: The query returned 5 row(s). Results: technology category: OrderCancellationChange_Semi_10nm_to_lt28nm, participant count: 3; technology category: OrderCancellationChange_Semi_180nm_or_greater, participant count: 3; technology category: OrderCancellationChange_Semi_28nm_to_lt45nm, participant count: 3; technology category: OrderCancellationChange_Semi_55nm_to_180nm, participant count: 3; technology category: OrderCancellationChange_Semi_lt%3D_7nm, participant count: 3.",,"SELECT ?technologyCategory (SUM(?participants) AS ?participantCount) WHERE { ?entry a survey:OrderCancellation ; survey:forTechnologyCategory ?technology ; survey:participantCount ?participants . BIND(REPLACE(STR(?technology), ""^.*/"", """") AS ?technologyCategory) } GROUP BY ?technologyCategory ORDER BY ?technologyCategory",,
EFFKGQA0266,"From the graph, use the graph to show Tier1 current demand by quarter?",regional_demand,llm_or_ranking,llm_ranking,llm_ranking,infineon,1,5,0,,,Answer: No results returned for the given query.,selected_best_executable_candidate,"SELECT ?quarterLabel (SUM(?value) AS ?totalDemand) WHERE { survey:Tier1CurrentDemand a survey:CurrentDemandAnalysis ; survey:hasAggregatedResult ?entry . ?entry survey:forTimePeriod ?quarter ; survey:percentageChange ?value . ?quarter a survey:Quarter . BIND(REPLACE(STR(?quarter), '^.*/', '') AS ?quarterLabel) } GROUP BY ?quarterLabel ORDER BY ?quarterLabel",,
EFFKGQA0267,Summarize sales volume over vehicle type.,vehicle_sales,llm_or_ranking,llm_ranking,llm_ranking,infineon,1,5,0,,,Answer: No results returned for the given query.,selected_best_executable_candidate,"SELECT ?vehicleType (SUM(?unitsSold) AS ?totalSales) WHERE { ?obs a survey:VehicleSalesObservation ; survey:hasVehicleType ?vehicle ; survey:unitsSold ?unitsSold . BIND(REPLACE(STR(?vehicle), '^.*/', '') AS ?vehicleType) } GROUP BY ?vehicleType ORDER BY DESC(?totalSales)",,
EFFKGQA0268,"From the graph, what is the total Tier1 current demand for each vehicle type?",regional_demand,llm_or_ranking,llm_ranking,llm_ranking,validated_retrieval,1,5,3,,"[{""pct"": ""-0.36"", ""vehicle"": ""BEV""}, {""pct"": ""3.77"", ""vehicle"": ""BEHV""}, {""pct"": ""4.59"", ""vehicle"": ""ICE""}]","Answer: The query returned 3 row(s). Results: vehicle: BEV, pct: -0.36; vehicle: BEHV, pct: 3.77; vehicle: ICE, pct: 4.59.",switched_to_nonempty_candidate,"SELECT ?vehicle ?pct WHERE { ?agg a survey:AggregatedDemand ; survey:hasSurveyOrigin survey:OEM_Survey_Instance ; survey:isAggregatedResult true ; survey:forVehicleType ?veh ; survey:percentageChange ?pct . BIND( IF(?veh = survey:BEV, ""BEV"", IF(?veh = survey:BEHV, ""BEHV"", IF(?veh = survey:ICE, ""ICE"", """") ) ) AS ?vehicle ) FILTER(?vehicle != """") BIND( IF(?vehicle = ""BEV"", 1, IF(?vehicle = ""BEHV"", 2, IF(?vehicle = ""ICE"", 3, 4) ) ) AS ?ord ) } ORDER BY ?ord",,
EFFKGQA0269,Please compare semiconductor current demand across region?,regional_demand,llm_or_ranking,direct_graph_supported,auto_answer,capability_inventory,0,1,5,,"[{""regionName"": ""Americas"", ""totalDemand"": ""35.0""}, {""regionName"": ""Asia Pacific/All Other"", ""totalDemand"": ""10.0""}, {""regionName"": ""Asia Pacific/China"", ""totalDemand"": ""20.0""}, {""regionName"": ""Europe"", ""totalDemand"": ""25.0""}, {""regionName"": ""Japan"", ""totalDemand"": ""10.0""}]","Answer: Regional demand returned 5 grouped row(s). Groups: region name: Americas, total demand: 35.0; region name: All Other, total demand: 10.0; region name: China, total demand: 20.0; region name: Europe, total demand: 25.0; region name: Japan, total demand: 10.0.",,"SELECT ?regionName (SUM(?demand) AS ?totalDemand) WHERE { BIND(""Semiconductor"" AS ?surveyGroup) ?entry a survey:DemandForRegion ; survey:hasSurveyOrigin ?origin ; survey:inRegion ?region ; survey:totalDemand ?demand . ?origin a survey:Semiconductor_Survey . ?region survey:regionName ?regionName . } GROUP BY ?regionName ORDER BY ?regionName",,
EFFKGQA0270,Return actual vehicle sales grouped by month.,vehicle_sales,llm_or_ranking,direct_graph_supported,auto_answer,capability_inventory,0,1,12,,"[{""monthLabel"": ""Apr 2023"", ""unitsSold"": ""6425650""}, {""monthLabel"": ""Aug 2023"", ""unitsSold"": ""7057393""}, {""monthLabel"": ""Dec 2023"", ""unitsSold"": ""8093262""}, {""monthLabel"": ""Feb 2023"", ""unitsSold"": ""6176907""}, {""monthLabel"": ""Jan 2023"", ""unitsSold"": ""5727449""}, {""monthLabel"": ""Jul 2023"", ""unitsSold"": ""7066342""}, {""monthLabel"": ""Jun 2023"", ""unitsSold"": ""7678947""}, {""monthLabel"": ""Mar 2023"", ""unitsSold"": ""7847474""}, {""monthLabel"": ""May 2023"", ""unitsSold"": ""7164150""}, {""monthLabel"": ""Nov 2023"", ""unitsSold"": ""7699941""}, {""monthLabel"": ""Oct 2023"", ""unitsSold"": ""7459190""}, {""monthLabel"": ""Sep 2023"", ""unitsSold"": ""7728774""}]","Answer: Vehicle-sales results returned 12 grouped row(s). Groups: month label: Apr 2023, units sold: 6425650; month label: Aug 2023, units sold: 7057393; month label: Dec 2023, units sold: 8093262; month label: Feb 2023, units sold: 6176907; month label: Jan 2023, units sold: 5727449; month label: Jul 2023, units sold: 7066342; month label: Jun 2023, units sold: 7678947; month label: Mar 2023, units sold: 7847474; month label: May 2023, units sold: 7164150; month label: Nov 2023, units sold: 7699941; month label: Oct 2023, units sold: 7459190; month label: Sep 2023, units sold: 7728774.",,"SELECT ?monthLabel (SUM(?units) AS ?unitsSold) WHERE { ?obs a survey:VehicleSalesObservation ; survey:isActualData true ; survey:forTimePeriod ?month ; survey:unitsSold ?units . OPTIONAL { ?month survey:periodLabel ?periodLabel . } BIND(COALESCE(?periodLabel, REPLACE(STR(?month), ""^.*/"", """")) AS ?monthLabel) } GROUP BY ?monthLabel ORDER BY ?monthLabel",,
EFFKGQA0271,Please how does Tier1 current demand vary by region?,regional_demand,llm_or_ranking,direct_graph_supported,auto_answer,capability_inventory,0,1,5,,"[{""regionName"": ""Americas"", ""totalDemand"": ""30.0""}, {""regionName"": ""Asia Pacific/All Other"", ""totalDemand"": ""10.0""}, {""regionName"": ""Asia Pacific/China"", ""totalDemand"": ""15.0""}, {""regionName"": ""Europe"", ""totalDemand"": ""30.0""}, {""regionName"": ""Japan"", ""totalDemand"": ""15.0""}]","Answer: Regional demand returned 5 grouped row(s). Groups: region name: Americas, total demand: 30.0; region name: All Other, total demand: 10.0; region name: China, total demand: 15.0; region name: Europe, total demand: 30.0; region name: Japan, total demand: 15.0.",,"SELECT ?regionName (SUM(?demand) AS ?totalDemand) WHERE { BIND(""Tier1"" AS ?surveyGroup) ?entry a survey:DemandForRegion ; survey:hasSurveyOrigin ?origin ; survey:inRegion ?region ; survey:totalDemand ?demand . ?origin a survey:Tier1_Survey . ?region survey:regionName ?regionName . } GROUP BY ?regionName ORDER BY ?regionName",,
EFFKGQA0272,Show shortage information by technology category.,shortage,llm_or_ranking,llm_ranking,llm_ranking,validated_retrieval,1,13,15,,"[{""participantCount"": ""1"", ""responseType"": ""Decrease"", ""technologyCategory"": ""OrderCancellationChange_Semi_10nm_to_lt28nm""}, {""participantCount"": ""2"", ""responseType"": ""Increase"", ""technologyCategory"": ""OrderCancellationChange_Semi_10nm_to_lt28nm""}, {""participantCount"": ""0"", ""responseType"": ""Stable"", ""technologyCategory"": ""OrderCancellationChange_Semi_10nm_to_lt28nm""}, {""participantCount"": ""2"", ""responseType"": ""Decrease"", ""technologyCategory"": ""OrderCancellationChange_Semi_180nm_or_greater""}, {""participantCount"": ""0"", ""responseType"": ""Increase"", ""technologyCategory"": ""OrderCancellationChange_Semi_180nm_or_greater""}, {""participantCount"": ""1"", ""responseType"": ""Stable"", ""technologyCategory"": ...",Answer: Order-cancellation results returned 15 row(s). The largest returned participant count is Increase for OrderCancellationChange Semi 10nm to <28nm with 2.,selected_best_executable_candidate,"SELECT ?technologyCategory ?responseType (SUM(?participants) AS ?participantCount) WHERE { ?entry a survey:OrderCancellation ; survey:forTechnologyCategory ?tech ; survey:hasResponseType ?responseType ; survey:participantCount ?participants . BIND(REPLACE(STR(?tech), '^.*/', '') AS ?technologyCategory) } GROUP BY ?technologyCategory ?responseType ORDER BY ?technologyCategory ?responseType",,
EFFKGQA0273,Give me current demand grouped by survey group.,regional_demand,llm_or_ranking,direct_graph_supported,auto_answer,capability_inventory,0,1,3,,"[{""surveyGroup"": ""OEM"", ""totalDemand"": ""248769210.0""}, {""surveyGroup"": ""Semiconductor"", ""totalDemand"": ""100.0""}, {""surveyGroup"": ""Tier1"", ""totalDemand"": ""100.0""}]","Answer: The query returned 3 row(s). Results: survey group: OEM, total demand: 248769210.0; survey group: Semiconductor, total demand: 100.0; survey group: Tier1, total demand: 100.0.",,"SELECT ?surveyGroup (SUM(?demand) AS ?totalDemand) WHERE { VALUES (?surveyClass ?surveyGroup) { (survey:OEM_Survey ""OEM"") (survey:Tier1_Survey ""Tier1"") (survey:Semiconductor_Survey ""Semiconductor"") } ?entry a survey:DemandForRegion ; survey:hasSurveyOrigin ?origin ; survey:totalDemand ?demand . ?origin a ?surveyClass . } GROUP BY ?surveyGroup ORDER BY ?surveyGroup",,
EFFKGQA0274,Return inventory trend grouped by technology category.,inventory,llm_or_ranking,direct_graph_supported,auto_answer,capability_inventory,0,1,9,,"[{""entryCount"": ""1"", ""technologyCategory"": ""10nm_to_%3C28nm"", ""trend"": ""Decrease""}, {""entryCount"": ""1"", ""technologyCategory"": ""10nm_to_%3C28nm"", ""trend"": ""Increase""}, {""entryCount"": ""1"", ""technologyCategory"": ""180nm_or_greater"", ""trend"": ""Decrease""}, {""entryCount"": ""1"", ""technologyCategory"": ""180nm_or_greater"", ""trend"": ""Stable""}, {""entryCount"": ""1"", ""technologyCategory"": ""28nm_to_%3C45nm"", ""trend"": ""Decrease""}, {""entryCount"": ""1"", ""technologyCategory"": ""28nm_to_%3C45nm"", ""trend"": ""Stable""}, {""entryCount"": ""1"", ""technologyCategory"": ""55nm_to_180nm"", ""trend"": ""Increase""}, {""entryCount"": ""1"", ""technologyCategory"": ""55nm_to_180nm"", ""trend"": ""Stable""}, {""entryCount"": ""2"", ""technologyCategory""...","Answer: The query returned 9 row(s). First results: technology category: 10nm_to_%3C28nm, trend: Decrease, entry count: 1; technology category: 10nm_to_%3C28nm, trend: Increase, entry count: 1; technology category: 180nm_or_greater, trend: Decrease, entry count: 1; technology category: 180nm_or_greater, trend: Stable, entry count: 1; technology category: 28nm_to_%3C45nm, trend: Decrease, entry count: 1; technology category: 28nm_to_%3C45nm, trend: Stable, entry count: 1; technology category: 55nm_to_180nm, trend: Increase, entry count: 1; technology category: 55nm_to_180nm, trend: Stable, entry count: 1.",,"SELECT ?technologyCategory ?trend (COUNT(?entry) AS ?entryCount) WHERE { ?entry a survey:InventoryDevelopment_Semi ; survey:forTechnologyCategory ?technology ; survey:hasInventoryTrend ?trend . BIND(REPLACE(STR(?technology), ""^.*/"", """") AS ?technologyCategory) } GROUP BY ?technologyCategory ?trend ORDER BY ?technologyCategory ?trend",,
EFFKGQA0275,Show component inventory by trend.,inventory,llm_or_ranking,direct_graph_supported,auto_answer,capability_inventory,0,1,9,,"[{""component"": ""Component_EV"", ""participantTotal"": ""1"", ""trend"": ""Decrease""}, {""component"": ""Component_EV"", ""participantTotal"": ""1"", ""trend"": ""Increase""}, {""component"": ""Component_EV"", ""participantTotal"": ""3"", ""trend"": ""Stable""}, {""component"": ""Component_both"", ""participantTotal"": ""1"", ""trend"": ""Decrease""}, {""component"": ""Component_both"", ""participantTotal"": ""1"", ""trend"": ""Increase""}, {""component"": ""Component_both"", ""participantTotal"": ""3"", ""trend"": ""Stable""}, {""component"": ""Component_non_EV"", ""participantTotal"": ""1"", ""trend"": ""Decrease""}, {""component"": ""Component_non_EV"", ""participantTotal"": ""1"", ""trend"": ""Increase""}, {""component"": ""Component_non_EV"", ""participantTotal"": ""3"", ""trend"": ""S...","Answer: The query returned 9 row(s). First results: component: Component_EV, trend: Decrease, participant total: 1; component: Component_EV, trend: Increase, participant total: 1; component: Component_EV, trend: Stable, participant total: 3; component: Component_both, trend: Decrease, participant total: 1; component: Component_both, trend: Increase, participant total: 1; component: Component_both, trend: Stable, participant total: 3; component: Component_non_EV, trend: Decrease, participant total: 1; component: Component_non_EV, trend: Increase, participant total: 1.",,SELECT ?component ?trend (SUM(?participants) AS ?participantTotal) WHERE { ?entry a survey:InventoryDevelopment_Tier1 ; survey:forComponent ?component ; survey:inventoryTrend ?trend ; survey:participantCount ?participants . } GROUP BY ?component ?trend ORDER BY ?component ?trend,,
EFFKGQA0276,"From the graph, summarize OEM current demand per quarter?",regional_demand,llm_or_ranking,llm_ranking,llm_ranking,infineon,1,5,0,,,Answer: No results returned for the given query.,selected_best_executable_candidate,"SELECT ?quarterLabel (SUM(?currentDemand) AS ?totalCurrentDemand) WHERE { ?root a survey:CurrentDemandAnalysis ; survey:hasSurveyOrigin survey:OEM_Survey ; survey:hasAggregatedResult ?entry . ?entry survey:forTimePeriod ?quarter ; survey:currentDemand ?currentDemand . BIND(REPLACE(STR(?quarter), '^.*/', '') AS ?quarterLabel) } GROUP BY ?quarterLabel ORDER BY ?quarterLabel",,
EFFKGQA0277,Compare future demand change across vehicle type.,future_demand,direct_capability,direct_graph_supported,auto_answer,capability_inventory,0,1,3,,"[{""avgPercentageChange"": ""1.505"", ""vehicleType"": ""BEHV""}, {""avgPercentageChange"": ""4.74375"", ""vehicleType"": ""BEV""}, {""avgPercentageChange"": ""0.845"", ""vehicleType"": ""ICE""}]","Answer: The query returned 3 row(s). Results: vehicle type: BEHV, avg percentage change: 1.505; vehicle type: BEV, avg percentage change: 4.74375; vehicle type: ICE, avg percentage change: 0.845.",,"SELECT ?vehicleType (AVG(?pct) AS ?avgPercentageChange) WHERE { ?entry a survey:FutureDemandAnalysis ; survey:analyzesVehicleType ?vehicle ; survey:percentageChange ?pct . BIND(REPLACE(STR(?vehicle), ""^.*/"", """") AS ?vehicleType) } GROUP BY ?vehicleType ORDER BY ?vehicleType",,
EFFKGQA0278,Which vehicle type has the highest sales volume?,vehicle_sales,llm_or_ranking,llm_ranking,llm_ranking,infineon,1,2,0,,,Answer: No results returned for the given query.,selected_best_executable_candidate,"SELECT ?vehicleType (SUM(?unitsSold) AS ?totalSales) WHERE { ?obs a survey:VehicleSalesObservation ; survey:hasVehicleType ?vehicle ; survey:unitsSold ?unitsSold . BIND(REPLACE(STR(?vehicle), '^.*/', '') AS ?vehicleType) } GROUP BY ?vehicleType ORDER BY DESC(?totalSales) LIMIT 1",,
EFFKGQA0279,Show sales volume by vehicle type.,vehicle_sales,llm_or_ranking,llm_ranking,llm_ranking,infineon,1,5,0,,,Answer: No results returned for the given query.,selected_best_executable_candidate,"SELECT ?vehicleType (SUM(?unitsSold) AS ?totalSales) WHERE { ?obs a survey:VehicleSalesObservation ; survey:hasVehicleType ?vehicle ; survey:unitsSold ?unitsSold . BIND(REPLACE(STR(?vehicle), '^.*/', '') AS ?vehicleType) } GROUP BY ?vehicleType ORDER BY DESC(?totalSales)",,
EFFKGQA0280,"For the survey data, summarize future demand across region?",future_demand,direct_capability,llm_ranking,llm_ranking,validated_retrieval,1,10,35,,"[{""percentShare"": ""22.5"", ""quarterLabel"": ""Q1 2026"", ""regionName"": ""Americas""}, {""percentShare"": ""18.33"", ""quarterLabel"": ""Q1 2026"", ""regionName"": ""Asia Pacific/All Other""}, {""percentShare"": ""20.0"", ""quarterLabel"": ""Q1 2026"", ""regionName"": ""Asia Pacific/China""}, {""percentShare"": ""20.83"", ""quarterLabel"": ""Q1 2026"", ""regionName"": ""Europe""}, {""percentShare"": ""18.33"", ""quarterLabel"": ""Q1 2026"", ""regionName"": ""Japan""}, {""percentShare"": ""25.63"", ""quarterLabel"": ""Q2 2025"", ""regionName"": ""Americas""}, {""percentShare"": ""16.25"", ""quarterLabel"": ""Q2 2025"", ""regionName"": ""Asia Pacific/All Other""}, {""percentShare"": ""20.0"", ""quarterLabel"": ""Q2 2025"", ""regionName"": ""Asia Pacific/China""}, {""percentShare"":...","Answer: The query returned 35 row(s). First results: quarter label: Q1 2026, region name: Americas, percent share: 22.5; quarter label: Q1 2026, region name: Asia Pacific/All Other, percent share: 18.33; quarter label: Q1 2026, region name: Asia Pacific/China, percent share: 20.0; quarter label: Q1 2026, region name: Europe, percent share: 20.83; quarter label: Q1 2026, region name: Japan, percent share: 18.33; quarter label: Q2 2025, region name: Americas, percent share: 25.63; quarter label: Q2 2025, region name: Asia Pacific/All Other, percent share: 16.25; quarter label: Q2 2025, region name: Asia Pacific/China, percent share: 20.0.",selected_best_executable_candidate,SELECT ?quarterLabel ?regionName (ROUND(((SUM(?pct) / ?grandTotal) * 100) * 100) / 100 AS ?percentShare) WHERE { BIND(survey:Semiconductor_Survey AS ?surveyType) ?origin a ?surveyType . ?entry a survey:DemandForRegion ; survey:hasSurveyOrigin ?origin ; survey:inRegion ?region ; survey:quarter ?q ; survey:totalDemandPercentageChange ?pct . ?q survey:periodLabel ?quarterLabel . ?region survey:regionName ?regionName . { SELECT ?origin ?quarterLabel (SUM(?v) AS ?grandTotal) WHERE { ?e a survey:DemandForRegion ; survey:hasSurveyOrigin ?origin ; survey:quarter ?qq ; survey:totalDemandPercentageChange ?v . ?qq survey:periodLabel ?quarterLabel . } GROUP BY ?origin ?quarterLabel } } GROUP BY ?quarterLabel ?regionName ?grandTotal ORDER BY ?quarterLabel ?regionName,,
EFFKGQA0281,Compare current demand across quarter.,regional_demand,llm_or_ranking,llm_ranking,llm_ranking,validated_retrieval,1,8,2,,"[{""baseline"": ""BL1"", ""totalChange"": ""11.04""}, {""baseline"": ""BL2"", ""totalChange"": ""-9.03""}]","Answer: Current-demand BL comparison returned 2 row(s). BL1 total change is 11.04, BL2 is -9.03; BL1 is higher than BL2 by 20.07.",switched_to_nonempty_candidate,"SELECT ?baseline (SUM(?pct) AS ?totalChange) WHERE { survey:Tier1CurrentDemand a survey:CurrentDemandAnalysis ; survey:hasAggregatedResult ?entry . ?entry a survey:CurrentDemandAnalysis ; survey:baselineType ?baseline ; survey:percentageChange ?pct . FILTER(?baseline IN ('BL1','BL2')) } GROUP BY ?baseline ORDER BY ?baseline",,
EFFKGQA0282,Can you show the future demand trend by technology category?,future_demand,direct_capability,direct_graph_supported,auto_answer,capability_inventory,0,1,5,,"[{""avgPercentageChange"": ""12.24875"", ""technologyCategory"": ""TechCategory_%3C%3D_7nm""}, {""avgPercentageChange"": ""3.7225"", ""technologyCategory"": ""TechCategory_10nm_to_%3C28nm""}, {""avgPercentageChange"": ""36.1225"", ""technologyCategory"": ""TechCategory_180nm_or_greater""}, {""avgPercentageChange"": ""12.375"", ""technologyCategory"": ""TechCategory_28nm_to_%3C45nm""}, {""avgPercentageChange"": ""2.9525"", ""technologyCategory"": ""TechCategory_55nm_to_180nm""}]","Answer: The query returned 5 row(s). Results: technology category: TechCategory_%3C%3D_7nm, avg percentage change: 12.24875; technology category: TechCategory_10nm_to_%3C28nm, avg percentage change: 3.7225; technology category: TechCategory_180nm_or_greater, avg percentage change: 36.1225; technology category: TechCategory_28nm_to_%3C45nm, avg percentage change: 12.375; technology category: TechCategory_55nm_to_180nm, avg percentage change: 2.9525.",,"SELECT ?technologyCategory (AVG(?pct) AS ?avgPercentageChange) WHERE { ?entry a survey:FutureDemandAnalysis ; survey:analyzesTechnologyCategory ?technology ; survey:percentageChange ?pct . OPTIONAL { ?technology survey:technologyCategoryName ?technologyName . } BIND(COALESCE(?technologyName, REPLACE(STR(?technology), ""^.*/"", """")) AS ?technologyCategory) } GROUP BY ?technologyCategory ORDER BY ?technologyCategory",,
EFFKGQA0283,Can you compare future demand change across quarter?,future_demand,direct_capability,direct_graph_supported,auto_answer,capability_inventory,0,1,8,,"[{""avgPercentageChange"": ""12.44380952380952380952381"", ""quarterLabel"": ""Current Quarter""}, {""avgPercentageChange"": ""9.510000000000000038461538"", ""quarterLabel"": ""Q1 2026""}, {""avgPercentageChange"": ""26.356153846153846153846154"", ""quarterLabel"": ""Q2 2025""}, {""avgPercentageChange"": ""7.285384615384615384615385"", ""quarterLabel"": ""Q2 2026""}, {""avgPercentageChange"": ""5.861923076923076923076923"", ""quarterLabel"": ""Q3 2025""}, {""avgPercentageChange"": ""8.775384615384615384615385"", ""quarterLabel"": ""Q3 2026""}, {""avgPercentageChange"": ""15.195769230769230807692308"", ""quarterLabel"": ""Q4 2025""}, {""avgPercentageChange"": ""8.727307692307692307692308"", ""quarterLabel"": ""Q4 2026""}]","Answer: The query returned 8 row(s). Results: quarter label: Current Quarter, avg percentage change: 12.44380952380952380952381; quarter label: Q1 2026, avg percentage change: 9.510000000000000038461538; quarter label: Q2 2025, avg percentage change: 26.356153846153846153846154; quarter label: Q2 2026, avg percentage change: 7.285384615384615384615385; quarter label: Q3 2025, avg percentage change: 5.861923076923076923076923; quarter label: Q3 2026, avg percentage change: 8.775384615384615384615385; quarter label: Q4 2025, avg percentage change: 15.195769230769230807692308; quarter label: Q4 2026, avg percentage change: 8.727307692307692307692308.",,SELECT ?quarterLabel (AVG(?pct) AS ?avgPercentageChange) WHERE { ?entry a survey:FutureDemandAnalysis ; survey:forTimePeriod ?quarter ; survey:percentageChange ?pct . ?quarter survey:periodLabel ?quarterLabel . } GROUP BY ?quarterLabel ORDER BY ?quarterLabel,,
EFFKGQA0284,"For the survey data, give me current demand grouped by survey group?",regional_demand,llm_or_ranking,direct_graph_supported,auto_answer,capability_inventory,0,1,3,,"[{""surveyGroup"": ""OEM"", ""totalDemand"": ""248769210.0""}, {""surveyGroup"": ""Semiconductor"", ""totalDemand"": ""100.0""}, {""surveyGroup"": ""Tier1"", ""totalDemand"": ""100.0""}]","Answer: The query returned 3 row(s). Results: survey group: OEM, total demand: 248769210.0; survey group: Semiconductor, total demand: 100.0; survey group: Tier1, total demand: 100.0.",,"SELECT ?surveyGroup (SUM(?demand) AS ?totalDemand) WHERE { VALUES (?surveyClass ?surveyGroup) { (survey:OEM_Survey ""OEM"") (survey:Tier1_Survey ""Tier1"") (survey:Semiconductor_Survey ""Semiconductor"") } ?entry a survey:DemandForRegion ; survey:hasSurveyOrigin ?origin ; survey:totalDemand ?demand . ?origin a ?surveyClass . } GROUP BY ?surveyGroup ORDER BY ?surveyGroup",,
EFFKGQA0285,Please return the future demand analysis by region?,future_demand,direct_capability,direct_graph_supported,auto_answer,capability_inventory,0,1,5,,"[{""avgPercentageChange"": ""1993696.795238095238095238095238"", ""regionName"": ""Americas""}, {""avgPercentageChange"": ""1092445.9"", ""regionName"": ""Asia Pacific/All Other""}, {""avgPercentageChange"": ""2386112.016666666666666666666667"", ""regionName"": ""Asia Pacific/China""}, {""avgPercentageChange"": ""1491199.795238095238095238095238"", ""regionName"": ""Europe""}, {""avgPercentageChange"": ""369089.207142857142857142857143"", ""regionName"": ""Japan""}]","Answer: The query returned 5 row(s). Results: region name: Americas, avg percentage change: 1993696.795238095238095238095238; region name: Asia Pacific/All Other, avg percentage change: 1092445.9; region name: Asia Pacific/China, avg percentage change: 2386112.016666666666666666666667; region name: Europe, avg percentage change: 1491199.795238095238095238095238; region name: Japan, avg percentage change: 369089.207142857142857142857143.",,SELECT ?regionName (AVG(?pct) AS ?avgPercentageChange) WHERE { ?entry a survey:DemandForRegion ; survey:inRegion ?region ; survey:totalDemandPercentageChange ?pct . ?region survey:regionName ?regionName . } GROUP BY ?regionName ORDER BY ?regionName,,
EFFKGQA0286,What is the total OEM current demand for each vehicle type?,regional_demand,llm_or_ranking,llm_ranking,llm_ranking,validated_retrieval,1,5,3,,"[{""pct"": ""-0.36"", ""vehicle"": ""BEV""}, {""pct"": ""3.77"", ""vehicle"": ""BEHV""}, {""pct"": ""4.59"", ""vehicle"": ""ICE""}]","Answer: The query returned 3 row(s). Results: vehicle: BEV, pct: -0.36; vehicle: BEHV, pct: 3.77; vehicle: ICE, pct: 4.59.",switched_to_nonempty_candidate,"SELECT ?vehicle ?pct WHERE { ?agg a survey:AggregatedDemand ; survey:hasSurveyOrigin survey:OEM_Survey_Instance ; survey:isAggregatedResult true ; survey:forVehicleType ?veh ; survey:percentageChange ?pct . BIND( IF(?veh = survey:BEV, ""BEV"", IF(?veh = survey:BEHV, ""BEHV"", IF(?veh = survey:ICE, ""ICE"", """") ) ) AS ?vehicle ) FILTER(?vehicle != """") BIND( IF(?vehicle = ""BEV"", 1, IF(?vehicle = ""BEHV"", 2, IF(?vehicle = ""ICE"", 3, 4) ) ) AS ?ord ) } ORDER BY ?ord",,
EFFKGQA0287,"Using the True Demand KG, use the graph to show Tier1 current demand by survey group?",regional_demand,llm_or_ranking,direct_graph_supported,auto_answer,capability_inventory,0,1,1,,"[{""surveyGroup"": ""Tier1"", ""totalDemand"": ""100.0""}]","Answer: The query returned 1 row(s). Results: survey group: Tier1, total demand: 100.0.",,"SELECT ?surveyGroup (SUM(?demand) AS ?totalDemand) WHERE { BIND(""Tier1"" AS ?surveyGroup) ?entry a survey:DemandForRegion ; survey:hasSurveyOrigin ?origin ; survey:totalDemand ?demand . ?origin a survey:Tier1_Survey . } GROUP BY ?surveyGroup ORDER BY ?surveyGroup",,
EFFKGQA0288,Compare vehicle sales units across year.,vehicle_sales,llm_or_ranking,direct_graph_supported,auto_answer,capability_inventory,0,1,4,,"[{""unitsSold"": ""86125479"", ""year"": ""2023""}, {""unitsSold"": ""88109476"", ""year"": ""2024""}, {""unitsSold"": ""90166856"", ""year"": ""2025""}, {""unitsSold"": ""90471186"", ""year"": ""2026""}]","Answer: The query returned 4 row(s). Results: year: 2023, units sold: 86125479; year: 2024, units sold: 88109476; year: 2025, units sold: 90166856; year: 2026, units sold: 90471186.",,"SELECT ?year (SUM(?units) AS ?unitsSold) WHERE { ?obs a survey:VehicleSalesObservation ; survey:forTimePeriod ?month ; survey:unitsSold ?units . OPTIONAL { ?month survey:periodLabel ?periodLabel . } BIND(COALESCE(?periodLabel, REPLACE(STR(?month), ""^.*/"", """")) AS ?label) BIND(REPLACE(STR(?label), ""^.*(20[0-9]{2}).*$"", ""$1"") AS ?year) } GROUP BY ?year ORDER BY ?year",,
EFFKGQA0289,"Using the True Demand KG, use the True Demand KG to show future demand by technology category?",future_demand,direct_capability,direct_graph_supported,auto_answer,capability_inventory,0,1,5,,"[{""avgPercentageChange"": ""12.24875"", ""technologyCategory"": ""TechCategory_%3C%3D_7nm""}, {""avgPercentageChange"": ""3.7225"", ""technologyCategory"": ""TechCategory_10nm_to_%3C28nm""}, {""avgPercentageChange"": ""36.1225"", ""technologyCategory"": ""TechCategory_180nm_or_greater""}, {""avgPercentageChange"": ""12.375"", ""technologyCategory"": ""TechCategory_28nm_to_%3C45nm""}, {""avgPercentageChange"": ""2.9525"", ""technologyCategory"": ""TechCategory_55nm_to_180nm""}]","Answer: The query returned 5 row(s). Results: technology category: TechCategory_%3C%3D_7nm, avg percentage change: 12.24875; technology category: TechCategory_10nm_to_%3C28nm, avg percentage change: 3.7225; technology category: TechCategory_180nm_or_greater, avg percentage change: 36.1225; technology category: TechCategory_28nm_to_%3C45nm, avg percentage change: 12.375; technology category: TechCategory_55nm_to_180nm, avg percentage change: 2.9525.",,"SELECT ?technologyCategory (AVG(?pct) AS ?avgPercentageChange) WHERE { ?entry a survey:FutureDemandAnalysis ; survey:analyzesTechnologyCategory ?technology ; survey:percentageChange ?pct . OPTIONAL { ?technology survey:technologyCategoryName ?technologyName . } BIND(COALESCE(?technologyName, REPLACE(STR(?technology), ""^.*/"", """")) AS ?technologyCategory) } GROUP BY ?technologyCategory ORDER BY ?technologyCategory",,
EFFKGQA0290,Show component inventory by technology category.,inventory,llm_or_ranking,llm_ranking,llm_ranking,validated_retrieval,1,13,15,,"[{""participantCount"": ""1"", ""responseType"": ""Decrease"", ""technologyCategory"": ""OrderCancellationChange_Semi_10nm_to_lt28nm""}, {""participantCount"": ""2"", ""responseType"": ""Increase"", ""technologyCategory"": ""OrderCancellationChange_Semi_10nm_to_lt28nm""}, {""participantCount"": ""0"", ""responseType"": ""Stable"", ""technologyCategory"": ""OrderCancellationChange_Semi_10nm_to_lt28nm""}, {""participantCount"": ""2"", ""responseType"": ""Decrease"", ""technologyCategory"": ""OrderCancellationChange_Semi_180nm_or_greater""}, {""participantCount"": ""0"", ""responseType"": ""Increase"", ""technologyCategory"": ""OrderCancellationChange_Semi_180nm_or_greater""}, {""participantCount"": ""1"", ""responseType"": ""Stable"", ""technologyCategory"": ...",Answer: Order-cancellation results returned 15 row(s). The largest returned participant count is Increase for OrderCancellationChange Semi 10nm to <28nm with 2.,selected_best_executable_candidate,"SELECT ?technologyCategory ?responseType (SUM(?participants) AS ?participantCount) WHERE { ?entry a survey:OrderCancellation ; survey:forTechnologyCategory ?tech ; survey:hasResponseType ?responseType ; survey:participantCount ?participants . BIND(REPLACE(STR(?tech), '^.*/', '') AS ?technologyCategory) } GROUP BY ?technologyCategory ?responseType ORDER BY ?technologyCategory ?responseType",,
EFFKGQA0291,Which SAE level has the highest SAE level development?,autonomous_driving,llm_or_ranking,direct_graph_supported,auto_answer,capability_inventory,0,1,5,,"[{""avgPercentage"": ""42.0"", ""saeLevel"": ""SAE_Level_1""}, {""avgPercentage"": ""52.0"", ""saeLevel"": ""SAE_Level_2""}, {""avgPercentage"": ""62.0"", ""saeLevel"": ""SAE_Level_3""}, {""avgPercentage"": ""72.0"", ""saeLevel"": ""SAE_Level_4""}, {""avgPercentage"": ""82.0"", ""saeLevel"": ""SAE_Level_5""}]","Answer: The query returned 5 row(s). Results: sae level: SAE_Level_1, avg percentage: 42.0; sae level: SAE_Level_2, avg percentage: 52.0; sae level: SAE_Level_3, avg percentage: 62.0; sae level: SAE_Level_4, avg percentage: 72.0; sae level: SAE_Level_5, avg percentage: 82.0.",,"SELECT ?saeLevel (AVG(?pct) AS ?avgPercentage) WHERE { ?entry a survey:AutonomousDrivingDevelopment ; survey:hasSAELevel ?sae ; survey:hasPercentage ?pct . BIND(REPLACE(STR(?sae), ""^.*/"", """") AS ?saeLevel) } GROUP BY ?saeLevel ORDER BY ?saeLevel",,
EFFKGQA0292,"From the graph, return a breakdown of current demand by region?",regional_demand,llm_or_ranking,direct_graph_supported,auto_answer,capability_inventory,0,1,15,,"[{""regionName"": ""Americas"", ""surveyGroup"": ""OEM"", ""totalDemand"": ""67744458.0""}, {""regionName"": ""Asia Pacific/All Other"", ""surveyGroup"": ""OEM"", ""totalDemand"": ""37293303.0""}, {""regionName"": ""Asia Pacific/China"", ""surveyGroup"": ""OEM"", ""totalDemand"": ""77885298.0""}, {""regionName"": ""Europe"", ""surveyGroup"": ""OEM"", ""totalDemand"": ""51729003.0""}, {""regionName"": ""Japan"", ""surveyGroup"": ""OEM"", ""totalDemand"": ""14117148.0""}, {""regionName"": ""Americas"", ""surveyGroup"": ""Semiconductor"", ""totalDemand"": ""35.0""}, {""regionName"": ""Asia Pacific/All Other"", ""surveyGroup"": ""Semiconductor"", ""totalDemand"": ""10.0""}, {""regionName"": ""Asia Pacific/China"", ""surveyGroup"": ""Semiconductor"", ""totalDemand"": ""20.0""}, {""regionN...","Answer: Regional demand returned 15 grouped row(s). First groups: survey group: OEM, region name: Americas, total demand: 67744458.0; survey group: OEM, region name: All Other, total demand: 37293303.0; survey group: OEM, region name: China, total demand: 77885298.0; survey group: OEM, region name: Europe, total demand: 51729003.0; survey group: OEM, region name: Japan, total demand: 14117148.0; survey group: Semiconductor, region name: Americas, total demand: 35.0; survey group: Semiconductor, region name: All Other, total demand: 10.0; survey group: Semiconductor, region name: China, total demand: 20.0.",,"SELECT ?surveyGroup ?regionName (SUM(?demand) AS ?totalDemand) WHERE { VALUES (?surveyClass ?surveyGroup) { (survey:OEM_Survey ""OEM"") (survey:Tier1_Survey ""Tier1"") (survey:Semiconductor_Survey ""Semiconductor"") } ?entry a survey:DemandForRegion ; survey:hasSurveyOrigin ?origin ; survey:inRegion ?region ; survey:totalDemand ?demand . ?origin a ?surveyClass . ?region survey:regionName ?regionName . } GROUP BY ?surveyGroup ?regionName ORDER BY ?surveyGroup ?regionName",,
EFFKGQA0293,Return actual vehicle sales grouped by time period.,vehicle_sales,llm_or_ranking,llm_ranking,llm_ranking,validated_retrieval,1,5,12,,"[{""monthLabel"": ""time_Apr_2023"", ""unitsSold"": ""6425650""}, {""monthLabel"": ""time_Aug_2023"", ""unitsSold"": ""7057393""}, {""monthLabel"": ""time_Dec_2023"", ""unitsSold"": ""8093262""}, {""monthLabel"": ""time_Feb_2023"", ""unitsSold"": ""6176907""}, {""monthLabel"": ""time_Jan_2023"", ""unitsSold"": ""5727449""}, {""monthLabel"": ""time_Jul_2023"", ""unitsSold"": ""7066342""}, {""monthLabel"": ""time_Jun_2023"", ""unitsSold"": ""7678947""}, {""monthLabel"": ""time_Mar_2023"", ""unitsSold"": ""7847474""}, {""monthLabel"": ""time_May_2023"", ""unitsSold"": ""7164150""}, {""monthLabel"": ""time_Nov_2023"", ""unitsSold"": ""7699941""}, {""monthLabel"": ""time_Oct_2023"", ""unitsSold"": ""7459190""}, {""monthLabel"": ""time_Sep_2023"", ""unitsSold"": ""7728774""}]","Answer: Vehicle-sales results returned 12 grouped row(s). Groups: month label: time Apr 2023, units sold: 6425650; month label: time Aug 2023, units sold: 7057393; month label: time Dec 2023, units sold: 8093262; month label: time Feb 2023, units sold: 6176907; month label: time Jan 2023, units sold: 5727449; month label: time Jul 2023, units sold: 7066342; month label: time Jun 2023, units sold: 7678947; month label: time Mar 2023, units sold: 7847474; month label: time May 2023, units sold: 7164150; month label: time Nov 2023, units sold: 7699941; month label: time Oct 2023, units sold: 7459190; month label: time Sep 2023, units sold: 7728774.",kept_selected_nonempty,"SELECT ?monthLabel (SUM(?units) AS ?unitsSold) WHERE { ?obs a survey:VehicleSalesObservation ; survey:forTimePeriod ?month ; survey:isActualData true ; survey:unitsSold ?units . BIND(REPLACE(STR(?month), '^.*/', '') AS ?monthLabel) } GROUP BY ?monthLabel ORDER BY ?monthLabel",,
EFFKGQA0294,Compare vehicles sold across vehicle type.,vehicle_sales,llm_or_ranking,llm_ranking,llm_ranking,infineon,1,5,0,,,Answer: No results returned for the given query.,selected_best_executable_candidate,"SELECT ?vehicleType (SUM(?unitsSold) AS ?totalUnitsSold) WHERE { ?obs a survey:VehicleSalesObservation ; survey:hasVehicleType ?veh ; survey:unitsSold ?unitsSold . BIND(REPLACE(STR(?veh), '^.*/', '') AS ?vehicleType) } GROUP BY ?vehicleType ORDER BY DESC(?totalUnitsSold)",,
EFFKGQA0295,I need future demand grouped by vehicle type.,future_demand,direct_capability,direct_graph_supported,auto_answer,capability_inventory,0,1,3,,"[{""avgPercentageChange"": ""1.505"", ""vehicleType"": ""BEHV""}, {""avgPercentageChange"": ""4.74375"", ""vehicleType"": ""BEV""}, {""avgPercentageChange"": ""0.845"", ""vehicleType"": ""ICE""}]","Answer: The query returned 3 row(s). Results: vehicle type: BEHV, avg percentage change: 1.505; vehicle type: BEV, avg percentage change: 4.74375; vehicle type: ICE, avg percentage change: 0.845.",,"SELECT ?vehicleType (AVG(?pct) AS ?avgPercentageChange) WHERE { ?entry a survey:FutureDemandAnalysis ; survey:analyzesVehicleType ?vehicle ; survey:percentageChange ?pct . BIND(REPLACE(STR(?vehicle), ""^.*/"", """") AS ?vehicleType) } GROUP BY ?vehicleType ORDER BY ?vehicleType",,
EFFKGQA0296,"For the survey data, how does future demand change by quarter?",future_demand,direct_capability,llm_ranking,llm_ranking,validated_retrieval,1,10,35,,"[{""percentShare"": ""22.5"", ""quarterLabel"": ""Q1 2026"", ""regionName"": ""Americas""}, {""percentShare"": ""18.33"", ""quarterLabel"": ""Q1 2026"", ""regionName"": ""Asia Pacific/All Other""}, {""percentShare"": ""20.0"", ""quarterLabel"": ""Q1 2026"", ""regionName"": ""Asia Pacific/China""}, {""percentShare"": ""20.83"", ""quarterLabel"": ""Q1 2026"", ""regionName"": ""Europe""}, {""percentShare"": ""18.33"", ""quarterLabel"": ""Q1 2026"", ""regionName"": ""Japan""}, {""percentShare"": ""25.63"", ""quarterLabel"": ""Q2 2025"", ""regionName"": ""Americas""}, {""percentShare"": ""16.25"", ""quarterLabel"": ""Q2 2025"", ""regionName"": ""Asia Pacific/All Other""}, {""percentShare"": ""20.0"", ""quarterLabel"": ""Q2 2025"", ""regionName"": ""Asia Pacific/China""}, {""percentShare"":...","Answer: The query returned 35 row(s). First results: quarter label: Q1 2026, region name: Americas, percent share: 22.5; quarter label: Q1 2026, region name: Asia Pacific/All Other, percent share: 18.33; quarter label: Q1 2026, region name: Asia Pacific/China, percent share: 20.0; quarter label: Q1 2026, region name: Europe, percent share: 20.83; quarter label: Q1 2026, region name: Japan, percent share: 18.33; quarter label: Q2 2025, region name: Americas, percent share: 25.63; quarter label: Q2 2025, region name: Asia Pacific/All Other, percent share: 16.25; quarter label: Q2 2025, region name: Asia Pacific/China, percent share: 20.0.",switched_to_nonempty_candidate,SELECT ?quarterLabel ?regionName (ROUND(((SUM(?pct) / ?grandTotal) * 100) * 100) / 100 AS ?percentShare) WHERE { BIND(survey:Semiconductor_Survey AS ?surveyType) ?origin a ?surveyType . ?entry a survey:DemandForRegion ; survey:hasSurveyOrigin ?origin ; survey:inRegion ?region ; survey:quarter ?q ; survey:totalDemandPercentageChange ?pct . ?q survey:periodLabel ?quarterLabel . ?region survey:regionName ?regionName . { SELECT ?origin ?quarterLabel (SUM(?v) AS ?grandTotal) WHERE { ?e a survey:DemandForRegion ; survey:hasSurveyOrigin ?origin ; survey:quarter ?qq ; survey:totalDemandPercentageChange ?v . ?qq survey:periodLabel ?quarterLabel . } GROUP BY ?origin ?quarterLabel } } GROUP BY ?quarterLabel ?regionName ?grandTotal ORDER BY ?quarterLabel ?regionName,,
EFFKGQA0297,List available survey groups.,catalog_lookup,llm_or_ranking,llm_ranking,llm_ranking,infineon,1,8,3,,"[{""surveyType"": ""OEM""}, {""surveyType"": ""Tier1""}, {""surveyType"": ""Semiconductor""}]",Answer: The query returned 3 row(s). Results: survey type: OEM; survey type: Tier1; survey type: Semiconductor.,kept_selected_nonempty,SELECT DISTINCT ?surveyType WHERE { VALUES (?surveyClass ?surveyType) { (survey:OEM_Survey 'OEM') (survey:Tier1_Survey 'Tier1') (survey:Semiconductor_Survey 'Semiconductor') } ?origin a ?surveyClass . },,
EFFKGQA0298,Return shortage information grouped by survey group.,shortage,llm_or_ranking,direct_graph_supported,auto_answer,capability_inventory,0,1,6,,"[{""companyCount"": ""1"", ""shortageStatus"": ""no"", ""surveyGroup"": ""OEM""}, {""companyCount"": ""2"", ""shortageStatus"": ""yes"", ""surveyGroup"": ""OEM""}, {""companyCount"": ""1"", ""shortageStatus"": ""no"", ""surveyGroup"": ""Semiconductor""}, {""companyCount"": ""2"", ""shortageStatus"": ""yes"", ""surveyGroup"": ""Semiconductor""}, {""companyCount"": ""1"", ""shortageStatus"": ""no"", ""surveyGroup"": ""Tier1""}, {""companyCount"": ""2"", ""shortageStatus"": ""yes"", ""surveyGroup"": ""Tier1""}]","Answer: The query returned 6 row(s). Results: survey group: OEM, shortage status: no, company count: 1; survey group: OEM, shortage status: yes, company count: 2; survey group: Semiconductor, shortage status: no, company count: 1; survey group: Semiconductor, shortage status: yes, company count: 2; survey group: Tier1, shortage status: no, company count: 1; survey group: Tier1, shortage status: yes, company count: 2.",,"SELECT ?surveyGroup ?shortageStatus (COUNT(?company) AS ?companyCount) WHERE { VALUES (?surveyClass ?surveyGroup) { (survey:OEM_Survey ""OEM"") (survey:Tier1_Survey ""Tier1"") (survey:Semiconductor_Survey ""Semiconductor"") } ?company a survey:Company ; survey:hasSurveyOrigin ?origin ; survey:reportsShortage ?shortage . ?origin a ?surveyClass . BIND(IF(?shortage = true, ""yes"", ""no"") AS ?shortageStatus) } GROUP BY ?surveyGroup ?shortageStatus ORDER BY ?surveyGroup ?shortageStatus",,
EFFKGQA0299,Summarize regional demand per quarter.,regional_demand,llm_or_ranking,direct_graph_supported,auto_answer,capability_inventory,0,1,15,,"[{""regionName"": ""Americas"", ""surveyGroup"": ""OEM"", ""totalDemand"": ""67744458.0""}, {""regionName"": ""Asia Pacific/All Other"", ""surveyGroup"": ""OEM"", ""totalDemand"": ""37293303.0""}, {""regionName"": ""Asia Pacific/China"", ""surveyGroup"": ""OEM"", ""totalDemand"": ""77885298.0""}, {""regionName"": ""Europe"", ""surveyGroup"": ""OEM"", ""totalDemand"": ""51729003.0""}, {""regionName"": ""Japan"", ""surveyGroup"": ""OEM"", ""totalDemand"": ""14117148.0""}, {""regionName"": ""Americas"", ""surveyGroup"": ""Semiconductor"", ""totalDemand"": ""35.0""}, {""regionName"": ""Asia Pacific/All Other"", ""surveyGroup"": ""Semiconductor"", ""totalDemand"": ""10.0""}, {""regionName"": ""Asia Pacific/China"", ""surveyGroup"": ""Semiconductor"", ""totalDemand"": ""20.0""}, {""regionN...","Answer: Regional demand returned 15 grouped row(s). First groups: survey group: OEM, region name: Americas, total demand: 67744458.0; survey group: OEM, region name: All Other, total demand: 37293303.0; survey group: OEM, region name: China, total demand: 77885298.0; survey group: OEM, region name: Europe, total demand: 51729003.0; survey group: OEM, region name: Japan, total demand: 14117148.0; survey group: Semiconductor, region name: Americas, total demand: 35.0; survey group: Semiconductor, region name: All Other, total demand: 10.0; survey group: Semiconductor, region name: China, total demand: 20.0.",,"SELECT ?surveyGroup ?regionName (SUM(?demand) AS ?totalDemand) WHERE { VALUES (?surveyClass ?surveyGroup) { (survey:OEM_Survey ""OEM"") (survey:Tier1_Survey ""Tier1"") (survey:Semiconductor_Survey ""Semiconductor"") } ?entry a survey:DemandForRegion ; survey:hasSurveyOrigin ?origin ; survey:inRegion ?region ; survey:totalDemand ?demand . ?origin a ?surveyClass . ?region survey:regionName ?regionName . } GROUP BY ?surveyGroup ?regionName ORDER BY ?surveyGroup ?regionName",,
EFFKGQA0300,Can you show current demand by vehicle type?,regional_demand,llm_or_ranking,llm_ranking,llm_ranking,validated_retrieval,1,5,3,,"[{""pct"": ""-0.36"", ""vehicle"": ""BEV""}, {""pct"": ""3.77"", ""vehicle"": ""BEHV""}, {""pct"": ""4.59"", ""vehicle"": ""ICE""}]","Answer: The query returned 3 row(s). Results: vehicle: BEV, pct: -0.36; vehicle: BEHV, pct: 3.77; vehicle: ICE, pct: 4.59.",selected_best_executable_candidate,"SELECT ?vehicle ?pct WHERE { ?agg a survey:AggregatedDemand ; survey:hasSurveyOrigin survey:OEM_Survey_Instance ; survey:isAggregatedResult true ; survey:forVehicleType ?veh ; survey:percentageChange ?pct . BIND( IF(?veh = survey:BEV, ""BEV"", IF(?veh = survey:BEHV, ""BEHV"", IF(?veh = survey:ICE, ""ICE"", """") ) ) AS ?vehicle ) FILTER(?vehicle != """") BIND( IF(?vehicle = ""BEV"", 1, IF(?vehicle = ""BEHV"", 2, IF(?vehicle = ""ICE"", 3, 4) ) ) AS ?ord ) } ORDER BY ?ord",,
EFFKGQA0301,What are the future demand changes for each quarter?,future_demand,direct_capability,direct_graph_supported,auto_answer,capability_inventory,0,1,8,,"[{""avgPercentageChange"": ""12.44380952380952380952381"", ""quarterLabel"": ""Current Quarter""}, {""avgPercentageChange"": ""9.510000000000000038461538"", ""quarterLabel"": ""Q1 2026""}, {""avgPercentageChange"": ""26.356153846153846153846154"", ""quarterLabel"": ""Q2 2025""}, {""avgPercentageChange"": ""7.285384615384615384615385"", ""quarterLabel"": ""Q2 2026""}, {""avgPercentageChange"": ""5.861923076923076923076923"", ""quarterLabel"": ""Q3 2025""}, {""avgPercentageChange"": ""8.775384615384615384615385"", ""quarterLabel"": ""Q3 2026""}, {""avgPercentageChange"": ""15.195769230769230807692308"", ""quarterLabel"": ""Q4 2025""}, {""avgPercentageChange"": ""8.727307692307692307692308"", ""quarterLabel"": ""Q4 2026""}]","Answer: The query returned 8 row(s). Results: quarter label: Current Quarter, avg percentage change: 12.44380952380952380952381; quarter label: Q1 2026, avg percentage change: 9.510000000000000038461538; quarter label: Q2 2025, avg percentage change: 26.356153846153846153846154; quarter label: Q2 2026, avg percentage change: 7.285384615384615384615385; quarter label: Q3 2025, avg percentage change: 5.861923076923076923076923; quarter label: Q3 2026, avg percentage change: 8.775384615384615384615385; quarter label: Q4 2025, avg percentage change: 15.195769230769230807692308; quarter label: Q4 2026, avg percentage change: 8.727307692307692307692308.",,SELECT ?quarterLabel (AVG(?pct) AS ?avgPercentageChange) WHERE { ?entry a survey:FutureDemandAnalysis ; survey:forTimePeriod ?quarter ; survey:percentageChange ?pct . ?quarter survey:periodLabel ?quarterLabel . } GROUP BY ?quarterLabel ORDER BY ?quarterLabel,,
EFFKGQA0302,"Using the True Demand KG, use the True Demand KG to show future demand by vehicle type?",future_demand,direct_capability,direct_graph_supported,auto_answer,capability_inventory,0,1,3,,"[{""avgPercentageChange"": ""1.505"", ""vehicleType"": ""BEHV""}, {""avgPercentageChange"": ""4.74375"", ""vehicleType"": ""BEV""}, {""avgPercentageChange"": ""0.845"", ""vehicleType"": ""ICE""}]","Answer: The query returned 3 row(s). Results: vehicle type: BEHV, avg percentage change: 1.505; vehicle type: BEV, avg percentage change: 4.74375; vehicle type: ICE, avg percentage change: 0.845.",,"SELECT ?vehicleType (AVG(?pct) AS ?avgPercentageChange) WHERE { ?entry a survey:FutureDemandAnalysis ; survey:analyzesVehicleType ?vehicle ; survey:percentageChange ?pct . BIND(REPLACE(STR(?vehicle), ""^.*/"", """") AS ?vehicleType) } GROUP BY ?vehicleType ORDER BY ?vehicleType",,
EFFKGQA0303,"From the graph, compare OEM current demand across region?",regional_demand,llm_or_ranking,direct_graph_supported,auto_answer,capability_inventory,0,1,5,,"[{""regionName"": ""Americas"", ""totalDemand"": ""67744458.0""}, {""regionName"": ""Asia Pacific/All Other"", ""totalDemand"": ""37293303.0""}, {""regionName"": ""Asia Pacific/China"", ""totalDemand"": ""77885298.0""}, {""regionName"": ""Europe"", ""totalDemand"": ""51729003.0""}, {""regionName"": ""Japan"", ""totalDemand"": ""14117148.0""}]","Answer: Regional demand returned 5 grouped row(s). Groups: region name: Americas, total demand: 67744458.0; region name: All Other, total demand: 37293303.0; region name: China, total demand: 77885298.0; region name: Europe, total demand: 51729003.0; region name: Japan, total demand: 14117148.0.",,"SELECT ?regionName (SUM(?demand) AS ?totalDemand) WHERE { BIND(""OEM"" AS ?surveyGroup) ?entry a survey:DemandForRegion ; survey:hasSurveyOrigin ?origin ; survey:inRegion ?region ; survey:totalDemand ?demand . ?origin a survey:OEM_Survey . ?region survey:regionName ?regionName . } GROUP BY ?regionName ORDER BY ?regionName",,
EFFKGQA0304,Show semiconductor shortage responses by survey group.,shortage,llm_or_ranking,direct_graph_supported,auto_answer,capability_inventory,0,1,2,,"[{""companyCount"": ""1"", ""shortageStatus"": ""no"", ""surveyGroup"": ""Semiconductor""}, {""companyCount"": ""2"", ""shortageStatus"": ""yes"", ""surveyGroup"": ""Semiconductor""}]","Answer: The query returned 2 row(s). Results: survey group: Semiconductor, shortage status: no, company count: 1; survey group: Semiconductor, shortage status: yes, company count: 2.",,"SELECT ?surveyGroup ?shortageStatus (COUNT(?company) AS ?companyCount) WHERE { BIND(""Semiconductor"" AS ?surveyGroup) ?company a survey:Company ; survey:hasSurveyOrigin ?origin ; survey:reportsShortage ?shortage . ?origin a survey:Semiconductor_Survey . BIND(IF(?shortage = true, ""yes"", ""no"") AS ?shortageStatus) } GROUP BY ?surveyGroup ?shortageStatus ORDER BY ?surveyGroup ?shortageStatus",,
EFFKGQA0305,Return a breakdown of current demand by survey group.,regional_demand,llm_or_ranking,direct_graph_supported,auto_answer,capability_inventory,0,1,3,,"[{""surveyGroup"": ""OEM"", ""totalDemand"": ""248769210.0""}, {""surveyGroup"": ""Semiconductor"", ""totalDemand"": ""100.0""}, {""surveyGroup"": ""Tier1"", ""totalDemand"": ""100.0""}]","Answer: The query returned 3 row(s). Results: survey group: OEM, total demand: 248769210.0; survey group: Semiconductor, total demand: 100.0; survey group: Tier1, total demand: 100.0.",,"SELECT ?surveyGroup (SUM(?demand) AS ?totalDemand) WHERE { VALUES (?surveyClass ?surveyGroup) { (survey:OEM_Survey ""OEM"") (survey:Tier1_Survey ""Tier1"") (survey:Semiconductor_Survey ""Semiconductor"") } ?entry a survey:DemandForRegion ; survey:hasSurveyOrigin ?origin ; survey:totalDemand ?demand . ?origin a ?surveyClass . } GROUP BY ?surveyGroup ORDER BY ?surveyGroup",,
EFFKGQA0306,"Using the True Demand KG, break down future demand by vehicle type?",future_demand,direct_capability,direct_graph_supported,auto_answer,capability_inventory,0,1,3,,"[{""avgPercentageChange"": ""1.505"", ""vehicleType"": ""BEHV""}, {""avgPercentageChange"": ""4.74375"", ""vehicleType"": ""BEV""}, {""avgPercentageChange"": ""0.845"", ""vehicleType"": ""ICE""}]","Answer: The query returned 3 row(s). Results: vehicle type: BEHV, avg percentage change: 1.505; vehicle type: BEV, avg percentage change: 4.74375; vehicle type: ICE, avg percentage change: 0.845.",,"SELECT ?vehicleType (AVG(?pct) AS ?avgPercentageChange) WHERE { ?entry a survey:FutureDemandAnalysis ; survey:analyzesVehicleType ?vehicle ; survey:percentageChange ?pct . BIND(REPLACE(STR(?vehicle), ""^.*/"", """") AS ?vehicleType) } GROUP BY ?vehicleType ORDER BY ?vehicleType",,
EFFKGQA0307,"Can you for future demand, show the result by quarter?",future_demand,direct_capability,direct_graph_supported,auto_answer,capability_inventory,0,1,8,,"[{""avgPercentageChange"": ""12.44380952380952380952381"", ""quarterLabel"": ""Current Quarter""}, {""avgPercentageChange"": ""9.510000000000000038461538"", ""quarterLabel"": ""Q1 2026""}, {""avgPercentageChange"": ""26.356153846153846153846154"", ""quarterLabel"": ""Q2 2025""}, {""avgPercentageChange"": ""7.285384615384615384615385"", ""quarterLabel"": ""Q2 2026""}, {""avgPercentageChange"": ""5.861923076923076923076923"", ""quarterLabel"": ""Q3 2025""}, {""avgPercentageChange"": ""8.775384615384615384615385"", ""quarterLabel"": ""Q3 2026""}, {""avgPercentageChange"": ""15.195769230769230807692308"", ""quarterLabel"": ""Q4 2025""}, {""avgPercentageChange"": ""8.727307692307692307692308"", ""quarterLabel"": ""Q4 2026""}]","Answer: The query returned 8 row(s). Results: quarter label: Current Quarter, avg percentage change: 12.44380952380952380952381; quarter label: Q1 2026, avg percentage change: 9.510000000000000038461538; quarter label: Q2 2025, avg percentage change: 26.356153846153846153846154; quarter label: Q2 2026, avg percentage change: 7.285384615384615384615385; quarter label: Q3 2025, avg percentage change: 5.861923076923076923076923; quarter label: Q3 2026, avg percentage change: 8.775384615384615384615385; quarter label: Q4 2025, avg percentage change: 15.195769230769230807692308; quarter label: Q4 2026, avg percentage change: 8.727307692307692307692308.",,SELECT ?quarterLabel (AVG(?pct) AS ?avgPercentageChange) WHERE { ?entry a survey:FutureDemandAnalysis ; survey:forTimePeriod ?quarter ; survey:percentageChange ?pct . ?quarter survey:periodLabel ?quarterLabel . } GROUP BY ?quarterLabel ORDER BY ?quarterLabel,,
EFFKGQA0308,Give me regional demand grouped by survey group.,regional_demand,llm_or_ranking,direct_graph_supported,auto_answer,capability_inventory,0,1,15,,"[{""regionName"": ""Americas"", ""surveyGroup"": ""OEM"", ""totalDemand"": ""67744458.0""}, {""regionName"": ""Asia Pacific/All Other"", ""surveyGroup"": ""OEM"", ""totalDemand"": ""37293303.0""}, {""regionName"": ""Asia Pacific/China"", ""surveyGroup"": ""OEM"", ""totalDemand"": ""77885298.0""}, {""regionName"": ""Europe"", ""surveyGroup"": ""OEM"", ""totalDemand"": ""51729003.0""}, {""regionName"": ""Japan"", ""surveyGroup"": ""OEM"", ""totalDemand"": ""14117148.0""}, {""regionName"": ""Americas"", ""surveyGroup"": ""Semiconductor"", ""totalDemand"": ""35.0""}, {""regionName"": ""Asia Pacific/All Other"", ""surveyGroup"": ""Semiconductor"", ""totalDemand"": ""10.0""}, {""regionName"": ""Asia Pacific/China"", ""surveyGroup"": ""Semiconductor"", ""totalDemand"": ""20.0""}, {""regionN...","Answer: Regional demand returned 15 grouped row(s). First groups: survey group: OEM, region name: Americas, total demand: 67744458.0; survey group: OEM, region name: All Other, total demand: 37293303.0; survey group: OEM, region name: China, total demand: 77885298.0; survey group: OEM, region name: Europe, total demand: 51729003.0; survey group: OEM, region name: Japan, total demand: 14117148.0; survey group: Semiconductor, region name: Americas, total demand: 35.0; survey group: Semiconductor, region name: All Other, total demand: 10.0; survey group: Semiconductor, region name: China, total demand: 20.0.",,"SELECT ?surveyGroup ?regionName (SUM(?demand) AS ?totalDemand) WHERE { VALUES (?surveyClass ?surveyGroup) { (survey:OEM_Survey ""OEM"") (survey:Tier1_Survey ""Tier1"") (survey:Semiconductor_Survey ""Semiconductor"") } ?entry a survey:DemandForRegion ; survey:hasSurveyOrigin ?origin ; survey:inRegion ?region ; survey:totalDemand ?demand . ?origin a ?surveyClass . ?region survey:regionName ?regionName . } GROUP BY ?surveyGroup ?regionName ORDER BY ?surveyGroup ?regionName",,
EFFKGQA0309,Return vehicles sold grouped by time period.,vehicle_sales,llm_or_ranking,llm_ranking,llm_ranking,infineon,1,5,48,,"[{""timePeriod"": ""time_Apr_2023"", ""totalUnitsSold"": ""6425650""}, {""timePeriod"": ""time_Apr_2024"", ""totalUnitsSold"": ""6818720""}, {""timePeriod"": ""time_Apr_2025"", ""totalUnitsSold"": ""7260983""}, {""timePeriod"": ""time_Apr_2026"", ""totalUnitsSold"": ""7009380""}, {""timePeriod"": ""time_Aug_2023"", ""totalUnitsSold"": ""7057393""}, {""timePeriod"": ""time_Aug_2024"", ""totalUnitsSold"": ""6837967""}, {""timePeriod"": ""time_Aug_2025"", ""totalUnitsSold"": ""6966169""}, {""timePeriod"": ""time_Aug_2026"", ""totalUnitsSold"": ""6967132""}, {""timePeriod"": ""time_Dec_2023"", ""totalUnitsSold"": ""8093262""}, {""timePeriod"": ""time_Dec_2024"", ""totalUnitsSold"": ""8544327""}, {""timePeriod"": ""time_Dec_2025"", ""totalUnitsSold"": ""8455087""}, {""timePeriod"":...","Answer: The query returned 48 row(s). First results: time period: time_Apr_2023, total units sold: 6425650; time period: time_Apr_2024, total units sold: 6818720; time period: time_Apr_2025, total units sold: 7260983; time period: time_Apr_2026, total units sold: 7009380; time period: time_Aug_2023, total units sold: 7057393; time period: time_Aug_2024, total units sold: 6837967; time period: time_Aug_2025, total units sold: 6966169; time period: time_Aug_2026, total units sold: 6967132.",kept_selected_nonempty,SELECT ?timePeriod (SUM(?unitsSold) AS ?totalUnitsSold) WHERE { ?obs a survey:VehicleSalesObservation ; survey:forTimePeriod ?timePeriod ; survey:unitsSold ?unitsSold . } GROUP BY ?timePeriod ORDER BY ?timePeriod,,
EFFKGQA0310,How does future demand change by quarter?,future_demand,direct_capability,direct_graph_supported,auto_answer,capability_inventory,0,1,8,,"[{""avgPercentageChange"": ""12.44380952380952380952381"", ""quarterLabel"": ""Current Quarter""}, {""avgPercentageChange"": ""9.510000000000000038461538"", ""quarterLabel"": ""Q1 2026""}, {""avgPercentageChange"": ""26.356153846153846153846154"", ""quarterLabel"": ""Q2 2025""}, {""avgPercentageChange"": ""7.285384615384615384615385"", ""quarterLabel"": ""Q2 2026""}, {""avgPercentageChange"": ""5.861923076923076923076923"", ""quarterLabel"": ""Q3 2025""}, {""avgPercentageChange"": ""8.775384615384615384615385"", ""quarterLabel"": ""Q3 2026""}, {""avgPercentageChange"": ""15.195769230769230807692308"", ""quarterLabel"": ""Q4 2025""}, {""avgPercentageChange"": ""8.727307692307692307692308"", ""quarterLabel"": ""Q4 2026""}]","Answer: The query returned 8 row(s). Results: quarter label: Current Quarter, avg percentage change: 12.44380952380952380952381; quarter label: Q1 2026, avg percentage change: 9.510000000000000038461538; quarter label: Q2 2025, avg percentage change: 26.356153846153846153846154; quarter label: Q2 2026, avg percentage change: 7.285384615384615384615385; quarter label: Q3 2025, avg percentage change: 5.861923076923076923076923; quarter label: Q3 2026, avg percentage change: 8.775384615384615384615385; quarter label: Q4 2025, avg percentage change: 15.195769230769230807692308; quarter label: Q4 2026, avg percentage change: 8.727307692307692307692308.",,SELECT ?quarterLabel (AVG(?pct) AS ?avgPercentageChange) WHERE { ?entry a survey:FutureDemandAnalysis ; survey:forTimePeriod ?quarter ; survey:percentageChange ?pct . ?quarter survey:periodLabel ?quarterLabel . } GROUP BY ?quarterLabel ORDER BY ?quarterLabel,,
EFFKGQA0311,Return autonomous driving percentage grouped by vehicle type.,autonomous_driving,llm_or_ranking,direct_graph_supported,auto_answer,capability_inventory,0,1,3,,"[{""avgPercentage"": ""62.0"", ""vehicleType"": ""BEHV""}, {""avgPercentage"": ""62.0"", ""vehicleType"": ""BEV""}, {""avgPercentage"": ""62.0"", ""vehicleType"": ""ICE""}]","Answer: Autonomous-driving development returned 3 grouped row(s). Groups: vehicle type: BEHV, avg percentage: 62.0; vehicle type: BEV, avg percentage: 62.0; vehicle type: ICE, avg percentage: 62.0.",,"SELECT ?vehicleType (AVG(?pct) AS ?avgPercentage) WHERE { ?entry a survey:AutonomousDrivingDevelopment ; survey:hasVehicleType ?vehicle ; survey:hasPercentage ?pct . BIND(REPLACE(STR(?vehicle), ""^.*/"", """") AS ?vehicleType) } GROUP BY ?vehicleType ORDER BY ?vehicleType",,
EFFKGQA0312,Show forecast vehicle sales by time period.,vehicle_sales,llm_or_ranking,llm_ranking,llm_ranking,template,1,5,36,,"[{""forecastUnits"": ""6818720"", ""month"": ""time_Apr_2024""}, {""forecastUnits"": ""7260983"", ""month"": ""time_Apr_2025""}, {""forecastUnits"": ""7009380"", ""month"": ""time_Apr_2026""}, {""forecastUnits"": ""6837967"", ""month"": ""time_Aug_2024""}, {""forecastUnits"": ""6966169"", ""month"": ""time_Aug_2025""}, {""forecastUnits"": ""6967132"", ""month"": ""time_Aug_2026""}, {""forecastUnits"": ""8544327"", ""month"": ""time_Dec_2024""}, {""forecastUnits"": ""8455087"", ""month"": ""time_Dec_2025""}, {""forecastUnits"": ""8482982"", ""month"": ""time_Dec_2026""}, {""forecastUnits"": ""5986188"", ""month"": ""time_Feb_2024""}, {""forecastUnits"": ""6549728"", ""month"": ""time_Feb_2025""}, {""forecastUnits"": ""6604305"", ""month"": ""time_Feb_2026""}, {""forecastUnits"": ""65993...","Answer: The query returned 36 row(s). First results: month: time_Apr_2024, forecast units: 6818720; month: time_Apr_2025, forecast units: 7260983; month: time_Apr_2026, forecast units: 7009380; month: time_Aug_2024, forecast units: 6837967; month: time_Aug_2025, forecast units: 6966169; month: time_Aug_2026, forecast units: 6967132; month: time_Dec_2024, forecast units: 8544327; month: time_Dec_2025, forecast units: 8455087.",kept_selected_nonempty,"SELECT ?month (SUM(?unitsSold) AS ?forecastUnits) WHERE { ?obs a survey:VehicleSalesObservation ; survey:isForecastData true ; survey:forTimePeriod ?period ; survey:unitsSold ?unitsSold . BIND(REPLACE(STR(?period), '^.*/', '') AS ?month) } GROUP BY ?month ORDER BY ?month",,
EFFKGQA0313,How does regional demand vary by survey group?,regional_demand,llm_or_ranking,direct_graph_supported,auto_answer,capability_inventory,0,1,15,,"[{""regionName"": ""Americas"", ""surveyGroup"": ""OEM"", ""totalDemand"": ""67744458.0""}, {""regionName"": ""Asia Pacific/All Other"", ""surveyGroup"": ""OEM"", ""totalDemand"": ""37293303.0""}, {""regionName"": ""Asia Pacific/China"", ""surveyGroup"": ""OEM"", ""totalDemand"": ""77885298.0""}, {""regionName"": ""Europe"", ""surveyGroup"": ""OEM"", ""totalDemand"": ""51729003.0""}, {""regionName"": ""Japan"", ""surveyGroup"": ""OEM"", ""totalDemand"": ""14117148.0""}, {""regionName"": ""Americas"", ""surveyGroup"": ""Semiconductor"", ""totalDemand"": ""35.0""}, {""regionName"": ""Asia Pacific/All Other"", ""surveyGroup"": ""Semiconductor"", ""totalDemand"": ""10.0""}, {""regionName"": ""Asia Pacific/China"", ""surveyGroup"": ""Semiconductor"", ""totalDemand"": ""20.0""}, {""regionN...","Answer: Regional demand returned 15 grouped row(s). First groups: survey group: OEM, region name: Americas, total demand: 67744458.0; survey group: OEM, region name: All Other, total demand: 37293303.0; survey group: OEM, region name: China, total demand: 77885298.0; survey group: OEM, region name: Europe, total demand: 51729003.0; survey group: OEM, region name: Japan, total demand: 14117148.0; survey group: Semiconductor, region name: Americas, total demand: 35.0; survey group: Semiconductor, region name: All Other, total demand: 10.0; survey group: Semiconductor, region name: China, total demand: 20.0.",,"SELECT ?surveyGroup ?regionName (SUM(?demand) AS ?totalDemand) WHERE { VALUES (?surveyClass ?surveyGroup) { (survey:OEM_Survey ""OEM"") (survey:Tier1_Survey ""Tier1"") (survey:Semiconductor_Survey ""Semiconductor"") } ?entry a survey:DemandForRegion ; survey:hasSurveyOrigin ?origin ; survey:inRegion ?region ; survey:totalDemand ?demand . ?origin a ?surveyClass . ?region survey:regionName ?regionName . } GROUP BY ?surveyGroup ?regionName ORDER BY ?surveyGroup ?regionName",,
EFFKGQA0314,Which component appears most often in inventory trend?,inventory,llm_or_ranking,direct_graph_supported,auto_answer,capability_inventory,0,1,9,,"[{""component"": ""Component_EV"", ""participantTotal"": ""1"", ""trend"": ""Decrease""}, {""component"": ""Component_EV"", ""participantTotal"": ""1"", ""trend"": ""Increase""}, {""component"": ""Component_EV"", ""participantTotal"": ""3"", ""trend"": ""Stable""}, {""component"": ""Component_both"", ""participantTotal"": ""1"", ""trend"": ""Decrease""}, {""component"": ""Component_both"", ""participantTotal"": ""1"", ""trend"": ""Increase""}, {""component"": ""Component_both"", ""participantTotal"": ""3"", ""trend"": ""Stable""}, {""component"": ""Component_non_EV"", ""participantTotal"": ""1"", ""trend"": ""Decrease""}, {""component"": ""Component_non_EV"", ""participantTotal"": ""1"", ""trend"": ""Increase""}, {""component"": ""Component_non_EV"", ""participantTotal"": ""3"", ""trend"": ""S...","Answer: The query returned 9 row(s). First results: component: Component_EV, trend: Decrease, participant total: 1; component: Component_EV, trend: Increase, participant total: 1; component: Component_EV, trend: Stable, participant total: 3; component: Component_both, trend: Decrease, participant total: 1; component: Component_both, trend: Increase, participant total: 1; component: Component_both, trend: Stable, participant total: 3; component: Component_non_EV, trend: Decrease, participant total: 1; component: Component_non_EV, trend: Increase, participant total: 1.",,SELECT ?component ?trend (SUM(?participants) AS ?participantTotal) WHERE { ?entry a survey:InventoryDevelopment_Tier1 ; survey:forComponent ?component ; survey:inventoryTrend ?trend ; survey:participantCount ?participants . } GROUP BY ?component ?trend ORDER BY ?component ?trend,,
EFFKGQA0315,What does future demand look like for each region?,future_demand,direct_capability,direct_graph_supported,auto_answer,capability_inventory,0,1,5,,"[{""avgPercentageChange"": ""1993696.795238095238095238095238"", ""regionName"": ""Americas""}, {""avgPercentageChange"": ""1092445.9"", ""regionName"": ""Asia Pacific/All Other""}, {""avgPercentageChange"": ""2386112.016666666666666666666667"", ""regionName"": ""Asia Pacific/China""}, {""avgPercentageChange"": ""1491199.795238095238095238095238"", ""regionName"": ""Europe""}, {""avgPercentageChange"": ""369089.207142857142857142857143"", ""regionName"": ""Japan""}]","Answer: The query returned 5 row(s). Results: region name: Americas, avg percentage change: 1993696.795238095238095238095238; region name: Asia Pacific/All Other, avg percentage change: 1092445.9; region name: Asia Pacific/China, avg percentage change: 2386112.016666666666666666666667; region name: Europe, avg percentage change: 1491199.795238095238095238095238; region name: Japan, avg percentage change: 369089.207142857142857142857143.",,SELECT ?regionName (AVG(?pct) AS ?avgPercentageChange) WHERE { ?entry a survey:DemandForRegion ; survey:inRegion ?region ; survey:totalDemandPercentageChange ?pct . ?region survey:regionName ?regionName . } GROUP BY ?regionName ORDER BY ?regionName,,
EFFKGQA0316,Show vehicles sold by time period.,vehicle_sales,llm_or_ranking,llm_ranking,llm_ranking,infineon,1,5,48,,"[{""timePeriodLabel"": ""time_Apr_2023"", ""totalUnitsSold"": ""6425650""}, {""timePeriodLabel"": ""time_Apr_2024"", ""totalUnitsSold"": ""6818720""}, {""timePeriodLabel"": ""time_Apr_2025"", ""totalUnitsSold"": ""7260983""}, {""timePeriodLabel"": ""time_Apr_2026"", ""totalUnitsSold"": ""7009380""}, {""timePeriodLabel"": ""time_Aug_2023"", ""totalUnitsSold"": ""7057393""}, {""timePeriodLabel"": ""time_Aug_2024"", ""totalUnitsSold"": ""6837967""}, {""timePeriodLabel"": ""time_Aug_2025"", ""totalUnitsSold"": ""6966169""}, {""timePeriodLabel"": ""time_Aug_2026"", ""totalUnitsSold"": ""6967132""}, {""timePeriodLabel"": ""time_Dec_2023"", ""totalUnitsSold"": ""8093262""}, {""timePeriodLabel"": ""time_Dec_2024"", ""totalUnitsSold"": ""8544327""}, {""timePeriodLabel"": ""time_...","Answer: The query returned 48 row(s). First results: time period label: time_Apr_2023, total units sold: 6425650; time period label: time_Apr_2024, total units sold: 6818720; time period label: time_Apr_2025, total units sold: 7260983; time period label: time_Apr_2026, total units sold: 7009380; time period label: time_Aug_2023, total units sold: 7057393; time period label: time_Aug_2024, total units sold: 6837967; time period label: time_Aug_2025, total units sold: 6966169; time period label: time_Aug_2026, total units sold: 6967132.",kept_selected_nonempty,"SELECT ?timePeriodLabel (SUM(?unitsSold) AS ?totalUnitsSold) WHERE { ?obs a survey:VehicleSalesObservation ; survey:forTimePeriod ?timePeriod ; survey:unitsSold ?unitsSold . BIND(REPLACE(STR(?timePeriod), '^.*/', '') AS ?timePeriodLabel) } GROUP BY ?timePeriodLabel ORDER BY ?timePeriodLabel",,
EFFKGQA0317,Use the graph to show regional demand by vehicle type.,regional_demand,llm_or_ranking,llm_ranking,llm_ranking,validated_retrieval,1,11,24,,"[{""avgChange"": ""-0.83"", ""quarterLabel"": ""time_Current_Quarter"", ""vehicleType"": ""BEHV""}, {""avgChange"": ""-1.66"", ""quarterLabel"": ""time_Q1_2026"", ""vehicleType"": ""BEHV""}, {""avgChange"": ""1.68"", ""quarterLabel"": ""time_Q2_2025"", ""vehicleType"": ""BEHV""}, {""avgChange"": ""4.24"", ""quarterLabel"": ""time_Q2_2026"", ""vehicleType"": ""BEHV""}, {""avgChange"": ""-8.17"", ""quarterLabel"": ""time_Q3_2025"", ""vehicleType"": ""BEHV""}, {""avgChange"": ""4.07"", ""quarterLabel"": ""time_Q3_2026"", ""vehicleType"": ""BEHV""}, {""avgChange"": ""8.02"", ""quarterLabel"": ""time_Q4_2025"", ""vehicleType"": ""BEHV""}, {""avgChange"": ""4.69"", ""quarterLabel"": ""time_Q4_2026"", ""vehicleType"": ""BEHV""}, {""avgChange"": ""6.67"", ""quarterLabel"": ""time_Current_Quarter"",...",Answer: Future-demand results returned 24 grouped row(s). The highest average future-demand percentage change is BEV in time Q2 2025 with 15.63. The lowest is BEV in time Q3 2025 with -17.84.,selected_best_executable_candidate,"SELECT ?vehicleType ?quarterLabel (AVG(?pct) AS ?avgChange) WHERE { ?entry a survey:FutureDemandAnalysis ; survey:analyzesVehicleType ?vehicle ; survey:forTimePeriod ?quarter ; survey:percentageChange ?pct . BIND(REPLACE(STR(?vehicle), '^.*/', '') AS ?vehicleType) BIND(REPLACE(STR(?quarter), '^.*/', '') AS ?quarterLabel) } GROUP BY ?vehicleType ?quarterLabel ORDER BY ?vehicleType ?quarterLabel",,
EFFKGQA0318,Which survey group has the highest autonomous driving development?,autonomous_driving,llm_or_ranking,llm_ranking,llm_ranking,validated_retrieval,1,5,1,,"[{""maxPercentage"": ""102.0"", ""saeLevel"": ""5"", ""vehicleType"": ""BEHV""}]",Answer: Autonomous-driving development returned 1 row(s). The highest returned max percentage is BEHV (SAE level 5) with 102.,switched_to_nonempty_candidate,"SELECT ?vehicleType ?saeLevel (MAX(?percentage) AS ?maxPercentage) WHERE { ?entry a survey:AutonomousDrivingDevelopment ; survey:hasVehicleType ?vehicle ; survey:hasSAELevel ?sae ; survey:hasPercentage ?percentage . BIND(REPLACE(STR(?vehicle), '^.*/', '') AS ?vehicleType) BIND(REPLACE(STR(?sae), '^.*/SAE_Level_', '') AS ?saeLevel) } GROUP BY ?vehicleType ?saeLevel ORDER BY DESC(?maxPercentage) LIMIT 1",,
EFFKGQA0319,Compare vehicles sold across month.,vehicle_sales,llm_or_ranking,direct_graph_supported,auto_answer,capability_inventory,0,1,48,,"[{""monthLabel"": ""Apr 2023"", ""unitsSold"": ""6425650""}, {""monthLabel"": ""Apr 2024"", ""unitsSold"": ""6818720""}, {""monthLabel"": ""Apr 2025"", ""unitsSold"": ""7260983""}, {""monthLabel"": ""Apr 2026"", ""unitsSold"": ""7009380""}, {""monthLabel"": ""Aug 2023"", ""unitsSold"": ""7057393""}, {""monthLabel"": ""Aug 2024"", ""unitsSold"": ""6837967""}, {""monthLabel"": ""Aug 2025"", ""unitsSold"": ""6966169""}, {""monthLabel"": ""Aug 2026"", ""unitsSold"": ""6967132""}, {""monthLabel"": ""Dec 2023"", ""unitsSold"": ""8093262""}, {""monthLabel"": ""Dec 2024"", ""unitsSold"": ""8544327""}, {""monthLabel"": ""Dec 2025"", ""unitsSold"": ""8455087""}, {""monthLabel"": ""Dec 2026"", ""unitsSold"": ""8482982""}, {""monthLabel"": ""Feb 2023"", ""unitsSold"": ""6176907""}, {""monthLabel"": ""Feb ...","Answer: Vehicle-sales results returned 48 grouped row(s). First groups: month label: Apr 2023, units sold: 6425650; month label: Apr 2024, units sold: 6818720; month label: Apr 2025, units sold: 7260983; month label: Apr 2026, units sold: 7009380; month label: Aug 2023, units sold: 7057393; month label: Aug 2024, units sold: 6837967; month label: Aug 2025, units sold: 6966169; month label: Aug 2026, units sold: 6967132; month label: Dec 2023, units sold: 8093262; month label: Dec 2024, units sold: 8544327; month label: Dec 2025, units sold: 8455087; month label: Dec 2026, units sold: 8482982.",,"SELECT ?monthLabel (SUM(?units) AS ?unitsSold) WHERE { ?obs a survey:VehicleSalesObservation ; survey:forTimePeriod ?month ; survey:unitsSold ?units . OPTIONAL { ?month survey:periodLabel ?periodLabel . } BIND(COALESCE(?periodLabel, REPLACE(STR(?month), ""^.*/"", """")) AS ?monthLabel) } GROUP BY ?monthLabel ORDER BY ?monthLabel",,
EFFKGQA0320,Return autonomous driving percentage grouped by SAE level.,autonomous_driving,llm_or_ranking,direct_graph_supported,auto_answer,capability_inventory,0,1,5,,"[{""avgPercentage"": ""42.0"", ""saeLevel"": ""SAE_Level_1""}, {""avgPercentage"": ""52.0"", ""saeLevel"": ""SAE_Level_2""}, {""avgPercentage"": ""62.0"", ""saeLevel"": ""SAE_Level_3""}, {""avgPercentage"": ""72.0"", ""saeLevel"": ""SAE_Level_4""}, {""avgPercentage"": ""82.0"", ""saeLevel"": ""SAE_Level_5""}]","Answer: The query returned 5 row(s). Results: sae level: SAE_Level_1, avg percentage: 42.0; sae level: SAE_Level_2, avg percentage: 52.0; sae level: SAE_Level_3, avg percentage: 62.0; sae level: SAE_Level_4, avg percentage: 72.0; sae level: SAE_Level_5, avg percentage: 82.0.",,"SELECT ?saeLevel (AVG(?pct) AS ?avgPercentage) WHERE { ?entry a survey:AutonomousDrivingDevelopment ; survey:hasSAELevel ?sae ; survey:hasPercentage ?pct . BIND(REPLACE(STR(?sae), ""^.*/"", """") AS ?saeLevel) } GROUP BY ?saeLevel ORDER BY ?saeLevel",,
EFFKGQA0321,Please i need future demand grouped by technology category?,future_demand,direct_capability,direct_graph_supported,auto_answer,capability_inventory,0,1,5,,"[{""avgPercentageChange"": ""12.24875"", ""technologyCategory"": ""TechCategory_%3C%3D_7nm""}, {""avgPercentageChange"": ""3.7225"", ""technologyCategory"": ""TechCategory_10nm_to_%3C28nm""}, {""avgPercentageChange"": ""36.1225"", ""technologyCategory"": ""TechCategory_180nm_or_greater""}, {""avgPercentageChange"": ""12.375"", ""technologyCategory"": ""TechCategory_28nm_to_%3C45nm""}, {""avgPercentageChange"": ""2.9525"", ""technologyCategory"": ""TechCategory_55nm_to_180nm""}]","Answer: The query returned 5 row(s). Results: technology category: TechCategory_%3C%3D_7nm, avg percentage change: 12.24875; technology category: TechCategory_10nm_to_%3C28nm, avg percentage change: 3.7225; technology category: TechCategory_180nm_or_greater, avg percentage change: 36.1225; technology category: TechCategory_28nm_to_%3C45nm, avg percentage change: 12.375; technology category: TechCategory_55nm_to_180nm, avg percentage change: 2.9525.",,"SELECT ?technologyCategory (AVG(?pct) AS ?avgPercentageChange) WHERE { ?entry a survey:FutureDemandAnalysis ; survey:analyzesTechnologyCategory ?technology ; survey:percentageChange ?pct . OPTIONAL { ?technology survey:technologyCategoryName ?technologyName . } BIND(COALESCE(?technologyName, REPLACE(STR(?technology), ""^.*/"", """")) AS ?technologyCategory) } GROUP BY ?technologyCategory ORDER BY ?technologyCategory",,
EFFKGQA0322,Count inventory responses for each technology category.,inventory,llm_or_ranking,direct_graph_supported,auto_answer,capability_inventory,0,1,9,,"[{""entryCount"": ""1"", ""technologyCategory"": ""10nm_to_%3C28nm"", ""trend"": ""Decrease""}, {""entryCount"": ""1"", ""technologyCategory"": ""10nm_to_%3C28nm"", ""trend"": ""Increase""}, {""entryCount"": ""1"", ""technologyCategory"": ""180nm_or_greater"", ""trend"": ""Decrease""}, {""entryCount"": ""1"", ""technologyCategory"": ""180nm_or_greater"", ""trend"": ""Stable""}, {""entryCount"": ""1"", ""technologyCategory"": ""28nm_to_%3C45nm"", ""trend"": ""Decrease""}, {""entryCount"": ""1"", ""technologyCategory"": ""28nm_to_%3C45nm"", ""trend"": ""Stable""}, {""entryCount"": ""1"", ""technologyCategory"": ""55nm_to_180nm"", ""trend"": ""Increase""}, {""entryCount"": ""1"", ""technologyCategory"": ""55nm_to_180nm"", ""trend"": ""Stable""}, {""entryCount"": ""2"", ""technologyCategory""...","Answer: The query returned 9 row(s). First results: technology category: 10nm_to_%3C28nm, trend: Decrease, entry count: 1; technology category: 10nm_to_%3C28nm, trend: Increase, entry count: 1; technology category: 180nm_or_greater, trend: Decrease, entry count: 1; technology category: 180nm_or_greater, trend: Stable, entry count: 1; technology category: 28nm_to_%3C45nm, trend: Decrease, entry count: 1; technology category: 28nm_to_%3C45nm, trend: Stable, entry count: 1; technology category: 55nm_to_180nm, trend: Increase, entry count: 1; technology category: 55nm_to_180nm, trend: Stable, entry count: 1.",,"SELECT ?technologyCategory ?trend (COUNT(?entry) AS ?entryCount) WHERE { ?entry a survey:InventoryDevelopment_Semi ; survey:forTechnologyCategory ?technology ; survey:hasInventoryTrend ?trend . BIND(REPLACE(STR(?technology), ""^.*/"", """") AS ?technologyCategory) } GROUP BY ?technologyCategory ?trend ORDER BY ?technologyCategory ?trend",,
EFFKGQA0323,Count inventory responses for each trend.,inventory,llm_or_ranking,llm_ranking,llm_ranking,infineon,1,7,3,,"[{""count"": ""4"", ""trend"": ""Decrease""}, {""count"": ""4"", ""trend"": ""Increase""}, {""count"": ""4"", ""trend"": ""Stable""}]","Answer: The query returned 3 row(s). Results: trend: Decrease, count: 4; trend: Increase, count: 4; trend: Stable, count: 4.",kept_selected_nonempty,SELECT ?trend (COUNT(?response) AS ?count) WHERE { ?response a survey:InventoryDevelopment_Tier1 ; survey:inventoryTrend ?trend . } GROUP BY ?trend ORDER BY DESC(?count),,
EFFKGQA0324,Count inventory trend for each trend.,inventory,llm_or_ranking,llm_ranking,llm_ranking,infineon,1,10,3,,"[{""count"": ""4"", ""trend"": ""Decrease""}, {""count"": ""4"", ""trend"": ""Increase""}, {""count"": ""4"", ""trend"": ""Stable""}]","Answer: The query returned 3 row(s). Results: trend: Decrease, count: 4; trend: Increase, count: 4; trend: Stable, count: 4.",kept_selected_nonempty,SELECT ?trend (COUNT(*) AS ?count) WHERE { ?inv a survey:InventoryDevelopment_Tier1 ; survey:inventoryTrend ?trend . } GROUP BY ?trend,,
EFFKGQA0325,Show companies reporting shortage by technology category.,shortage,llm_or_ranking,llm_ranking,llm_ranking,validated_retrieval,1,13,15,,"[{""participantCount"": ""1"", ""responseType"": ""Decrease"", ""technologyCategory"": ""OrderCancellationChange_Semi_10nm_to_lt28nm""}, {""participantCount"": ""2"", ""responseType"": ""Increase"", ""technologyCategory"": ""OrderCancellationChange_Semi_10nm_to_lt28nm""}, {""participantCount"": ""0"", ""responseType"": ""Stable"", ""technologyCategory"": ""OrderCancellationChange_Semi_10nm_to_lt28nm""}, {""participantCount"": ""2"", ""responseType"": ""Decrease"", ""technologyCategory"": ""OrderCancellationChange_Semi_180nm_or_greater""}, {""participantCount"": ""0"", ""responseType"": ""Increase"", ""technologyCategory"": ""OrderCancellationChange_Semi_180nm_or_greater""}, {""participantCount"": ""1"", ""responseType"": ""Stable"", ""technologyCategory"": ...",Answer: Order-cancellation results returned 15 row(s). The largest returned participant count is Increase for OrderCancellationChange Semi 10nm to <28nm with 2.,selected_best_executable_candidate,"SELECT ?technologyCategory ?responseType (SUM(?participants) AS ?participantCount) WHERE { ?entry a survey:OrderCancellation ; survey:forTechnologyCategory ?tech ; survey:hasResponseType ?responseType ; survey:participantCount ?participants . BIND(REPLACE(STR(?tech), '^.*/', '') AS ?technologyCategory) } GROUP BY ?technologyCategory ?responseType ORDER BY ?technologyCategory ?responseType",,
EFFKGQA0326,Return inventory development grouped by technology category.,inventory,llm_or_ranking,direct_graph_supported,auto_answer,capability_inventory,0,1,9,,"[{""entryCount"": ""1"", ""technologyCategory"": ""10nm_to_%3C28nm"", ""trend"": ""Decrease""}, {""entryCount"": ""1"", ""technologyCategory"": ""10nm_to_%3C28nm"", ""trend"": ""Increase""}, {""entryCount"": ""1"", ""technologyCategory"": ""180nm_or_greater"", ""trend"": ""Decrease""}, {""entryCount"": ""1"", ""technologyCategory"": ""180nm_or_greater"", ""trend"": ""Stable""}, {""entryCount"": ""1"", ""technologyCategory"": ""28nm_to_%3C45nm"", ""trend"": ""Decrease""}, {""entryCount"": ""1"", ""technologyCategory"": ""28nm_to_%3C45nm"", ""trend"": ""Stable""}, {""entryCount"": ""1"", ""technologyCategory"": ""55nm_to_180nm"", ""trend"": ""Increase""}, {""entryCount"": ""1"", ""technologyCategory"": ""55nm_to_180nm"", ""trend"": ""Stable""}, {""entryCount"": ""2"", ""technologyCategory""...","Answer: The query returned 9 row(s). First results: technology category: 10nm_to_%3C28nm, trend: Decrease, entry count: 1; technology category: 10nm_to_%3C28nm, trend: Increase, entry count: 1; technology category: 180nm_or_greater, trend: Decrease, entry count: 1; technology category: 180nm_or_greater, trend: Stable, entry count: 1; technology category: 28nm_to_%3C45nm, trend: Decrease, entry count: 1; technology category: 28nm_to_%3C45nm, trend: Stable, entry count: 1; technology category: 55nm_to_180nm, trend: Increase, entry count: 1; technology category: 55nm_to_180nm, trend: Stable, entry count: 1.",,"SELECT ?technologyCategory ?trend (COUNT(?entry) AS ?entryCount) WHERE { ?entry a survey:InventoryDevelopment_Semi ; survey:forTechnologyCategory ?technology ; survey:hasInventoryTrend ?trend . BIND(REPLACE(STR(?technology), ""^.*/"", """") AS ?technologyCategory) } GROUP BY ?technologyCategory ?trend ORDER BY ?technologyCategory ?trend",,
EFFKGQA0327,"For the survey data, return a breakdown of semiconductor current demand by region?",regional_demand,llm_or_ranking,direct_graph_supported,auto_answer,capability_inventory,0,1,5,,"[{""regionName"": ""Americas"", ""totalDemand"": ""35.0""}, {""regionName"": ""Asia Pacific/All Other"", ""totalDemand"": ""10.0""}, {""regionName"": ""Asia Pacific/China"", ""totalDemand"": ""20.0""}, {""regionName"": ""Europe"", ""totalDemand"": ""25.0""}, {""regionName"": ""Japan"", ""totalDemand"": ""10.0""}]","Answer: Regional demand returned 5 grouped row(s). Groups: region name: Americas, total demand: 35.0; region name: All Other, total demand: 10.0; region name: China, total demand: 20.0; region name: Europe, total demand: 25.0; region name: Japan, total demand: 10.0.",,"SELECT ?regionName (SUM(?demand) AS ?totalDemand) WHERE { BIND(""Semiconductor"" AS ?surveyGroup) ?entry a survey:DemandForRegion ; survey:hasSurveyOrigin ?origin ; survey:inRegion ?region ; survey:totalDemand ?demand . ?origin a survey:Semiconductor_Survey . ?region survey:regionName ?regionName . } GROUP BY ?regionName ORDER BY ?regionName",,
EFFKGQA0328,Show shortage information by survey group.,shortage,llm_or_ranking,direct_graph_supported,auto_answer,capability_inventory,0,1,6,,"[{""companyCount"": ""1"", ""shortageStatus"": ""no"", ""surveyGroup"": ""OEM""}, {""companyCount"": ""2"", ""shortageStatus"": ""yes"", ""surveyGroup"": ""OEM""}, {""companyCount"": ""1"", ""shortageStatus"": ""no"", ""surveyGroup"": ""Semiconductor""}, {""companyCount"": ""2"", ""shortageStatus"": ""yes"", ""surveyGroup"": ""Semiconductor""}, {""companyCount"": ""1"", ""shortageStatus"": ""no"", ""surveyGroup"": ""Tier1""}, {""companyCount"": ""2"", ""shortageStatus"": ""yes"", ""surveyGroup"": ""Tier1""}]","Answer: The query returned 6 row(s). Results: survey group: OEM, shortage status: no, company count: 1; survey group: OEM, shortage status: yes, company count: 2; survey group: Semiconductor, shortage status: no, company count: 1; survey group: Semiconductor, shortage status: yes, company count: 2; survey group: Tier1, shortage status: no, company count: 1; survey group: Tier1, shortage status: yes, company count: 2.",,"SELECT ?surveyGroup ?shortageStatus (COUNT(?company) AS ?companyCount) WHERE { VALUES (?surveyClass ?surveyGroup) { (survey:OEM_Survey ""OEM"") (survey:Tier1_Survey ""Tier1"") (survey:Semiconductor_Survey ""Semiconductor"") } ?company a survey:Company ; survey:hasSurveyOrigin ?origin ; survey:reportsShortage ?shortage . ?origin a ?surveyClass . BIND(IF(?shortage = true, ""yes"", ""no"") AS ?shortageStatus) } GROUP BY ?surveyGroup ?shortageStatus ORDER BY ?surveyGroup ?shortageStatus",,
EFFKGQA0329,Return a breakdown of current demand by quarter.,regional_demand,llm_or_ranking,llm_ranking,llm_ranking,infineon,1,5,0,,,Answer: No results returned for the given query.,selected_best_executable_candidate,"SELECT ?quarterLabel (SUM(?currentDemand) AS ?totalCurrentDemand) WHERE { ?entry a survey:CurrentDemandAnalysis ; survey:forTimePeriod ?quarter ; survey:currentDemand ?currentDemand . BIND(REPLACE(STR(?quarter), '^.*/', '') AS ?quarterLabel) } GROUP BY ?quarterLabel ORDER BY ?quarterLabel",,
EFFKGQA0330,Can you give me the future demand overview by region?,future_demand,direct_capability,direct_graph_supported,auto_answer,capability_inventory,0,1,5,,"[{""avgPercentageChange"": ""1993696.795238095238095238095238"", ""regionName"": ""Americas""}, {""avgPercentageChange"": ""1092445.9"", ""regionName"": ""Asia Pacific/All Other""}, {""avgPercentageChange"": ""2386112.016666666666666666666667"", ""regionName"": ""Asia Pacific/China""}, {""avgPercentageChange"": ""1491199.795238095238095238095238"", ""regionName"": ""Europe""}, {""avgPercentageChange"": ""369089.207142857142857142857143"", ""regionName"": ""Japan""}]","Answer: The query returned 5 row(s). Results: region name: Americas, avg percentage change: 1993696.795238095238095238095238; region name: Asia Pacific/All Other, avg percentage change: 1092445.9; region name: Asia Pacific/China, avg percentage change: 2386112.016666666666666666666667; region name: Europe, avg percentage change: 1491199.795238095238095238095238; region name: Japan, avg percentage change: 369089.207142857142857142857143.",,SELECT ?regionName (AVG(?pct) AS ?avgPercentageChange) WHERE { ?entry a survey:DemandForRegion ; survey:inRegion ?region ; survey:totalDemandPercentageChange ?pct . ?region survey:regionName ?regionName . } GROUP BY ?regionName ORDER BY ?regionName,,
EFFKGQA0331,"For the survey data, show semiconductor current demand by survey group?",regional_demand,llm_or_ranking,direct_graph_supported,auto_answer,capability_inventory,0,1,1,,"[{""surveyGroup"": ""Semiconductor"", ""totalDemand"": ""100.0""}]","Answer: The query returned 1 row(s). Results: survey group: Semiconductor, total demand: 100.0.",,"SELECT ?surveyGroup (SUM(?demand) AS ?totalDemand) WHERE { BIND(""Semiconductor"" AS ?surveyGroup) ?entry a survey:DemandForRegion ; survey:hasSurveyOrigin ?origin ; survey:totalDemand ?demand . ?origin a survey:Semiconductor_Survey . } GROUP BY ?surveyGroup ORDER BY ?surveyGroup",,
EFFKGQA0332,Which year has the highest vehicles sold?,vehicle_sales,llm_or_ranking,direct_graph_supported,auto_answer,capability_inventory,0,1,4,,"[{""unitsSold"": ""86125479"", ""year"": ""2023""}, {""unitsSold"": ""88109476"", ""year"": ""2024""}, {""unitsSold"": ""90166856"", ""year"": ""2025""}, {""unitsSold"": ""90471186"", ""year"": ""2026""}]","Answer: The query returned 4 row(s). Results: year: 2023, units sold: 86125479; year: 2024, units sold: 88109476; year: 2025, units sold: 90166856; year: 2026, units sold: 90471186.",,"SELECT ?year (SUM(?units) AS ?unitsSold) WHERE { ?obs a survey:VehicleSalesObservation ; survey:forTimePeriod ?month ; survey:unitsSold ?units . OPTIONAL { ?month survey:periodLabel ?periodLabel . } BIND(COALESCE(?periodLabel, REPLACE(STR(?month), ""^.*/"", """")) AS ?label) BIND(REPLACE(STR(?label), ""^.*(20[0-9]{2}).*$"", ""$1"") AS ?year) } GROUP BY ?year ORDER BY ?year",,
EFFKGQA0333,Summarize shortage status across technology category.,shortage,llm_or_ranking,llm_ranking,llm_ranking,validated_retrieval,1,13,15,,"[{""participantCount"": ""1"", ""responseType"": ""Decrease"", ""technologyCategory"": ""OrderCancellationChange_Semi_10nm_to_lt28nm""}, {""participantCount"": ""2"", ""responseType"": ""Increase"", ""technologyCategory"": ""OrderCancellationChange_Semi_10nm_to_lt28nm""}, {""participantCount"": ""0"", ""responseType"": ""Stable"", ""technologyCategory"": ""OrderCancellationChange_Semi_10nm_to_lt28nm""}, {""participantCount"": ""2"", ""responseType"": ""Decrease"", ""technologyCategory"": ""OrderCancellationChange_Semi_180nm_or_greater""}, {""participantCount"": ""0"", ""responseType"": ""Increase"", ""technologyCategory"": ""OrderCancellationChange_Semi_180nm_or_greater""}, {""participantCount"": ""1"", ""responseType"": ""Stable"", ""technologyCategory"": ...",Answer: Order-cancellation results returned 15 row(s). The largest returned participant count is Increase for OrderCancellationChange Semi 10nm to <28nm with 2.,selected_best_executable_candidate,"SELECT ?technologyCategory ?responseType (SUM(?participants) AS ?participantCount) WHERE { ?entry a survey:OrderCancellation ; survey:forTechnologyCategory ?tech ; survey:hasResponseType ?responseType ; survey:participantCount ?participants . BIND(REPLACE(STR(?tech), '^.*/', '') AS ?technologyCategory) } GROUP BY ?technologyCategory ?responseType ORDER BY ?technologyCategory ?responseType",,
EFFKGQA0334,"From the graph, use the graph to show total demand by region?",regional_demand,llm_or_ranking,direct_graph_supported,auto_answer,capability_inventory,0,1,15,,"[{""regionName"": ""Americas"", ""surveyGroup"": ""OEM"", ""totalDemand"": ""67744458.0""}, {""regionName"": ""Asia Pacific/All Other"", ""surveyGroup"": ""OEM"", ""totalDemand"": ""37293303.0""}, {""regionName"": ""Asia Pacific/China"", ""surveyGroup"": ""OEM"", ""totalDemand"": ""77885298.0""}, {""regionName"": ""Europe"", ""surveyGroup"": ""OEM"", ""totalDemand"": ""51729003.0""}, {""regionName"": ""Japan"", ""surveyGroup"": ""OEM"", ""totalDemand"": ""14117148.0""}, {""regionName"": ""Americas"", ""surveyGroup"": ""Semiconductor"", ""totalDemand"": ""35.0""}, {""regionName"": ""Asia Pacific/All Other"", ""surveyGroup"": ""Semiconductor"", ""totalDemand"": ""10.0""}, {""regionName"": ""Asia Pacific/China"", ""surveyGroup"": ""Semiconductor"", ""totalDemand"": ""20.0""}, {""regionN...","Answer: Regional demand returned 15 grouped row(s). First groups: survey group: OEM, region name: Americas, total demand: 67744458.0; survey group: OEM, region name: All Other, total demand: 37293303.0; survey group: OEM, region name: China, total demand: 77885298.0; survey group: OEM, region name: Europe, total demand: 51729003.0; survey group: OEM, region name: Japan, total demand: 14117148.0; survey group: Semiconductor, region name: Americas, total demand: 35.0; survey group: Semiconductor, region name: All Other, total demand: 10.0; survey group: Semiconductor, region name: China, total demand: 20.0.",,"SELECT ?surveyGroup ?regionName (SUM(?demand) AS ?totalDemand) WHERE { VALUES (?surveyClass ?surveyGroup) { (survey:OEM_Survey ""OEM"") (survey:Tier1_Survey ""Tier1"") (survey:Semiconductor_Survey ""Semiconductor"") } ?entry a survey:DemandForRegion ; survey:hasSurveyOrigin ?origin ; survey:inRegion ?region ; survey:totalDemand ?demand . ?origin a ?surveyClass . ?region survey:regionName ?regionName . } GROUP BY ?surveyGroup ?regionName ORDER BY ?surveyGroup ?regionName",,
EFFKGQA0335,"From the graph, show future demand by region?",future_demand,direct_capability,direct_graph_supported,auto_answer,capability_inventory,0,1,15,,"[{""regionName"": ""Americas"", ""surveyGroup"": ""OEM"", ""totalDemand"": ""67744458.0""}, {""regionName"": ""Asia Pacific/All Other"", ""surveyGroup"": ""OEM"", ""totalDemand"": ""37293303.0""}, {""regionName"": ""Asia Pacific/China"", ""surveyGroup"": ""OEM"", ""totalDemand"": ""77885298.0""}, {""regionName"": ""Europe"", ""surveyGroup"": ""OEM"", ""totalDemand"": ""51729003.0""}, {""regionName"": ""Japan"", ""surveyGroup"": ""OEM"", ""totalDemand"": ""14117148.0""}, {""regionName"": ""Americas"", ""surveyGroup"": ""Semiconductor"", ""totalDemand"": ""35.0""}, {""regionName"": ""Asia Pacific/All Other"", ""surveyGroup"": ""Semiconductor"", ""totalDemand"": ""10.0""}, {""regionName"": ""Asia Pacific/China"", ""surveyGroup"": ""Semiconductor"", ""totalDemand"": ""20.0""}, {""regionN...","Answer: Regional demand returned 15 grouped row(s). First groups: survey group: OEM, region name: Americas, total demand: 67744458.0; survey group: OEM, region name: All Other, total demand: 37293303.0; survey group: OEM, region name: China, total demand: 77885298.0; survey group: OEM, region name: Europe, total demand: 51729003.0; survey group: OEM, region name: Japan, total demand: 14117148.0; survey group: Semiconductor, region name: Americas, total demand: 35.0; survey group: Semiconductor, region name: All Other, total demand: 10.0; survey group: Semiconductor, region name: China, total demand: 20.0.",,"SELECT ?surveyGroup ?regionName (SUM(?demand) AS ?totalDemand) WHERE { VALUES (?surveyClass ?surveyGroup) { (survey:OEM_Survey ""OEM"") (survey:Tier1_Survey ""Tier1"") (survey:Semiconductor_Survey ""Semiconductor"") } ?entry a survey:DemandForRegion ; survey:hasSurveyOrigin ?origin ; survey:inRegion ?region ; survey:totalDemand ?demand . ?origin a ?surveyClass . ?region survey:regionName ?regionName . } GROUP BY ?surveyGroup ?regionName ORDER BY ?surveyGroup ?regionName",,
EFFKGQA0336,What is the average autonomous driving percentage for each survey group?,autonomous_driving,llm_or_ranking,llm_ranking,llm_ranking,validated_retrieval,1,5,3,,"[{""avgPercentage"": ""42.0"", ""year"": ""2025""}, {""avgPercentage"": ""62.0"", ""year"": ""2026""}, {""avgPercentage"": ""82.0"", ""year"": ""2027""}]","Answer: The query returned 3 row(s). Results: year: 2025, avg percentage: 42.0; year: 2026, avg percentage: 62.0; year: 2027, avg percentage: 82.0.",switched_to_nonempty_candidate,SELECT ?year (AVG(?percentage) AS ?avgPercentage) WHERE { ?entry a survey:AutonomousDrivingDevelopment ; survey:hasYear ?year ; survey:hasPercentage ?percentage . } GROUP BY ?year ORDER BY ?year,,
EFFKGQA0337,Summarize future demand across technology category.,future_demand,direct_capability,direct_graph_supported,auto_answer,capability_inventory,0,1,5,,"[{""avgPercentageChange"": ""12.24875"", ""technologyCategory"": ""TechCategory_%3C%3D_7nm""}, {""avgPercentageChange"": ""3.7225"", ""technologyCategory"": ""TechCategory_10nm_to_%3C28nm""}, {""avgPercentageChange"": ""36.1225"", ""technologyCategory"": ""TechCategory_180nm_or_greater""}, {""avgPercentageChange"": ""12.375"", ""technologyCategory"": ""TechCategory_28nm_to_%3C45nm""}, {""avgPercentageChange"": ""2.9525"", ""technologyCategory"": ""TechCategory_55nm_to_180nm""}]","Answer: The query returned 5 row(s). Results: technology category: TechCategory_%3C%3D_7nm, avg percentage change: 12.24875; technology category: TechCategory_10nm_to_%3C28nm, avg percentage change: 3.7225; technology category: TechCategory_180nm_or_greater, avg percentage change: 36.1225; technology category: TechCategory_28nm_to_%3C45nm, avg percentage change: 12.375; technology category: TechCategory_55nm_to_180nm, avg percentage change: 2.9525.",,"SELECT ?technologyCategory (AVG(?pct) AS ?avgPercentageChange) WHERE { ?entry a survey:FutureDemandAnalysis ; survey:analyzesTechnologyCategory ?technology ; survey:percentageChange ?pct . OPTIONAL { ?technology survey:technologyCategoryName ?technologyName . } BIND(COALESCE(?technologyName, REPLACE(STR(?technology), ""^.*/"", """")) AS ?technologyCategory) } GROUP BY ?technologyCategory ORDER BY ?technologyCategory",,
EFFKGQA0338,"For the survey data, compare OEM current demand across quarter?",regional_demand,llm_or_ranking,llm_ranking,llm_ranking,validated_retrieval,1,6,3,,"[{""pct"": ""-0.36"", ""vehicle"": ""BEV""}, {""pct"": ""3.77"", ""vehicle"": ""BEHV""}, {""pct"": ""4.59"", ""vehicle"": ""ICE""}]","Answer: The query returned 3 row(s). Results: vehicle: BEV, pct: -0.36; vehicle: BEHV, pct: 3.77; vehicle: ICE, pct: 4.59.",switched_to_nonempty_candidate,"SELECT ?vehicle ?pct WHERE { ?agg a survey:AggregatedDemand ; survey:hasSurveyOrigin survey:OEM_Survey_Instance ; survey:isAggregatedResult true ; survey:forVehicleType ?veh ; survey:percentageChange ?pct . BIND( IF(?veh = survey:BEV, ""BEV"", IF(?veh = survey:BEHV, ""BEHV"", IF(?veh = survey:ICE, ""ICE"", """") ) ) AS ?vehicle ) FILTER(?vehicle != """") BIND( IF(?vehicle = ""BEV"", 1, IF(?vehicle = ""BEHV"", 2, IF(?vehicle = ""ICE"", 3, 4) ) ) AS ?ord ) } ORDER BY ?ord",,
EFFKGQA0339,Summarize vehicles sold over time period.,vehicle_sales,llm_or_ranking,llm_ranking,llm_ranking,infineon,1,5,48,,"[{""periodLabel"": ""Apr 2023"", ""totalUnitsSold"": ""6425650""}, {""periodLabel"": ""Apr 2024"", ""totalUnitsSold"": ""6818720""}, {""periodLabel"": ""Apr 2025"", ""totalUnitsSold"": ""7260983""}, {""periodLabel"": ""Apr 2026"", ""totalUnitsSold"": ""7009380""}, {""periodLabel"": ""Aug 2023"", ""totalUnitsSold"": ""7057393""}, {""periodLabel"": ""Aug 2024"", ""totalUnitsSold"": ""6837967""}, {""periodLabel"": ""Aug 2025"", ""totalUnitsSold"": ""6966169""}, {""periodLabel"": ""Aug 2026"", ""totalUnitsSold"": ""6967132""}, {""periodLabel"": ""Dec 2023"", ""totalUnitsSold"": ""8093262""}, {""periodLabel"": ""Dec 2024"", ""totalUnitsSold"": ""8544327""}, {""periodLabel"": ""Dec 2025"", ""totalUnitsSold"": ""8455087""}, {""periodLabel"": ""Dec 2026"", ""totalUnitsSold"": ""8482982""}, ...","Answer: The query returned 48 row(s). First results: period label: Apr 2023, total units sold: 6425650; period label: Apr 2024, total units sold: 6818720; period label: Apr 2025, total units sold: 7260983; period label: Apr 2026, total units sold: 7009380; period label: Aug 2023, total units sold: 7057393; period label: Aug 2024, total units sold: 6837967; period label: Aug 2025, total units sold: 6966169; period label: Aug 2026, total units sold: 6967132.",kept_selected_nonempty,SELECT ?periodLabel (SUM(?unitsSold) AS ?totalUnitsSold) WHERE { ?obs a survey:VehicleSalesObservation ; survey:forTimePeriod ?tp ; survey:unitsSold ?unitsSold . ?tp survey:periodLabel ?periodLabel . } GROUP BY ?periodLabel ORDER BY ?periodLabel,,
EFFKGQA0340,How does semiconductor current demand vary by survey group?,regional_demand,llm_or_ranking,direct_graph_supported,auto_answer,capability_inventory,0,1,1,,"[{""surveyGroup"": ""Semiconductor"", ""totalDemand"": ""100.0""}]","Answer: The query returned 1 row(s). Results: survey group: Semiconductor, total demand: 100.0.",,"SELECT ?surveyGroup (SUM(?demand) AS ?totalDemand) WHERE { BIND(""Semiconductor"" AS ?surveyGroup) ?entry a survey:DemandForRegion ; survey:hasSurveyOrigin ?origin ; survey:totalDemand ?demand . ?origin a survey:Semiconductor_Survey . } GROUP BY ?surveyGroup ORDER BY ?surveyGroup",,
EFFKGQA0341,Break down future demand by region.,future_demand,direct_capability,direct_graph_supported,auto_answer,capability_inventory,0,1,15,,"[{""regionName"": ""Americas"", ""surveyGroup"": ""OEM"", ""totalDemand"": ""67744458.0""}, {""regionName"": ""Asia Pacific/All Other"", ""surveyGroup"": ""OEM"", ""totalDemand"": ""37293303.0""}, {""regionName"": ""Asia Pacific/China"", ""surveyGroup"": ""OEM"", ""totalDemand"": ""77885298.0""}, {""regionName"": ""Europe"", ""surveyGroup"": ""OEM"", ""totalDemand"": ""51729003.0""}, {""regionName"": ""Japan"", ""surveyGroup"": ""OEM"", ""totalDemand"": ""14117148.0""}, {""regionName"": ""Americas"", ""surveyGroup"": ""Semiconductor"", ""totalDemand"": ""35.0""}, {""regionName"": ""Asia Pacific/All Other"", ""surveyGroup"": ""Semiconductor"", ""totalDemand"": ""10.0""}, {""regionName"": ""Asia Pacific/China"", ""surveyGroup"": ""Semiconductor"", ""totalDemand"": ""20.0""}, {""regionN...","Answer: Regional demand returned 15 grouped row(s). First groups: survey group: OEM, region name: Americas, total demand: 67744458.0; survey group: OEM, region name: All Other, total demand: 37293303.0; survey group: OEM, region name: China, total demand: 77885298.0; survey group: OEM, region name: Europe, total demand: 51729003.0; survey group: OEM, region name: Japan, total demand: 14117148.0; survey group: Semiconductor, region name: Americas, total demand: 35.0; survey group: Semiconductor, region name: All Other, total demand: 10.0; survey group: Semiconductor, region name: China, total demand: 20.0.",,"SELECT ?surveyGroup ?regionName (SUM(?demand) AS ?totalDemand) WHERE { VALUES (?surveyClass ?surveyGroup) { (survey:OEM_Survey ""OEM"") (survey:Tier1_Survey ""Tier1"") (survey:Semiconductor_Survey ""Semiconductor"") } ?entry a survey:DemandForRegion ; survey:hasSurveyOrigin ?origin ; survey:inRegion ?region ; survey:totalDemand ?demand . ?origin a ?surveyClass . ?region survey:regionName ?regionName . } GROUP BY ?surveyGroup ?regionName ORDER BY ?surveyGroup ?regionName",,
EFFKGQA0342,Compare SAE level development across vehicle type.,autonomous_driving,llm_or_ranking,direct_graph_supported,auto_answer,capability_inventory,0,1,15,,"[{""avgPercentage"": ""42.0"", ""saeLevel"": ""SAE_Level_1"", ""vehicleType"": ""BEHV""}, {""avgPercentage"": ""52.0"", ""saeLevel"": ""SAE_Level_2"", ""vehicleType"": ""BEHV""}, {""avgPercentage"": ""62.0"", ""saeLevel"": ""SAE_Level_3"", ""vehicleType"": ""BEHV""}, {""avgPercentage"": ""72.0"", ""saeLevel"": ""SAE_Level_4"", ""vehicleType"": ""BEHV""}, {""avgPercentage"": ""82.0"", ""saeLevel"": ""SAE_Level_5"", ""vehicleType"": ""BEHV""}, {""avgPercentage"": ""42.0"", ""saeLevel"": ""SAE_Level_1"", ""vehicleType"": ""BEV""}, {""avgPercentage"": ""52.0"", ""saeLevel"": ""SAE_Level_2"", ""vehicleType"": ""BEV""}, {""avgPercentage"": ""62.0"", ""saeLevel"": ""SAE_Level_3"", ""vehicleType"": ""BEV""}, {""avgPercentage"": ""72.0"", ""saeLevel"": ""SAE_Level_4"", ""vehicleType"": ""BEV""}, {""avgPe...","Answer: Autonomous-driving development returned 15 grouped row(s). First groups: vehicle type: BEHV, sae level: SAE Level 1, avg percentage: 42.0; vehicle type: BEHV, sae level: SAE Level 2, avg percentage: 52.0; vehicle type: BEHV, sae level: SAE Level 3, avg percentage: 62.0; vehicle type: BEHV, sae level: SAE Level 4, avg percentage: 72.0; vehicle type: BEHV, sae level: SAE Level 5, avg percentage: 82.0; vehicle type: BEV, sae level: SAE Level 1, avg percentage: 42.0; vehicle type: BEV, sae level: SAE Level 2, avg percentage: 52.0; vehicle type: BEV, sae level: SAE Level 3, avg percentage: 62.0.",,"SELECT ?vehicleType ?saeLevel (AVG(?pct) AS ?avgPercentage) WHERE { ?entry a survey:AutonomousDrivingDevelopment ; survey:hasVehicleType ?vehicle ; survey:hasSAELevel ?sae ; survey:hasPercentage ?pct . BIND(REPLACE(STR(?vehicle), ""^.*/"", """") AS ?vehicleType) BIND(REPLACE(STR(?sae), ""^.*/"", """") AS ?saeLevel) } GROUP BY ?vehicleType ?saeLevel ORDER BY ?vehicleType ?saeLevel",,
EFFKGQA0343,"Using the True Demand KG, break down future demand by quarter?",future_demand,direct_capability,direct_graph_supported,auto_answer,capability_inventory,0,1,8,,"[{""avgPercentageChange"": ""12.44380952380952380952381"", ""quarterLabel"": ""Current Quarter""}, {""avgPercentageChange"": ""9.510000000000000038461538"", ""quarterLabel"": ""Q1 2026""}, {""avgPercentageChange"": ""26.356153846153846153846154"", ""quarterLabel"": ""Q2 2025""}, {""avgPercentageChange"": ""7.285384615384615384615385"", ""quarterLabel"": ""Q2 2026""}, {""avgPercentageChange"": ""5.861923076923076923076923"", ""quarterLabel"": ""Q3 2025""}, {""avgPercentageChange"": ""8.775384615384615384615385"", ""quarterLabel"": ""Q3 2026""}, {""avgPercentageChange"": ""15.195769230769230807692308"", ""quarterLabel"": ""Q4 2025""}, {""avgPercentageChange"": ""8.727307692307692307692308"", ""quarterLabel"": ""Q4 2026""}]","Answer: The query returned 8 row(s). Results: quarter label: Current Quarter, avg percentage change: 12.44380952380952380952381; quarter label: Q1 2026, avg percentage change: 9.510000000000000038461538; quarter label: Q2 2025, avg percentage change: 26.356153846153846153846154; quarter label: Q2 2026, avg percentage change: 7.285384615384615384615385; quarter label: Q3 2025, avg percentage change: 5.861923076923076923076923; quarter label: Q3 2026, avg percentage change: 8.775384615384615384615385; quarter label: Q4 2025, avg percentage change: 15.195769230769230807692308; quarter label: Q4 2026, avg percentage change: 8.727307692307692307692308.",,SELECT ?quarterLabel (AVG(?pct) AS ?avgPercentageChange) WHERE { ?entry a survey:FutureDemandAnalysis ; survey:forTimePeriod ?quarter ; survey:percentageChange ?pct . ?quarter survey:periodLabel ?quarterLabel . } GROUP BY ?quarterLabel ORDER BY ?quarterLabel,,
EFFKGQA0344,Return a breakdown of semiconductor current demand by region.,regional_demand,llm_or_ranking,direct_graph_supported,auto_answer,capability_inventory,0,1,5,,"[{""regionName"": ""Americas"", ""totalDemand"": ""35.0""}, {""regionName"": ""Asia Pacific/All Other"", ""totalDemand"": ""10.0""}, {""regionName"": ""Asia Pacific/China"", ""totalDemand"": ""20.0""}, {""regionName"": ""Europe"", ""totalDemand"": ""25.0""}, {""regionName"": ""Japan"", ""totalDemand"": ""10.0""}]","Answer: Regional demand returned 5 grouped row(s). Groups: region name: Americas, total demand: 35.0; region name: All Other, total demand: 10.0; region name: China, total demand: 20.0; region name: Europe, total demand: 25.0; region name: Japan, total demand: 10.0.",,"SELECT ?regionName (SUM(?demand) AS ?totalDemand) WHERE { BIND(""Semiconductor"" AS ?surveyGroup) ?entry a survey:DemandForRegion ; survey:hasSurveyOrigin ?origin ; survey:inRegion ?region ; survey:totalDemand ?demand . ?origin a survey:Semiconductor_Survey . ?region survey:regionName ?regionName . } GROUP BY ?regionName ORDER BY ?regionName",,
EFFKGQA0345,Please how does OEM current demand vary by survey group?,regional_demand,llm_or_ranking,direct_graph_supported,auto_answer,capability_inventory,0,1,1,,"[{""surveyGroup"": ""OEM"", ""totalDemand"": ""248769210.0""}]","Answer: The query returned 1 row(s). Results: survey group: OEM, total demand: 248769210.0.",,"SELECT ?surveyGroup (SUM(?demand) AS ?totalDemand) WHERE { BIND(""OEM"" AS ?surveyGroup) ?entry a survey:DemandForRegion ; survey:hasSurveyOrigin ?origin ; survey:totalDemand ?demand . ?origin a survey:OEM_Survey . } GROUP BY ?surveyGroup ORDER BY ?surveyGroup",,
EFFKGQA0346,Which year has the highest forecast vehicle sales?,vehicle_sales,llm_or_ranking,direct_graph_supported,auto_answer,capability_inventory,0,1,3,,"[{""unitsSold"": ""88109476"", ""year"": ""2024""}, {""unitsSold"": ""90166856"", ""year"": ""2025""}, {""unitsSold"": ""90471186"", ""year"": ""2026""}]","Answer: The query returned 3 row(s). Results: year: 2024, units sold: 88109476; year: 2025, units sold: 90166856; year: 2026, units sold: 90471186.",,"SELECT ?year (SUM(?units) AS ?unitsSold) WHERE { ?obs a survey:VehicleSalesObservation ; survey:isForecastData true ; survey:forTimePeriod ?month ; survey:unitsSold ?units . OPTIONAL { ?month survey:periodLabel ?periodLabel . } BIND(COALESCE(?periodLabel, REPLACE(STR(?month), ""^.*/"", """")) AS ?label) BIND(REPLACE(STR(?label), ""^.*(20[0-9]{2}).*$"", ""$1"") AS ?year) } GROUP BY ?year ORDER BY ?year",,
EFFKGQA0347,List quarter labels in the data.,catalog_lookup,llm_or_ranking,llm_ranking,llm_ranking,infineon,1,5,16,,"[{""quarter"": ""Quarter_Current_Quarter""}, {""quarter"": ""Quarter_Q1_2026""}, {""quarter"": ""Quarter_Q2_2025""}, {""quarter"": ""Quarter_Q2_2026""}, {""quarter"": ""Quarter_Q3_2025""}, {""quarter"": ""Quarter_Q3_2026""}, {""quarter"": ""Quarter_Q4_2025""}, {""quarter"": ""Quarter_Q4_2026""}, {""quarter"": ""time_Current_Quarter""}, {""quarter"": ""time_Q1_2026""}, {""quarter"": ""time_Q2_2025""}, {""quarter"": ""time_Q2_2026""}, {""quarter"": ""time_Q3_2025""}, {""quarter"": ""time_Q3_2026""}, {""quarter"": ""time_Q4_2025""}, {""quarter"": ""time_Q4_2026""}]",Answer: The query returned 16 row(s). First results: quarter: Quarter_Current_Quarter; quarter: Quarter_Q1_2026; quarter: Quarter_Q2_2025; quarter: Quarter_Q2_2026; quarter: Quarter_Q3_2025; quarter: Quarter_Q3_2026; quarter: Quarter_Q4_2025; quarter: Quarter_Q4_2026.,kept_selected_nonempty,SELECT DISTINCT ?quarter WHERE { ?quarter a survey:Quarter . } ORDER BY ?quarter,,
EFFKGQA0348,Please i need future demand grouped by region?,future_demand,direct_capability,direct_graph_supported,auto_answer,capability_inventory,0,1,5,,"[{""avgPercentageChange"": ""1993696.795238095238095238095238"", ""regionName"": ""Americas""}, {""avgPercentageChange"": ""1092445.9"", ""regionName"": ""Asia Pacific/All Other""}, {""avgPercentageChange"": ""2386112.016666666666666666666667"", ""regionName"": ""Asia Pacific/China""}, {""avgPercentageChange"": ""1491199.795238095238095238095238"", ""regionName"": ""Europe""}, {""avgPercentageChange"": ""369089.207142857142857142857143"", ""regionName"": ""Japan""}]","Answer: The query returned 5 row(s). Results: region name: Americas, avg percentage change: 1993696.795238095238095238095238; region name: Asia Pacific/All Other, avg percentage change: 1092445.9; region name: Asia Pacific/China, avg percentage change: 2386112.016666666666666666666667; region name: Europe, avg percentage change: 1491199.795238095238095238095238; region name: Japan, avg percentage change: 369089.207142857142857142857143.",,SELECT ?regionName (AVG(?pct) AS ?avgPercentageChange) WHERE { ?entry a survey:DemandForRegion ; survey:inRegion ?region ; survey:totalDemandPercentageChange ?pct . ?region survey:regionName ?regionName . } GROUP BY ?regionName ORDER BY ?regionName,,
EFFKGQA0349,"From the graph, use the graph to show OEM current demand by survey group?",regional_demand,llm_or_ranking,direct_graph_supported,auto_answer,capability_inventory,0,1,1,,"[{""surveyGroup"": ""OEM"", ""totalDemand"": ""248769210.0""}]","Answer: The query returned 1 row(s). Results: survey group: OEM, total demand: 248769210.0.",,"SELECT ?surveyGroup (SUM(?demand) AS ?totalDemand) WHERE { BIND(""OEM"" AS ?surveyGroup) ?entry a survey:DemandForRegion ; survey:hasSurveyOrigin ?origin ; survey:totalDemand ?demand . ?origin a survey:OEM_Survey . } GROUP BY ?surveyGroup ORDER BY ?surveyGroup",,
EFFKGQA0350,Summarize inventory trend across trend.,inventory,llm_or_ranking,llm_ranking,llm_ranking,validated_retrieval,1,9,9,,"[{""component"": ""Component_EV"", ""responses"": ""1"", ""trend"": ""Decrease""}, {""component"": ""Component_EV"", ""responses"": ""1"", ""trend"": ""Increase""}, {""component"": ""Component_EV"", ""responses"": ""3"", ""trend"": ""Stable""}, {""component"": ""Component_both"", ""responses"": ""1"", ""trend"": ""Decrease""}, {""component"": ""Component_both"", ""responses"": ""1"", ""trend"": ""Increase""}, {""component"": ""Component_both"", ""responses"": ""3"", ""trend"": ""Stable""}, {""component"": ""Component_non_EV"", ""responses"": ""1"", ""trend"": ""Decrease""}, {""component"": ""Component_non_EV"", ""responses"": ""1"", ""trend"": ""Increase""}, {""component"": ""Component_non_EV"", ""responses"": ""3"", ""trend"": ""Stable""}]","Answer: The query returned 9 row(s). First results: component: Component_EV, trend: Decrease, responses: 1; component: Component_EV, trend: Increase, responses: 1; component: Component_EV, trend: Stable, responses: 3; component: Component_both, trend: Decrease, responses: 1; component: Component_both, trend: Increase, responses: 1; component: Component_both, trend: Stable, responses: 3; component: Component_non_EV, trend: Decrease, responses: 1; component: Component_non_EV, trend: Increase, responses: 1.",kept_selected_nonempty,SELECT ?component ?trend (SUM(xsd:integer(?cnt)) AS ?responses) WHERE { ?entry a survey:InventoryDevelopment_Tier1 ; survey:forComponent ?component ; survey:inventoryTrend ?trend ; survey:participantCount ?cnt . } GROUP BY ?component ?trend ORDER BY ?component ?trend,,
EFFKGQA0351,"Using the True Demand KG, can you show the future demand trend by vehicle type?",future_demand,direct_capability,direct_graph_supported,auto_answer,capability_inventory,0,1,3,,"[{""avgPercentageChange"": ""1.505"", ""vehicleType"": ""BEHV""}, {""avgPercentageChange"": ""4.74375"", ""vehicleType"": ""BEV""}, {""avgPercentageChange"": ""0.845"", ""vehicleType"": ""ICE""}]","Answer: The query returned 3 row(s). Results: vehicle type: BEHV, avg percentage change: 1.505; vehicle type: BEV, avg percentage change: 4.74375; vehicle type: ICE, avg percentage change: 0.845.",,"SELECT ?vehicleType (AVG(?pct) AS ?avgPercentageChange) WHERE { ?entry a survey:FutureDemandAnalysis ; survey:analyzesVehicleType ?vehicle ; survey:percentageChange ?pct . BIND(REPLACE(STR(?vehicle), ""^.*/"", """") AS ?vehicleType) } GROUP BY ?vehicleType ORDER BY ?vehicleType",,
EFFKGQA0352,"Using the True Demand KG, can you show the future demand trend by region?",future_demand,direct_capability,direct_graph_supported,auto_answer,capability_inventory,0,1,5,,"[{""avgPercentageChange"": ""1993696.795238095238095238095238"", ""regionName"": ""Americas""}, {""avgPercentageChange"": ""1092445.9"", ""regionName"": ""Asia Pacific/All Other""}, {""avgPercentageChange"": ""2386112.016666666666666666666667"", ""regionName"": ""Asia Pacific/China""}, {""avgPercentageChange"": ""1491199.795238095238095238095238"", ""regionName"": ""Europe""}, {""avgPercentageChange"": ""369089.207142857142857142857143"", ""regionName"": ""Japan""}]","Answer: The query returned 5 row(s). Results: region name: Americas, avg percentage change: 1993696.795238095238095238095238; region name: Asia Pacific/All Other, avg percentage change: 1092445.9; region name: Asia Pacific/China, avg percentage change: 2386112.016666666666666666666667; region name: Europe, avg percentage change: 1491199.795238095238095238095238; region name: Japan, avg percentage change: 369089.207142857142857142857143.",,SELECT ?regionName (AVG(?pct) AS ?avgPercentageChange) WHERE { ?entry a survey:DemandForRegion ; survey:inRegion ?region ; survey:totalDemandPercentageChange ?pct . ?region survey:regionName ?regionName . } GROUP BY ?regionName ORDER BY ?regionName,,
EFFKGQA0353,"For the survey data, how does future demand evolve across vehicle type?",future_demand,direct_capability,llm_ranking,llm_ranking,validated_retrieval,1,5,24,,"[{""avgChange"": ""-0.83"", ""quarterLabel"": ""time_Current_Quarter"", ""vehicleType"": ""BEHV""}, {""avgChange"": ""-1.66"", ""quarterLabel"": ""time_Q1_2026"", ""vehicleType"": ""BEHV""}, {""avgChange"": ""1.68"", ""quarterLabel"": ""time_Q2_2025"", ""vehicleType"": ""BEHV""}, {""avgChange"": ""4.24"", ""quarterLabel"": ""time_Q2_2026"", ""vehicleType"": ""BEHV""}, {""avgChange"": ""-8.17"", ""quarterLabel"": ""time_Q3_2025"", ""vehicleType"": ""BEHV""}, {""avgChange"": ""4.07"", ""quarterLabel"": ""time_Q3_2026"", ""vehicleType"": ""BEHV""}, {""avgChange"": ""8.02"", ""quarterLabel"": ""time_Q4_2025"", ""vehicleType"": ""BEHV""}, {""avgChange"": ""4.69"", ""quarterLabel"": ""time_Q4_2026"", ""vehicleType"": ""BEHV""}, {""avgChange"": ""6.67"", ""quarterLabel"": ""time_Current_Quarter"",...",Answer: Future-demand results returned 24 grouped row(s). The highest average future-demand percentage change is BEV in time Q2 2025 with 15.63. The lowest is BEV in time Q3 2025 with -17.84.,switched_to_nonempty_candidate,"SELECT ?vehicleType ?quarterLabel (AVG(?pct) AS ?avgChange) WHERE { ?entry a survey:FutureDemandAnalysis ; survey:analyzesVehicleType ?vehicle ; survey:forTimePeriod ?quarter ; survey:percentageChange ?pct . BIND(REPLACE(STR(?vehicle), '^.*/', '') AS ?vehicleType) BIND(REPLACE(STR(?quarter), '^.*/', '') AS ?quarterLabel) } GROUP BY ?vehicleType ?quarterLabel ORDER BY ?vehicleType ?quarterLabel",,
EFFKGQA0354,What is the total number of forecast vehicle sales for each month?,vehicle_sales,llm_or_ranking,direct_graph_supported,auto_answer,capability_inventory,0,1,36,,"[{""monthLabel"": ""Apr 2024"", ""unitsSold"": ""6818720""}, {""monthLabel"": ""Apr 2025"", ""unitsSold"": ""7260983""}, {""monthLabel"": ""Apr 2026"", ""unitsSold"": ""7009380""}, {""monthLabel"": ""Aug 2024"", ""unitsSold"": ""6837967""}, {""monthLabel"": ""Aug 2025"", ""unitsSold"": ""6966169""}, {""monthLabel"": ""Aug 2026"", ""unitsSold"": ""6967132""}, {""monthLabel"": ""Dec 2024"", ""unitsSold"": ""8544327""}, {""monthLabel"": ""Dec 2025"", ""unitsSold"": ""8455087""}, {""monthLabel"": ""Dec 2026"", ""unitsSold"": ""8482982""}, {""monthLabel"": ""Feb 2024"", ""unitsSold"": ""5986188""}, {""monthLabel"": ""Feb 2025"", ""unitsSold"": ""6549728""}, {""monthLabel"": ""Feb 2026"", ""unitsSold"": ""6604305""}, {""monthLabel"": ""Jan 2024"", ""unitsSold"": ""6599305""}, {""monthLabel"": ""Jan ...","Answer: Vehicle-sales results returned 36 grouped row(s). First groups: month label: Apr 2024, units sold: 6818720; month label: Apr 2025, units sold: 7260983; month label: Apr 2026, units sold: 7009380; month label: Aug 2024, units sold: 6837967; month label: Aug 2025, units sold: 6966169; month label: Aug 2026, units sold: 6967132; month label: Dec 2024, units sold: 8544327; month label: Dec 2025, units sold: 8455087; month label: Dec 2026, units sold: 8482982; month label: Feb 2024, units sold: 5986188; month label: Feb 2025, units sold: 6549728; month label: Feb 2026, units sold: 6604305.",,"SELECT ?monthLabel (SUM(?units) AS ?unitsSold) WHERE { ?obs a survey:VehicleSalesObservation ; survey:isForecastData true ; survey:forTimePeriod ?month ; survey:unitsSold ?units . OPTIONAL { ?month survey:periodLabel ?periodLabel . } BIND(COALESCE(?periodLabel, REPLACE(STR(?month), ""^.*/"", """")) AS ?monthLabel) } GROUP BY ?monthLabel ORDER BY ?monthLabel",,
EFFKGQA0355,Count companies reporting shortage for each survey group.,shortage,llm_or_ranking,direct_graph_supported,auto_answer,capability_inventory,0,1,6,,"[{""companyCount"": ""1"", ""shortageStatus"": ""no"", ""surveyGroup"": ""OEM""}, {""companyCount"": ""2"", ""shortageStatus"": ""yes"", ""surveyGroup"": ""OEM""}, {""companyCount"": ""1"", ""shortageStatus"": ""no"", ""surveyGroup"": ""Semiconductor""}, {""companyCount"": ""2"", ""shortageStatus"": ""yes"", ""surveyGroup"": ""Semiconductor""}, {""companyCount"": ""1"", ""shortageStatus"": ""no"", ""surveyGroup"": ""Tier1""}, {""companyCount"": ""2"", ""shortageStatus"": ""yes"", ""surveyGroup"": ""Tier1""}]","Answer: The query returned 6 row(s). Results: survey group: OEM, shortage status: no, company count: 1; survey group: OEM, shortage status: yes, company count: 2; survey group: Semiconductor, shortage status: no, company count: 1; survey group: Semiconductor, shortage status: yes, company count: 2; survey group: Tier1, shortage status: no, company count: 1; survey group: Tier1, shortage status: yes, company count: 2.",,"SELECT ?surveyGroup ?shortageStatus (COUNT(?company) AS ?companyCount) WHERE { VALUES (?surveyClass ?surveyGroup) { (survey:OEM_Survey ""OEM"") (survey:Tier1_Survey ""Tier1"") (survey:Semiconductor_Survey ""Semiconductor"") } ?company a survey:Company ; survey:hasSurveyOrigin ?origin ; survey:reportsShortage ?shortage . ?origin a ?surveyClass . BIND(IF(?shortage = true, ""yes"", ""no"") AS ?shortageStatus) } GROUP BY ?surveyGroup ?shortageStatus ORDER BY ?surveyGroup ?shortageStatus",,
EFFKGQA0356,Summarize inventory development across trend.,inventory,llm_or_ranking,llm_ranking,llm_ranking,validated_retrieval,1,11,9,,"[{""component"": ""Component_EV"", ""responses"": ""1"", ""trend"": ""Decrease""}, {""component"": ""Component_EV"", ""responses"": ""1"", ""trend"": ""Increase""}, {""component"": ""Component_EV"", ""responses"": ""3"", ""trend"": ""Stable""}, {""component"": ""Component_both"", ""responses"": ""1"", ""trend"": ""Decrease""}, {""component"": ""Component_both"", ""responses"": ""1"", ""trend"": ""Increase""}, {""component"": ""Component_both"", ""responses"": ""3"", ""trend"": ""Stable""}, {""component"": ""Component_non_EV"", ""responses"": ""1"", ""trend"": ""Decrease""}, {""component"": ""Component_non_EV"", ""responses"": ""1"", ""trend"": ""Increase""}, {""component"": ""Component_non_EV"", ""responses"": ""3"", ""trend"": ""Stable""}]","Answer: The query returned 9 row(s). First results: component: Component_EV, trend: Decrease, responses: 1; component: Component_EV, trend: Increase, responses: 1; component: Component_EV, trend: Stable, responses: 3; component: Component_both, trend: Decrease, responses: 1; component: Component_both, trend: Increase, responses: 1; component: Component_both, trend: Stable, responses: 3; component: Component_non_EV, trend: Decrease, responses: 1; component: Component_non_EV, trend: Increase, responses: 1.",kept_selected_nonempty,SELECT ?component ?trend (SUM(xsd:integer(?cnt)) AS ?responses) WHERE { ?entry a survey:InventoryDevelopment_Tier1 ; survey:forComponent ?component ; survey:inventoryTrend ?trend ; survey:participantCount ?cnt . } GROUP BY ?component ?trend ORDER BY ?component ?trend,,
EFFKGQA0357,Return self-driving development grouped by vehicle type.,autonomous_driving,llm_or_ranking,direct_graph_supported,auto_answer,capability_inventory,0,1,3,,"[{""avgPercentage"": ""62.0"", ""vehicleType"": ""BEHV""}, {""avgPercentage"": ""62.0"", ""vehicleType"": ""BEV""}, {""avgPercentage"": ""62.0"", ""vehicleType"": ""ICE""}]","Answer: Autonomous-driving development returned 3 grouped row(s). Groups: vehicle type: BEHV, avg percentage: 62.0; vehicle type: BEV, avg percentage: 62.0; vehicle type: ICE, avg percentage: 62.0.",,"SELECT ?vehicleType (AVG(?pct) AS ?avgPercentage) WHERE { ?entry a survey:AutonomousDrivingDevelopment ; survey:hasVehicleType ?vehicle ; survey:hasPercentage ?pct . BIND(REPLACE(STR(?vehicle), ""^.*/"", """") AS ?vehicleType) } GROUP BY ?vehicleType ORDER BY ?vehicleType",,
EFFKGQA0358,Show the average future demand change for every technology category.,future_demand,direct_capability,direct_graph_supported,auto_answer,capability_inventory,0,1,5,,"[{""avgPercentageChange"": ""12.24875"", ""technologyCategory"": ""TechCategory_%3C%3D_7nm""}, {""avgPercentageChange"": ""3.7225"", ""technologyCategory"": ""TechCategory_10nm_to_%3C28nm""}, {""avgPercentageChange"": ""36.1225"", ""technologyCategory"": ""TechCategory_180nm_or_greater""}, {""avgPercentageChange"": ""12.375"", ""technologyCategory"": ""TechCategory_28nm_to_%3C45nm""}, {""avgPercentageChange"": ""2.9525"", ""technologyCategory"": ""TechCategory_55nm_to_180nm""}]","Answer: The query returned 5 row(s). Results: technology category: TechCategory_%3C%3D_7nm, avg percentage change: 12.24875; technology category: TechCategory_10nm_to_%3C28nm, avg percentage change: 3.7225; technology category: TechCategory_180nm_or_greater, avg percentage change: 36.1225; technology category: TechCategory_28nm_to_%3C45nm, avg percentage change: 12.375; technology category: TechCategory_55nm_to_180nm, avg percentage change: 2.9525.",,"SELECT ?technologyCategory (AVG(?pct) AS ?avgPercentageChange) WHERE { ?entry a survey:FutureDemandAnalysis ; survey:analyzesTechnologyCategory ?technology ; survey:percentageChange ?pct . OPTIONAL { ?technology survey:technologyCategoryName ?technologyName . } BIND(COALESCE(?technologyName, REPLACE(STR(?technology), ""^.*/"", """")) AS ?technologyCategory) } GROUP BY ?technologyCategory ORDER BY ?technologyCategory",,
EFFKGQA0359,Which trend appears most often in inventory responses?,inventory,llm_or_ranking,llm_ranking,llm_ranking,validated_retrieval,1,7,9,,"[{""component"": ""Component_EV"", ""responses"": ""1"", ""trend"": ""Decrease""}, {""component"": ""Component_EV"", ""responses"": ""1"", ""trend"": ""Increase""}, {""component"": ""Component_EV"", ""responses"": ""3"", ""trend"": ""Stable""}, {""component"": ""Component_both"", ""responses"": ""1"", ""trend"": ""Decrease""}, {""component"": ""Component_both"", ""responses"": ""1"", ""trend"": ""Increase""}, {""component"": ""Component_both"", ""responses"": ""3"", ""trend"": ""Stable""}, {""component"": ""Component_non_EV"", ""responses"": ""1"", ""trend"": ""Decrease""}, {""component"": ""Component_non_EV"", ""responses"": ""1"", ""trend"": ""Increase""}, {""component"": ""Component_non_EV"", ""responses"": ""3"", ""trend"": ""Stable""}]","Answer: The query returned 9 row(s). First results: component: Component_EV, trend: Decrease, responses: 1; component: Component_EV, trend: Increase, responses: 1; component: Component_EV, trend: Stable, responses: 3; component: Component_both, trend: Decrease, responses: 1; component: Component_both, trend: Increase, responses: 1; component: Component_both, trend: Stable, responses: 3; component: Component_non_EV, trend: Decrease, responses: 1; component: Component_non_EV, trend: Increase, responses: 1.",kept_selected_nonempty,SELECT ?component ?trend (SUM(xsd:integer(?cnt)) AS ?responses) WHERE { ?entry a survey:InventoryDevelopment_Tier1 ; survey:forComponent ?component ; survey:inventoryTrend ?trend ; survey:participantCount ?cnt . } GROUP BY ?component ?trend ORDER BY ?component ?trend,,
EFFKGQA0360,I need future demand grouped by technology category.,future_demand,direct_capability,direct_graph_supported,auto_answer,capability_inventory,0,1,5,,"[{""avgPercentageChange"": ""12.24875"", ""technologyCategory"": ""TechCategory_%3C%3D_7nm""}, {""avgPercentageChange"": ""3.7225"", ""technologyCategory"": ""TechCategory_10nm_to_%3C28nm""}, {""avgPercentageChange"": ""36.1225"", ""technologyCategory"": ""TechCategory_180nm_or_greater""}, {""avgPercentageChange"": ""12.375"", ""technologyCategory"": ""TechCategory_28nm_to_%3C45nm""}, {""avgPercentageChange"": ""2.9525"", ""technologyCategory"": ""TechCategory_55nm_to_180nm""}]","Answer: The query returned 5 row(s). Results: technology category: TechCategory_%3C%3D_7nm, avg percentage change: 12.24875; technology category: TechCategory_10nm_to_%3C28nm, avg percentage change: 3.7225; technology category: TechCategory_180nm_or_greater, avg percentage change: 36.1225; technology category: TechCategory_28nm_to_%3C45nm, avg percentage change: 12.375; technology category: TechCategory_55nm_to_180nm, avg percentage change: 2.9525.",,"SELECT ?technologyCategory (AVG(?pct) AS ?avgPercentageChange) WHERE { ?entry a survey:FutureDemandAnalysis ; survey:analyzesTechnologyCategory ?technology ; survey:percentageChange ?pct . OPTIONAL { ?technology survey:technologyCategoryName ?technologyName . } BIND(COALESCE(?technologyName, REPLACE(STR(?technology), ""^.*/"", """")) AS ?technologyCategory) } GROUP BY ?technologyCategory ORDER BY ?technologyCategory",,
EFFKGQA0361,"For the survey data, how does current demand vary by quarter?",regional_demand,llm_or_ranking,llm_ranking,llm_ranking,infineon,1,5,0,,,Answer: No results returned for the given query.,selected_best_executable_candidate,"SELECT ?quarterLabel (AVG(?currentDemand) AS ?avgCurrentDemand) WHERE { ?analysis a survey:CurrentDemandAnalysis ; survey:hasSurveyOrigin ?origin ; survey:forTimePeriod ?quarter ; survey:currentDemand ?currentDemand . VALUES (?origin ?surveyType) { (survey:OEM_Survey 'OEM') (survey:Tier1_Survey 'Tier1') (survey:Semiconductor_Survey 'Semiconductor') } BIND(REPLACE(STR(?quarter), '^.*/', '') AS ?quarterLabel) } GROUP BY ?quarterLabel ORDER BY ?quarterLabel",,
EFFKGQA0362,"Using the True Demand KG, compare OEM current demand across survey group?",regional_demand,llm_or_ranking,direct_graph_supported,auto_answer,capability_inventory,0,1,1,,"[{""surveyGroup"": ""OEM"", ""totalDemand"": ""248769210.0""}]","Answer: The query returned 1 row(s). Results: survey group: OEM, total demand: 248769210.0.",,"SELECT ?surveyGroup (SUM(?demand) AS ?totalDemand) WHERE { BIND(""OEM"" AS ?surveyGroup) ?entry a survey:DemandForRegion ; survey:hasSurveyOrigin ?origin ; survey:totalDemand ?demand . ?origin a survey:OEM_Survey . } GROUP BY ?surveyGroup ORDER BY ?surveyGroup",,
EFFKGQA0363,Show cancellation participant counts by technology category.,order_cancellation,llm_or_ranking,llm_ranking,llm_ranking,validated_retrieval,1,13,15,,"[{""responseType"": ""Decrease"", ""responses"": ""1"", ""tech"": ""OrderCancellationChange_Semi_10nm_to_lt28nm""}, {""responseType"": ""Increase"", ""responses"": ""2"", ""tech"": ""OrderCancellationChange_Semi_10nm_to_lt28nm""}, {""responseType"": ""Stable"", ""responses"": ""0"", ""tech"": ""OrderCancellationChange_Semi_10nm_to_lt28nm""}, {""responseType"": ""Decrease"", ""responses"": ""2"", ""tech"": ""OrderCancellationChange_Semi_180nm_or_greater""}, {""responseType"": ""Increase"", ""responses"": ""0"", ""tech"": ""OrderCancellationChange_Semi_180nm_or_greater""}, {""responseType"": ""Stable"", ""responses"": ""1"", ""tech"": ""OrderCancellationChange_Semi_180nm_or_greater""}, {""responseType"": ""Decrease"", ""responses"": ""1"", ""tech"": ""OrderCancellationCha...",Answer: Order-cancellation results returned 15 row(s). The largest returned responses is Increase for OrderCancellationChange Semi 10nm to <28nm with 2.,selected_best_executable_candidate,SELECT ?tech ?responseType (SUM(xsd:integer(?cnt)) AS ?responses) WHERE { ?oc a survey:OrderCancellation ; survey:forTechnologyCategory ?tech ; survey:hasResponseType ?responseType ; survey:participantCount ?cnt . } GROUP BY ?tech ?responseType ORDER BY ?tech ?responseType,,
EFFKGQA0364,Give me total demand grouped by survey group.,regional_demand,llm_or_ranking,llm_ranking,llm_ranking,validated_retrieval,1,11,5,,"[{""regionName"": ""Americas"", ""totalDemand"": ""30.0""}, {""regionName"": ""Europe"", ""totalDemand"": ""30.0""}, {""regionName"": ""Asia Pacific/China"", ""totalDemand"": ""15.0""}, {""regionName"": ""Japan"", ""totalDemand"": ""15.0""}, {""regionName"": ""Asia Pacific/All Other"", ""totalDemand"": ""10.0""}]","Answer: Regional demand returned 5 grouped row(s). Groups: region name: Americas, total demand: 30.0; region name: Europe, total demand: 30.0; region name: China, total demand: 15.0; region name: Japan, total demand: 15.0; region name: All Other, total demand: 10.0.",selected_best_executable_candidate,SELECT ?regionName (SUM(?units) AS ?totalDemand) WHERE { ?d a survey:DemandForRegion ; survey:hasSurveyOrigin ?o ; survey:inRegion ?r ; survey:totalDemand ?units . ?o a survey:Tier1_Survey . ?r survey:regionName ?regionName . } GROUP BY ?regionName ORDER BY DESC(?totalDemand),,
EFFKGQA0365,Give me current demand grouped by quarter.,regional_demand,llm_or_ranking,llm_ranking,llm_ranking,infineon,1,5,0,,,Answer: No results returned for the given query.,selected_best_executable_candidate,"SELECT ?quarterLabel (SUM(?currentDemand) AS ?totalCurrentDemand) WHERE { ?analysis a survey:CurrentDemandAnalysis ; survey:forTimePeriod ?quarter ; survey:currentDemand ?currentDemand . BIND(REPLACE(STR(?quarter), '^.*/', '') AS ?quarterLabel) } GROUP BY ?quarterLabel ORDER BY ?quarterLabel",,
EFFKGQA0366,Return autonomous driving development grouped by survey group.,autonomous_driving,llm_or_ranking,llm_ranking,llm_ranking,infineon,1,5,0,,,Answer: No results returned for the given query.,selected_best_executable_candidate,"SELECT ?surveyType ?vehicleType ?saeLevel (AVG(?percentage) AS ?avgPercentage) WHERE { VALUES (?surveyClass ?surveyType) { (survey:OEM_Survey 'OEM') (survey:Tier1_Survey 'Tier1') (survey:Semiconductor_Survey 'Semiconductor') } ?devClass a ?devType ; survey:hasSurveyOrigin ?origin ; survey:hasDetail ?entry . ?origin a ?surveyClass . FILTER(?devType IN (survey:AutonomousDrivingDevelopment_OEM, survey:AutonomousDrivingDevelopment_Tier1)) ?entry a survey:AutonomousDrivingDevelopment ; survey:hasVehicleType ?vehicle ; survey:hasSAELevel ?sae ; survey:hasPercentage ?percentage . BIND(REPLACE(STR(?vehicle), '^.*/', '') AS ?vehicleType) BIND(REPLACE(STR(?sae), '^.*/SAE_Level_', '') AS ?saeLevel) } GROUP BY ?surveyType ?vehicleType ?saeLevel ORDER BY ?surveyType ?vehicleType xsd:integer(?saeLevel)",,
EFFKGQA0367,Return a breakdown of Tier1 current demand by quarter.,regional_demand,llm_or_ranking,llm_ranking,llm_ranking,infineon,1,5,0,,,Answer: No results returned for the given query.,selected_best_executable_candidate,"SELECT ?quarterLabel (SUM(?pct) AS ?totalChange) WHERE { survey:Tier1CurrentDemand a survey:CurrentDemandAnalysis ; survey:hasAggregatedResult ?entry . ?entry survey:forTimePeriod ?quarter ; survey:percentageChange ?pct . BIND(REPLACE(STR(?quarter), '^.*/', '') AS ?quarterLabel) } GROUP BY ?quarterLabel ORDER BY ?quarterLabel",,
EFFKGQA0368,Summarize OEM current demand per quarter.,regional_demand,llm_or_ranking,llm_ranking,llm_ranking,infineon,1,5,0,,,Answer: No results returned for the given query.,selected_best_executable_candidate,"SELECT ?quarterLabel (SUM(?currentDemand) AS ?totalCurrentDemand) WHERE { ?root a survey:CurrentDemandAnalysis ; survey:hasSurveyOrigin survey:OEM_Survey ; survey:hasAggregatedResult ?entry . ?entry survey:forTimePeriod ?quarter ; survey:currentDemand ?currentDemand . BIND(REPLACE(STR(?quarter), '^.*/', '') AS ?quarterLabel) } GROUP BY ?quarterLabel ORDER BY ?quarterLabel",,
EFFKGQA0369,Which technology category has the highest order cancellation responses?,order_cancellation,llm_or_ranking,direct_graph_supported,auto_answer,capability_inventory,0,1,5,,"[{""participantCount"": ""3"", ""technologyCategory"": ""OrderCancellationChange_Semi_10nm_to_lt28nm""}, {""participantCount"": ""3"", ""technologyCategory"": ""OrderCancellationChange_Semi_180nm_or_greater""}, {""participantCount"": ""3"", ""technologyCategory"": ""OrderCancellationChange_Semi_28nm_to_lt45nm""}, {""participantCount"": ""3"", ""technologyCategory"": ""OrderCancellationChange_Semi_55nm_to_180nm""}, {""participantCount"": ""3"", ""technologyCategory"": ""OrderCancellationChange_Semi_lt%3D_7nm""}]","Answer: The query returned 5 row(s). Results: technology category: OrderCancellationChange_Semi_10nm_to_lt28nm, participant count: 3; technology category: OrderCancellationChange_Semi_180nm_or_greater, participant count: 3; technology category: OrderCancellationChange_Semi_28nm_to_lt45nm, participant count: 3; technology category: OrderCancellationChange_Semi_55nm_to_180nm, participant count: 3; technology category: OrderCancellationChange_Semi_lt%3D_7nm, participant count: 3.",,"SELECT ?technologyCategory (SUM(?participants) AS ?participantCount) WHERE { ?entry a survey:OrderCancellation ; survey:forTechnologyCategory ?technology ; survey:participantCount ?participants . BIND(REPLACE(STR(?technology), ""^.*/"", """") AS ?technologyCategory) } GROUP BY ?technologyCategory ORDER BY ?technologyCategory",,
EFFKGQA0370,Show regional demand by vehicle type.,regional_demand,llm_or_ranking,llm_ranking,llm_ranking,validated_retrieval,1,11,24,,"[{""avgChange"": ""-0.83"", ""quarterLabel"": ""time_Current_Quarter"", ""vehicleType"": ""BEHV""}, {""avgChange"": ""-1.66"", ""quarterLabel"": ""time_Q1_2026"", ""vehicleType"": ""BEHV""}, {""avgChange"": ""1.68"", ""quarterLabel"": ""time_Q2_2025"", ""vehicleType"": ""BEHV""}, {""avgChange"": ""4.24"", ""quarterLabel"": ""time_Q2_2026"", ""vehicleType"": ""BEHV""}, {""avgChange"": ""-8.17"", ""quarterLabel"": ""time_Q3_2025"", ""vehicleType"": ""BEHV""}, {""avgChange"": ""4.07"", ""quarterLabel"": ""time_Q3_2026"", ""vehicleType"": ""BEHV""}, {""avgChange"": ""8.02"", ""quarterLabel"": ""time_Q4_2025"", ""vehicleType"": ""BEHV""}, {""avgChange"": ""4.69"", ""quarterLabel"": ""time_Q4_2026"", ""vehicleType"": ""BEHV""}, {""avgChange"": ""6.67"", ""quarterLabel"": ""time_Current_Quarter"",...",Answer: Future-demand results returned 24 grouped row(s). The highest average future-demand percentage change is BEV in time Q2 2025 with 15.63. The lowest is BEV in time Q3 2025 with -17.84.,selected_best_executable_candidate,"SELECT ?vehicleType ?quarterLabel (AVG(?pct) AS ?avgChange) WHERE { ?entry a survey:FutureDemandAnalysis ; survey:analyzesVehicleType ?vehicle ; survey:forTimePeriod ?quarter ; survey:percentageChange ?pct . BIND(REPLACE(STR(?vehicle), '^.*/', '') AS ?vehicleType) BIND(REPLACE(STR(?quarter), '^.*/', '') AS ?quarterLabel) } GROUP BY ?vehicleType ?quarterLabel ORDER BY ?vehicleType ?quarterLabel",,
EFFKGQA0371,What is the average future demand percentage change by quarter?,future_demand,direct_capability,direct_graph_supported,auto_answer,capability_inventory,0,1,8,,"[{""avgPercentageChange"": ""12.44380952380952380952381"", ""quarterLabel"": ""Current Quarter""}, {""avgPercentageChange"": ""9.510000000000000038461538"", ""quarterLabel"": ""Q1 2026""}, {""avgPercentageChange"": ""26.356153846153846153846154"", ""quarterLabel"": ""Q2 2025""}, {""avgPercentageChange"": ""7.285384615384615384615385"", ""quarterLabel"": ""Q2 2026""}, {""avgPercentageChange"": ""5.861923076923076923076923"", ""quarterLabel"": ""Q3 2025""}, {""avgPercentageChange"": ""8.775384615384615384615385"", ""quarterLabel"": ""Q3 2026""}, {""avgPercentageChange"": ""15.195769230769230807692308"", ""quarterLabel"": ""Q4 2025""}, {""avgPercentageChange"": ""8.727307692307692307692308"", ""quarterLabel"": ""Q4 2026""}]","Answer: The query returned 8 row(s). Results: quarter label: Current Quarter, avg percentage change: 12.44380952380952380952381; quarter label: Q1 2026, avg percentage change: 9.510000000000000038461538; quarter label: Q2 2025, avg percentage change: 26.356153846153846153846154; quarter label: Q2 2026, avg percentage change: 7.285384615384615384615385; quarter label: Q3 2025, avg percentage change: 5.861923076923076923076923; quarter label: Q3 2026, avg percentage change: 8.775384615384615384615385; quarter label: Q4 2025, avg percentage change: 15.195769230769230807692308; quarter label: Q4 2026, avg percentage change: 8.727307692307692307692308.",,SELECT ?quarterLabel (AVG(?pct) AS ?avgPercentageChange) WHERE { ?entry a survey:FutureDemandAnalysis ; survey:forTimePeriod ?quarter ; survey:percentageChange ?pct . ?quarter survey:periodLabel ?quarterLabel . } GROUP BY ?quarterLabel ORDER BY ?quarterLabel,,
EFFKGQA0372,Use the graph to show OEM current demand by region.,regional_demand,llm_or_ranking,direct_graph_supported,auto_answer,capability_inventory,0,1,5,,"[{""regionName"": ""Americas"", ""totalDemand"": ""67744458.0""}, {""regionName"": ""Asia Pacific/All Other"", ""totalDemand"": ""37293303.0""}, {""regionName"": ""Asia Pacific/China"", ""totalDemand"": ""77885298.0""}, {""regionName"": ""Europe"", ""totalDemand"": ""51729003.0""}, {""regionName"": ""Japan"", ""totalDemand"": ""14117148.0""}]","Answer: Regional demand returned 5 grouped row(s). Groups: region name: Americas, total demand: 67744458.0; region name: All Other, total demand: 37293303.0; region name: China, total demand: 77885298.0; region name: Europe, total demand: 51729003.0; region name: Japan, total demand: 14117148.0.",,"SELECT ?regionName (SUM(?demand) AS ?totalDemand) WHERE { BIND(""OEM"" AS ?surveyGroup) ?entry a survey:DemandForRegion ; survey:hasSurveyOrigin ?origin ; survey:inRegion ?region ; survey:totalDemand ?demand . ?origin a survey:OEM_Survey . ?region survey:regionName ?regionName . } GROUP BY ?regionName ORDER BY ?regionName",,
EFFKGQA0373,Give me the future demand overview by region.,future_demand,direct_capability,direct_graph_supported,auto_answer,capability_inventory,0,1,5,,"[{""avgPercentageChange"": ""1993696.795238095238095238095238"", ""regionName"": ""Americas""}, {""avgPercentageChange"": ""1092445.9"", ""regionName"": ""Asia Pacific/All Other""}, {""avgPercentageChange"": ""2386112.016666666666666666666667"", ""regionName"": ""Asia Pacific/China""}, {""avgPercentageChange"": ""1491199.795238095238095238095238"", ""regionName"": ""Europe""}, {""avgPercentageChange"": ""369089.207142857142857142857143"", ""regionName"": ""Japan""}]","Answer: The query returned 5 row(s). Results: region name: Americas, avg percentage change: 1993696.795238095238095238095238; region name: Asia Pacific/All Other, avg percentage change: 1092445.9; region name: Asia Pacific/China, avg percentage change: 2386112.016666666666666666666667; region name: Europe, avg percentage change: 1491199.795238095238095238095238; region name: Japan, avg percentage change: 369089.207142857142857142857143.",,SELECT ?regionName (AVG(?pct) AS ?avgPercentageChange) WHERE { ?entry a survey:DemandForRegion ; survey:inRegion ?region ; survey:totalDemandPercentageChange ?pct . ?region survey:regionName ?regionName . } GROUP BY ?regionName ORDER BY ?regionName,,
EFFKGQA0374,Compare autonomous driving development across year.,autonomous_driving,llm_or_ranking,direct_graph_supported,auto_answer,capability_inventory,0,1,3,,"[{""avgPercentage"": ""42.0"", ""year"": ""2025""}, {""avgPercentage"": ""62.0"", ""year"": ""2026""}, {""avgPercentage"": ""82.0"", ""year"": ""2027""}]","Answer: The query returned 3 row(s). Results: year: 2025, avg percentage: 42.0; year: 2026, avg percentage: 62.0; year: 2027, avg percentage: 82.0.",,SELECT ?year (AVG(?pct) AS ?avgPercentage) WHERE { ?entry a survey:AutonomousDrivingDevelopment ; survey:hasYear ?year ; survey:hasPercentage ?pct . } GROUP BY ?year ORDER BY ?year,,
EFFKGQA0375,What is the total regional demand for each vehicle type?,regional_demand,llm_or_ranking,llm_ranking,llm_ranking,validated_retrieval,1,11,24,,"[{""avgChange"": ""-0.83"", ""quarterLabel"": ""time_Current_Quarter"", ""vehicleType"": ""BEHV""}, {""avgChange"": ""-1.66"", ""quarterLabel"": ""time_Q1_2026"", ""vehicleType"": ""BEHV""}, {""avgChange"": ""1.68"", ""quarterLabel"": ""time_Q2_2025"", ""vehicleType"": ""BEHV""}, {""avgChange"": ""4.24"", ""quarterLabel"": ""time_Q2_2026"", ""vehicleType"": ""BEHV""}, {""avgChange"": ""-8.17"", ""quarterLabel"": ""time_Q3_2025"", ""vehicleType"": ""BEHV""}, {""avgChange"": ""4.07"", ""quarterLabel"": ""time_Q3_2026"", ""vehicleType"": ""BEHV""}, {""avgChange"": ""8.02"", ""quarterLabel"": ""time_Q4_2025"", ""vehicleType"": ""BEHV""}, {""avgChange"": ""4.69"", ""quarterLabel"": ""time_Q4_2026"", ""vehicleType"": ""BEHV""}, {""avgChange"": ""6.67"", ""quarterLabel"": ""time_Current_Quarter"",...",Answer: Future-demand results returned 24 grouped row(s). The highest average future-demand percentage change is BEV in time Q2 2025 with 15.63. The lowest is BEV in time Q3 2025 with -17.84.,selected_best_executable_candidate,"SELECT ?vehicleType ?quarterLabel (AVG(?pct) AS ?avgChange) WHERE { ?entry a survey:FutureDemandAnalysis ; survey:analyzesVehicleType ?vehicle ; survey:forTimePeriod ?quarter ; survey:percentageChange ?pct . BIND(REPLACE(STR(?vehicle), '^.*/', '') AS ?vehicleType) BIND(REPLACE(STR(?quarter), '^.*/', '') AS ?quarterLabel) } GROUP BY ?vehicleType ?quarterLabel ORDER BY ?vehicleType ?quarterLabel",,
EFFKGQA0376,"Using the True Demand KG, what are the future demand changes for each vehicle type?",future_demand,direct_capability,direct_graph_supported,auto_answer,capability_inventory,0,1,3,,"[{""avgPercentageChange"": ""1.505"", ""vehicleType"": ""BEHV""}, {""avgPercentageChange"": ""4.74375"", ""vehicleType"": ""BEV""}, {""avgPercentageChange"": ""0.845"", ""vehicleType"": ""ICE""}]","Answer: The query returned 3 row(s). Results: vehicle type: BEHV, avg percentage change: 1.505; vehicle type: BEV, avg percentage change: 4.74375; vehicle type: ICE, avg percentage change: 0.845.",,"SELECT ?vehicleType (AVG(?pct) AS ?avgPercentageChange) WHERE { ?entry a survey:FutureDemandAnalysis ; survey:analyzesVehicleType ?vehicle ; survey:percentageChange ?pct . BIND(REPLACE(STR(?vehicle), ""^.*/"", """") AS ?vehicleType) } GROUP BY ?vehicleType ORDER BY ?vehicleType",,
EFFKGQA0377,Can you give me regional demand grouped by quarter?,regional_demand,llm_or_ranking,direct_graph_supported,auto_answer,capability_inventory,0,1,15,,"[{""regionName"": ""Americas"", ""surveyGroup"": ""OEM"", ""totalDemand"": ""67744458.0""}, {""regionName"": ""Asia Pacific/All Other"", ""surveyGroup"": ""OEM"", ""totalDemand"": ""37293303.0""}, {""regionName"": ""Asia Pacific/China"", ""surveyGroup"": ""OEM"", ""totalDemand"": ""77885298.0""}, {""regionName"": ""Europe"", ""surveyGroup"": ""OEM"", ""totalDemand"": ""51729003.0""}, {""regionName"": ""Japan"", ""surveyGroup"": ""OEM"", ""totalDemand"": ""14117148.0""}, {""regionName"": ""Americas"", ""surveyGroup"": ""Semiconductor"", ""totalDemand"": ""35.0""}, {""regionName"": ""Asia Pacific/All Other"", ""surveyGroup"": ""Semiconductor"", ""totalDemand"": ""10.0""}, {""regionName"": ""Asia Pacific/China"", ""surveyGroup"": ""Semiconductor"", ""totalDemand"": ""20.0""}, {""regionN...","Answer: Regional demand returned 15 grouped row(s). First groups: survey group: OEM, region name: Americas, total demand: 67744458.0; survey group: OEM, region name: All Other, total demand: 37293303.0; survey group: OEM, region name: China, total demand: 77885298.0; survey group: OEM, region name: Europe, total demand: 51729003.0; survey group: OEM, region name: Japan, total demand: 14117148.0; survey group: Semiconductor, region name: Americas, total demand: 35.0; survey group: Semiconductor, region name: All Other, total demand: 10.0; survey group: Semiconductor, region name: China, total demand: 20.0.",,"SELECT ?surveyGroup ?regionName (SUM(?demand) AS ?totalDemand) WHERE { VALUES (?surveyClass ?surveyGroup) { (survey:OEM_Survey ""OEM"") (survey:Tier1_Survey ""Tier1"") (survey:Semiconductor_Survey ""Semiconductor"") } ?entry a survey:DemandForRegion ; survey:hasSurveyOrigin ?origin ; survey:inRegion ?region ; survey:totalDemand ?demand . ?origin a ?surveyClass . ?region survey:regionName ?regionName . } GROUP BY ?surveyGroup ?regionName ORDER BY ?surveyGroup ?regionName",,
EFFKGQA0378,Summarize Tier1 current demand per quarter.,regional_demand,llm_or_ranking,llm_ranking,llm_ranking,infineon,1,5,0,,,Answer: No results returned for the given query.,selected_best_executable_candidate,"SELECT ?quarterLabel (SUM(?unitsSold) AS ?totalDemand) WHERE { survey:Tier1CurrentDemand a survey:CurrentDemandAnalysis ; survey:hasAggregatedResult ?entry . ?entry a survey:CurrentDemandAnalysis ; survey:forTimePeriod ?quarter ; survey:hasYearlySales ?sales . ?sales a survey:YearlySalesData ; survey:unitsSold ?unitsSold ; survey:forYear ?year . BIND(REPLACE(STR(?quarter), '^.*/', '') AS ?quarterLabel) } GROUP BY ?quarterLabel ORDER BY ?quarterLabel",,
EFFKGQA0379,Can you how does semiconductor current demand vary by survey group?,regional_demand,llm_or_ranking,direct_graph_supported,auto_answer,capability_inventory,0,1,1,,"[{""surveyGroup"": ""Semiconductor"", ""totalDemand"": ""100.0""}]","Answer: The query returned 1 row(s). Results: survey group: Semiconductor, total demand: 100.0.",,"SELECT ?surveyGroup (SUM(?demand) AS ?totalDemand) WHERE { BIND(""Semiconductor"" AS ?surveyGroup) ?entry a survey:DemandForRegion ; survey:hasSurveyOrigin ?origin ; survey:totalDemand ?demand . ?origin a survey:Semiconductor_Survey . } GROUP BY ?surveyGroup ORDER BY ?surveyGroup",,
EFFKGQA0380,Can you compare future demand change across technology category?,future_demand,direct_capability,direct_graph_supported,auto_answer,capability_inventory,0,1,5,,"[{""avgPercentageChange"": ""12.24875"", ""technologyCategory"": ""TechCategory_%3C%3D_7nm""}, {""avgPercentageChange"": ""3.7225"", ""technologyCategory"": ""TechCategory_10nm_to_%3C28nm""}, {""avgPercentageChange"": ""36.1225"", ""technologyCategory"": ""TechCategory_180nm_or_greater""}, {""avgPercentageChange"": ""12.375"", ""technologyCategory"": ""TechCategory_28nm_to_%3C45nm""}, {""avgPercentageChange"": ""2.9525"", ""technologyCategory"": ""TechCategory_55nm_to_180nm""}]","Answer: The query returned 5 row(s). Results: technology category: TechCategory_%3C%3D_7nm, avg percentage change: 12.24875; technology category: TechCategory_10nm_to_%3C28nm, avg percentage change: 3.7225; technology category: TechCategory_180nm_or_greater, avg percentage change: 36.1225; technology category: TechCategory_28nm_to_%3C45nm, avg percentage change: 12.375; technology category: TechCategory_55nm_to_180nm, avg percentage change: 2.9525.",,"SELECT ?technologyCategory (AVG(?pct) AS ?avgPercentageChange) WHERE { ?entry a survey:FutureDemandAnalysis ; survey:analyzesTechnologyCategory ?technology ; survey:percentageChange ?pct . OPTIONAL { ?technology survey:technologyCategoryName ?technologyName . } BIND(COALESCE(?technologyName, REPLACE(STR(?technology), ""^.*/"", """")) AS ?technologyCategory) } GROUP BY ?technologyCategory ORDER BY ?technologyCategory",,
EFFKGQA0381,Compare forecast vehicle sales across year.,vehicle_sales,llm_or_ranking,direct_graph_supported,auto_answer,capability_inventory,0,1,3,,"[{""unitsSold"": ""88109476"", ""year"": ""2024""}, {""unitsSold"": ""90166856"", ""year"": ""2025""}, {""unitsSold"": ""90471186"", ""year"": ""2026""}]","Answer: The query returned 3 row(s). Results: year: 2024, units sold: 88109476; year: 2025, units sold: 90166856; year: 2026, units sold: 90471186.",,"SELECT ?year (SUM(?units) AS ?unitsSold) WHERE { ?obs a survey:VehicleSalesObservation ; survey:isForecastData true ; survey:forTimePeriod ?month ; survey:unitsSold ?units . OPTIONAL { ?month survey:periodLabel ?periodLabel . } BIND(COALESCE(?periodLabel, REPLACE(STR(?month), ""^.*/"", """")) AS ?label) BIND(REPLACE(STR(?label), ""^.*(20[0-9]{2}).*$"", ""$1"") AS ?year) } GROUP BY ?year ORDER BY ?year",,
EFFKGQA0382,How does future demand change by vehicle type?,future_demand,direct_capability,direct_graph_supported,auto_answer,capability_inventory,0,1,3,,"[{""avgPercentageChange"": ""1.505"", ""vehicleType"": ""BEHV""}, {""avgPercentageChange"": ""4.74375"", ""vehicleType"": ""BEV""}, {""avgPercentageChange"": ""0.845"", ""vehicleType"": ""ICE""}]","Answer: The query returned 3 row(s). Results: vehicle type: BEHV, avg percentage change: 1.505; vehicle type: BEV, avg percentage change: 4.74375; vehicle type: ICE, avg percentage change: 0.845.",,"SELECT ?vehicleType (AVG(?pct) AS ?avgPercentageChange) WHERE { ?entry a survey:FutureDemandAnalysis ; survey:analyzesVehicleType ?vehicle ; survey:percentageChange ?pct . BIND(REPLACE(STR(?vehicle), ""^.*/"", """") AS ?vehicleType) } GROUP BY ?vehicleType ORDER BY ?vehicleType",,
EFFKGQA0383,Show Tier1 current demand by quarter.,regional_demand,llm_or_ranking,llm_ranking,llm_ranking,infineon,1,5,0,,,Answer: No results returned for the given query.,selected_best_executable_candidate,"SELECT ?quarterLabel (SUM(?pct) AS ?totalChange) WHERE { survey:Tier1CurrentDemand a survey:CurrentDemandAnalysis ; survey:hasAggregatedResult ?entry . ?entry survey:forTimePeriod ?quarter ; survey:percentageChange ?pct . BIND(REPLACE(STR(?quarter), '^.*/', '') AS ?quarterLabel) } GROUP BY ?quarterLabel ORDER BY ?quarterLabel",,
EFFKGQA0384,Which response type has the highest order cancellation?,order_cancellation,llm_or_ranking,direct_graph_supported,auto_answer,capability_inventory,0,1,3,,"[{""participantCount"": ""5"", ""responseType"": ""Decrease""}, {""participantCount"": ""5"", ""responseType"": ""Increase""}, {""participantCount"": ""5"", ""responseType"": ""Stable""}]",Answer: Order-cancellation results returned 3 row(s). The largest returned participant count is Decrease with 5.,,SELECT ?responseType (SUM(?participants) AS ?participantCount) WHERE { ?entry a survey:OrderCancellation ; survey:hasResponseType ?responseType ; survey:participantCount ?participants . } GROUP BY ?responseType ORDER BY ?responseType,,
EFFKGQA0385,Summarize component inventory across trend.,inventory,llm_or_ranking,direct_graph_supported,auto_answer,capability_inventory,0,1,9,,"[{""component"": ""Component_EV"", ""participantTotal"": ""1"", ""trend"": ""Decrease""}, {""component"": ""Component_EV"", ""participantTotal"": ""1"", ""trend"": ""Increase""}, {""component"": ""Component_EV"", ""participantTotal"": ""3"", ""trend"": ""Stable""}, {""component"": ""Component_both"", ""participantTotal"": ""1"", ""trend"": ""Decrease""}, {""component"": ""Component_both"", ""participantTotal"": ""1"", ""trend"": ""Increase""}, {""component"": ""Component_both"", ""participantTotal"": ""3"", ""trend"": ""Stable""}, {""component"": ""Component_non_EV"", ""participantTotal"": ""1"", ""trend"": ""Decrease""}, {""component"": ""Component_non_EV"", ""participantTotal"": ""1"", ""trend"": ""Increase""}, {""component"": ""Component_non_EV"", ""participantTotal"": ""3"", ""trend"": ""S...","Answer: The query returned 9 row(s). First results: component: Component_EV, trend: Decrease, participant total: 1; component: Component_EV, trend: Increase, participant total: 1; component: Component_EV, trend: Stable, participant total: 3; component: Component_both, trend: Decrease, participant total: 1; component: Component_both, trend: Increase, participant total: 1; component: Component_both, trend: Stable, participant total: 3; component: Component_non_EV, trend: Decrease, participant total: 1; component: Component_non_EV, trend: Increase, participant total: 1.",,SELECT ?component ?trend (SUM(?participants) AS ?participantTotal) WHERE { ?entry a survey:InventoryDevelopment_Tier1 ; survey:forComponent ?component ; survey:inventoryTrend ?trend ; survey:participantCount ?participants . } GROUP BY ?component ?trend ORDER BY ?component ?trend,,
EFFKGQA0386,Show average autonomous driving development by SAE level.,autonomous_driving,llm_or_ranking,direct_graph_supported,auto_answer,capability_inventory,0,1,5,,"[{""avgPercentage"": ""42.0"", ""saeLevel"": ""SAE_Level_1""}, {""avgPercentage"": ""52.0"", ""saeLevel"": ""SAE_Level_2""}, {""avgPercentage"": ""62.0"", ""saeLevel"": ""SAE_Level_3""}, {""avgPercentage"": ""72.0"", ""saeLevel"": ""SAE_Level_4""}, {""avgPercentage"": ""82.0"", ""saeLevel"": ""SAE_Level_5""}]","Answer: The query returned 5 row(s). Results: sae level: SAE_Level_1, avg percentage: 42.0; sae level: SAE_Level_2, avg percentage: 52.0; sae level: SAE_Level_3, avg percentage: 62.0; sae level: SAE_Level_4, avg percentage: 72.0; sae level: SAE_Level_5, avg percentage: 82.0.",,"SELECT ?saeLevel (AVG(?pct) AS ?avgPercentage) WHERE { ?entry a survey:AutonomousDrivingDevelopment ; survey:hasSAELevel ?sae ; survey:hasPercentage ?pct . BIND(REPLACE(STR(?sae), ""^.*/"", """") AS ?saeLevel) } GROUP BY ?saeLevel ORDER BY ?saeLevel",,
EFFKGQA0387,What is the total regional demand for each survey group?,regional_demand,llm_or_ranking,direct_graph_supported,auto_answer,capability_inventory,0,1,15,,"[{""regionName"": ""Americas"", ""surveyGroup"": ""OEM"", ""totalDemand"": ""67744458.0""}, {""regionName"": ""Asia Pacific/All Other"", ""surveyGroup"": ""OEM"", ""totalDemand"": ""37293303.0""}, {""regionName"": ""Asia Pacific/China"", ""surveyGroup"": ""OEM"", ""totalDemand"": ""77885298.0""}, {""regionName"": ""Europe"", ""surveyGroup"": ""OEM"", ""totalDemand"": ""51729003.0""}, {""regionName"": ""Japan"", ""surveyGroup"": ""OEM"", ""totalDemand"": ""14117148.0""}, {""regionName"": ""Americas"", ""surveyGroup"": ""Semiconductor"", ""totalDemand"": ""35.0""}, {""regionName"": ""Asia Pacific/All Other"", ""surveyGroup"": ""Semiconductor"", ""totalDemand"": ""10.0""}, {""regionName"": ""Asia Pacific/China"", ""surveyGroup"": ""Semiconductor"", ""totalDemand"": ""20.0""}, {""regionN...","Answer: Regional demand returned 15 grouped row(s). First groups: survey group: OEM, region name: Americas, total demand: 67744458.0; survey group: OEM, region name: All Other, total demand: 37293303.0; survey group: OEM, region name: China, total demand: 77885298.0; survey group: OEM, region name: Europe, total demand: 51729003.0; survey group: OEM, region name: Japan, total demand: 14117148.0; survey group: Semiconductor, region name: Americas, total demand: 35.0; survey group: Semiconductor, region name: All Other, total demand: 10.0; survey group: Semiconductor, region name: China, total demand: 20.0.",,"SELECT ?surveyGroup ?regionName (SUM(?demand) AS ?totalDemand) WHERE { VALUES (?surveyClass ?surveyGroup) { (survey:OEM_Survey ""OEM"") (survey:Tier1_Survey ""Tier1"") (survey:Semiconductor_Survey ""Semiconductor"") } ?entry a survey:DemandForRegion ; survey:hasSurveyOrigin ?origin ; survey:inRegion ?region ; survey:totalDemand ?demand . ?origin a ?surveyClass . ?region survey:regionName ?regionName . } GROUP BY ?surveyGroup ?regionName ORDER BY ?surveyGroup ?regionName",,
EFFKGQA0388,Which year has the highest vehicle sales units?,vehicle_sales,llm_or_ranking,direct_graph_supported,auto_answer,capability_inventory,0,1,4,,"[{""unitsSold"": ""86125479"", ""year"": ""2023""}, {""unitsSold"": ""88109476"", ""year"": ""2024""}, {""unitsSold"": ""90166856"", ""year"": ""2025""}, {""unitsSold"": ""90471186"", ""year"": ""2026""}]","Answer: The query returned 4 row(s). Results: year: 2023, units sold: 86125479; year: 2024, units sold: 88109476; year: 2025, units sold: 90166856; year: 2026, units sold: 90471186.",,"SELECT ?year (SUM(?units) AS ?unitsSold) WHERE { ?obs a survey:VehicleSalesObservation ; survey:forTimePeriod ?month ; survey:unitsSold ?units . OPTIONAL { ?month survey:periodLabel ?periodLabel . } BIND(COALESCE(?periodLabel, REPLACE(STR(?month), ""^.*/"", """")) AS ?label) BIND(REPLACE(STR(?label), ""^.*(20[0-9]{2}).*$"", ""$1"") AS ?year) } GROUP BY ?year ORDER BY ?year",,
EFFKGQA0389,Which response type has the highest cancellation participant counts?,order_cancellation,llm_or_ranking,llm_ranking,llm_ranking,infineon,1,5,1,,"[{""responseType"": ""Decrease"", ""totalCount"": ""5""}]","Answer: The query returned 1 row(s). Results: response type: Decrease, total count: 5.",kept_selected_nonempty,SELECT ?responseType (SUM(?participantCount) AS ?totalCount) WHERE { ?entry a survey:OrderCancellation ; survey:hasResponseType ?responseType ; survey:participantCount ?participantCount . } GROUP BY ?responseType ORDER BY DESC(?totalCount) LIMIT 1,,
EFFKGQA0390,What is the average autonomous driving development for each SAE level?,autonomous_driving,llm_or_ranking,direct_graph_supported,auto_answer,capability_inventory,0,1,5,,"[{""avgPercentage"": ""42.0"", ""saeLevel"": ""SAE_Level_1""}, {""avgPercentage"": ""52.0"", ""saeLevel"": ""SAE_Level_2""}, {""avgPercentage"": ""62.0"", ""saeLevel"": ""SAE_Level_3""}, {""avgPercentage"": ""72.0"", ""saeLevel"": ""SAE_Level_4""}, {""avgPercentage"": ""82.0"", ""saeLevel"": ""SAE_Level_5""}]","Answer: The query returned 5 row(s). Results: sae level: SAE_Level_1, avg percentage: 42.0; sae level: SAE_Level_2, avg percentage: 52.0; sae level: SAE_Level_3, avg percentage: 62.0; sae level: SAE_Level_4, avg percentage: 72.0; sae level: SAE_Level_5, avg percentage: 82.0.",,"SELECT ?saeLevel (AVG(?pct) AS ?avgPercentage) WHERE { ?entry a survey:AutonomousDrivingDevelopment ; survey:hasSAELevel ?sae ; survey:hasPercentage ?pct . BIND(REPLACE(STR(?sae), ""^.*/"", """") AS ?saeLevel) } GROUP BY ?saeLevel ORDER BY ?saeLevel",,
EFFKGQA0391,Please give me total demand grouped by region?,regional_demand,llm_or_ranking,llm_ranking,llm_ranking,validated_retrieval,1,13,5,,"[{""regionName"": ""Americas"", ""totalDemand"": ""30.0""}, {""regionName"": ""Europe"", ""totalDemand"": ""30.0""}, {""regionName"": ""Asia Pacific/China"", ""totalDemand"": ""15.0""}, {""regionName"": ""Japan"", ""totalDemand"": ""15.0""}, {""regionName"": ""Asia Pacific/All Other"", ""totalDemand"": ""10.0""}]","Answer: Regional demand returned 5 grouped row(s). Groups: region name: Americas, total demand: 30.0; region name: Europe, total demand: 30.0; region name: China, total demand: 15.0; region name: Japan, total demand: 15.0; region name: All Other, total demand: 10.0.",selected_best_executable_candidate,SELECT ?regionName (SUM(?unitsSold) AS ?totalDemand) WHERE { ?demandForRegion a survey:DemandForRegion ; survey:hasSurveyOrigin ?origin ; survey:inRegion ?region ; survey:totalDemand ?unitsSold . ?origin a survey:Tier1_Survey . ?region a survey:Region ; survey:regionName ?regionName . } GROUP BY ?regionName ORDER BY DESC(?totalDemand),,
EFFKGQA0392,What is the total number of actual vehicle sales for each time period?,vehicle_sales,llm_or_ranking,llm_ranking,llm_ranking,validated_retrieval,1,5,2,,"[{""dataType"": ""actual"", ""observationCount"": ""21811""}, {""dataType"": ""forecast"", ""observationCount"": ""73048""}]","Answer: The query returned 2 row(s). Results: data type: actual, observation count: 21811; data type: forecast, observation count: 73048.",kept_selected_nonempty,"SELECT ?dataType (COUNT(?obs) AS ?observationCount) WHERE { ?obs a survey:VehicleSalesObservation . OPTIONAL { ?obs survey:isActualData ?actual . } OPTIONAL { ?obs survey:isForecastData ?forecast . } BIND(IF(BOUND(?actual) && ?actual = true, 'actual', IF(BOUND(?forecast) && ?forecast = true, 'forecast', 'unknown')) AS ?dataType) } GROUP BY ?dataType ORDER BY ?dataType",,
EFFKGQA0393,Please how is future demand distributed by technology category?,future_demand,direct_capability,direct_graph_supported,auto_answer,capability_inventory,0,1,5,,"[{""avgPercentageChange"": ""12.24875"", ""technologyCategory"": ""TechCategory_%3C%3D_7nm""}, {""avgPercentageChange"": ""3.7225"", ""technologyCategory"": ""TechCategory_10nm_to_%3C28nm""}, {""avgPercentageChange"": ""36.1225"", ""technologyCategory"": ""TechCategory_180nm_or_greater""}, {""avgPercentageChange"": ""12.375"", ""technologyCategory"": ""TechCategory_28nm_to_%3C45nm""}, {""avgPercentageChange"": ""2.9525"", ""technologyCategory"": ""TechCategory_55nm_to_180nm""}]","Answer: The query returned 5 row(s). Results: technology category: TechCategory_%3C%3D_7nm, avg percentage change: 12.24875; technology category: TechCategory_10nm_to_%3C28nm, avg percentage change: 3.7225; technology category: TechCategory_180nm_or_greater, avg percentage change: 36.1225; technology category: TechCategory_28nm_to_%3C45nm, avg percentage change: 12.375; technology category: TechCategory_55nm_to_180nm, avg percentage change: 2.9525.",,"SELECT ?technologyCategory (AVG(?pct) AS ?avgPercentageChange) WHERE { ?entry a survey:FutureDemandAnalysis ; survey:analyzesTechnologyCategory ?technology ; survey:percentageChange ?pct . OPTIONAL { ?technology survey:technologyCategoryName ?technologyName . } BIND(COALESCE(?technologyName, REPLACE(STR(?technology), ""^.*/"", """")) AS ?technologyCategory) } GROUP BY ?technologyCategory ORDER BY ?technologyCategory",,
EFFKGQA0394,Which technology category has the highest cancellation behavior?,order_cancellation,llm_or_ranking,llm_ranking,llm_ranking,validated_retrieval,1,11,1,,"[{""avgFutureChange"": ""36.1225"", ""techLabel"": ""TechCategory_180nm_or_greater""}]","Answer: The query returned 1 row(s). Results: tech label: TechCategory_180nm_or_greater, avg future change: 36.1225.",selected_best_executable_candidate,"SELECT ?techLabel (AVG(?pct) AS ?avgFutureChange) WHERE { ?entry a survey:FutureDemandAnalysis ; survey:analyzesTechnologyCategory ?tech ; survey:percentageChange ?pct . BIND(REPLACE(STR(?tech), '^.*/', '') AS ?techLabel) } GROUP BY ?techLabel ORDER BY DESC(?avgFutureChange) LIMIT 1",,
EFFKGQA0395,Which technology categories are available in the graph?,catalog_lookup,llm_or_ranking,llm_ranking,llm_ranking,validated_retrieval,1,6,5,,"[{""currentDemand"": ""3155484"", ""percentChangeB1"": ""8.82003719660506"", ""percentChangeB2"": ""17.07867287036923"", ""technologyCategory"": ""10-16 nm""}, {""currentDemand"": ""56083"", ""percentChangeB1"": ""8.107639223548007"", ""percentChangeB2"": ""-10.31562956003758"", ""technologyCategory"": ""180-500 nm""}, {""currentDemand"": ""721730"", ""percentChangeB1"": ""12.543993562944516"", ""percentChangeB2"": ""42.87752857423543"", ""technologyCategory"": ""2-7 nm""}, {""currentDemand"": ""2100275"", ""percentChangeB1"": ""9.695441758824886"", ""percentChangeB2"": ""14.379454258157114"", ""technologyCategory"": ""28-45 nm""}, {""currentDemand"": ""3251636"", ""percentChangeB1"": ""9.710981098717197"", ""percentChangeB2"": ""27.29729248306639"", ""technologyC...","Answer: The query returned 5 row(s). Results: technology category: 10-16 nm, current demand: 3155484, percent change b1: 8.82003719660506, percent change b2: 17.07867287036923; technology category: 180-500 nm, current demand: 56083, percent change b1: 8.107639223548007, percent change b2: -10.31562956003758; technology category: 2-7 nm, current demand: 721730, percent change b1: 12.543993562944516, percent change b2: 42.87752857423543; technology category: 28-45 nm, current demand: 2100275, percent change b1: 9.695441758824886, percent change b2: 14.379454258157114; technology category: 55-150 nm, current demand: 3251636, percent change b1: 9.710981098717197, percent change b2: 27.29729248306639.",kept_selected_nonempty,SELECT ?technologyCategory ?currentDemand ?percentChangeB1 ?percentChangeB2 WHERE { ?tech a survey:TechnologyCategory ; survey:technologyCategoryName ?technologyCategory ; survey:currentDemand ?currentDemand ; survey:percentChangeB1 ?percentChangeB1 ; survey:percentChangeB2 ?percentChangeB2 . } ORDER BY ?technologyCategory,,
EFFKGQA0396,"For the survey data, summarize future demand across quarter?",future_demand,direct_capability,llm_ranking,llm_ranking,validated_retrieval,1,13,35,,"[{""percentShare"": ""25.54"", ""quarterLabel"": ""Q1 2026"", ""regionName"": ""Americas""}, {""percentShare"": ""15.75"", ""quarterLabel"": ""Q1 2026"", ""regionName"": ""Asia Pacific/All Other""}, {""percentShare"": ""31.64"", ""quarterLabel"": ""Q1 2026"", ""regionName"": ""Asia Pacific/China""}, {""percentShare"": ""20.82"", ""quarterLabel"": ""Q1 2026"", ""regionName"": ""Europe""}, {""percentShare"": ""6.26"", ""quarterLabel"": ""Q1 2026"", ""regionName"": ""Japan""}, {""percentShare"": ""29.02"", ""quarterLabel"": ""Q2 2025"", ""regionName"": ""Americas""}, {""percentShare"": ""14.24"", ""quarterLabel"": ""Q2 2025"", ""regionName"": ""Asia Pacific/All Other""}, {""percentShare"": ""30.77"", ""quarterLabel"": ""Q2 2025"", ""regionName"": ""Asia Pacific/China""}, {""percentShare...","Answer: The query returned 35 row(s). First results: quarter label: Q1 2026, region name: Americas, percent share: 25.54; quarter label: Q1 2026, region name: Asia Pacific/All Other, percent share: 15.75; quarter label: Q1 2026, region name: Asia Pacific/China, percent share: 31.64; quarter label: Q1 2026, region name: Europe, percent share: 20.82; quarter label: Q1 2026, region name: Japan, percent share: 6.26; quarter label: Q2 2025, region name: Americas, percent share: 29.02; quarter label: Q2 2025, region name: Asia Pacific/All Other, percent share: 14.24; quarter label: Q2 2025, region name: Asia Pacific/China, percent share: 30.77.",kept_selected_nonempty,SELECT ?quarterLabel ?regionName (ROUND(((SUM(?pct) / ?grandTotal) * 100) * 100) / 100 AS ?percentShare) WHERE { BIND(survey:OEM_Survey AS ?surveyType) ?origin a ?surveyType . ?entry a survey:DemandForRegion ; survey:hasSurveyOrigin ?origin ; survey:inRegion ?region ; survey:quarter ?q ; survey:totalDemandPercentageChange ?pct . ?q survey:periodLabel ?quarterLabel . ?region survey:regionName ?regionName . { SELECT ?origin ?quarterLabel (SUM(?v) AS ?grandTotal) WHERE { ?e a survey:DemandForRegion ; survey:hasSurveyOrigin ?origin ; survey:quarter ?qq ; survey:totalDemandPercentageChange ?v . ?qq survey:periodLabel ?quarterLabel . } GROUP BY ?origin ?quarterLabel } } GROUP BY ?quarterLabel ?regionName ?grandTotal ORDER BY ?quarterLabel ?regionName,,
EFFKGQA0397,Give monthly results for vehicles sold.,vehicle_sales,llm_or_ranking,direct_graph_supported,auto_answer,capability_inventory,0,1,48,,"[{""monthLabel"": ""Apr 2023"", ""unitsSold"": ""6425650""}, {""monthLabel"": ""Apr 2024"", ""unitsSold"": ""6818720""}, {""monthLabel"": ""Apr 2025"", ""unitsSold"": ""7260983""}, {""monthLabel"": ""Apr 2026"", ""unitsSold"": ""7009380""}, {""monthLabel"": ""Aug 2023"", ""unitsSold"": ""7057393""}, {""monthLabel"": ""Aug 2024"", ""unitsSold"": ""6837967""}, {""monthLabel"": ""Aug 2025"", ""unitsSold"": ""6966169""}, {""monthLabel"": ""Aug 2026"", ""unitsSold"": ""6967132""}, {""monthLabel"": ""Dec 2023"", ""unitsSold"": ""8093262""}, {""monthLabel"": ""Dec 2024"", ""unitsSold"": ""8544327""}, {""monthLabel"": ""Dec 2025"", ""unitsSold"": ""8455087""}, {""monthLabel"": ""Dec 2026"", ""unitsSold"": ""8482982""}, {""monthLabel"": ""Feb 2023"", ""unitsSold"": ""6176907""}, {""monthLabel"": ""Feb ...","Answer: Vehicle-sales results returned 48 grouped row(s). First groups: month label: Apr 2023, units sold: 6425650; month label: Apr 2024, units sold: 6818720; month label: Apr 2025, units sold: 7260983; month label: Apr 2026, units sold: 7009380; month label: Aug 2023, units sold: 7057393; month label: Aug 2024, units sold: 6837967; month label: Aug 2025, units sold: 6966169; month label: Aug 2026, units sold: 6967132; month label: Dec 2023, units sold: 8093262; month label: Dec 2024, units sold: 8544327; month label: Dec 2025, units sold: 8455087; month label: Dec 2026, units sold: 8482982.",,"SELECT ?monthLabel (SUM(?units) AS ?unitsSold) WHERE { ?obs a survey:VehicleSalesObservation ; survey:forTimePeriod ?month ; survey:unitsSold ?units . OPTIONAL { ?month survey:periodLabel ?periodLabel . } BIND(COALESCE(?periodLabel, REPLACE(STR(?month), ""^.*/"", """")) AS ?monthLabel) } GROUP BY ?monthLabel ORDER BY ?monthLabel",,
EFFKGQA0398,Show forecast vehicle sales by month.,vehicle_sales,llm_or_ranking,direct_graph_supported,auto_answer,capability_inventory,0,1,36,,"[{""monthLabel"": ""Apr 2024"", ""unitsSold"": ""6818720""}, {""monthLabel"": ""Apr 2025"", ""unitsSold"": ""7260983""}, {""monthLabel"": ""Apr 2026"", ""unitsSold"": ""7009380""}, {""monthLabel"": ""Aug 2024"", ""unitsSold"": ""6837967""}, {""monthLabel"": ""Aug 2025"", ""unitsSold"": ""6966169""}, {""monthLabel"": ""Aug 2026"", ""unitsSold"": ""6967132""}, {""monthLabel"": ""Dec 2024"", ""unitsSold"": ""8544327""}, {""monthLabel"": ""Dec 2025"", ""unitsSold"": ""8455087""}, {""monthLabel"": ""Dec 2026"", ""unitsSold"": ""8482982""}, {""monthLabel"": ""Feb 2024"", ""unitsSold"": ""5986188""}, {""monthLabel"": ""Feb 2025"", ""unitsSold"": ""6549728""}, {""monthLabel"": ""Feb 2026"", ""unitsSold"": ""6604305""}, {""monthLabel"": ""Jan 2024"", ""unitsSold"": ""6599305""}, {""monthLabel"": ""Jan ...","Answer: Vehicle-sales results returned 36 grouped row(s). First groups: month label: Apr 2024, units sold: 6818720; month label: Apr 2025, units sold: 7260983; month label: Apr 2026, units sold: 7009380; month label: Aug 2024, units sold: 6837967; month label: Aug 2025, units sold: 6966169; month label: Aug 2026, units sold: 6967132; month label: Dec 2024, units sold: 8544327; month label: Dec 2025, units sold: 8455087; month label: Dec 2026, units sold: 8482982; month label: Feb 2024, units sold: 5986188; month label: Feb 2025, units sold: 6549728; month label: Feb 2026, units sold: 6604305.",,"SELECT ?monthLabel (SUM(?units) AS ?unitsSold) WHERE { ?obs a survey:VehicleSalesObservation ; survey:isForecastData true ; survey:forTimePeriod ?month ; survey:unitsSold ?units . OPTIONAL { ?month survey:periodLabel ?periodLabel . } BIND(COALESCE(?periodLabel, REPLACE(STR(?month), ""^.*/"", """")) AS ?monthLabel) } GROUP BY ?monthLabel ORDER BY ?monthLabel",,
EFFKGQA0399,Compare companies reporting shortage by shortage status.,shortage,llm_or_ranking,direct_graph_supported,auto_answer,capability_inventory,0,1,2,,"[{""companyCount"": ""3"", ""shortageStatus"": ""no""}, {""companyCount"": ""6"", ""shortageStatus"": ""yes""}]","Answer: The query returned 2 row(s). Results: shortage status: no, company count: 3; shortage status: yes, company count: 6.",,"SELECT ?shortageStatus (COUNT(?company) AS ?companyCount) WHERE { VALUES (?surveyClass ?surveyGroup) { (survey:OEM_Survey ""OEM"") (survey:Tier1_Survey ""Tier1"") (survey:Semiconductor_Survey ""Semiconductor"") } ?company a survey:Company ; survey:hasSurveyOrigin ?origin ; survey:reportsShortage ?shortage . ?origin a ?surveyClass . BIND(IF(?shortage = true, ""yes"", ""no"") AS ?shortageStatus) } GROUP BY ?shortageStatus ORDER BY ?shortageStatus",,
EFFKGQA0400,Return a breakdown of OEM current demand by quarter.,regional_demand,llm_or_ranking,llm_ranking,llm_ranking,infineon,1,5,0,,,Answer: No results returned for the given query.,selected_best_executable_candidate,"SELECT ?quarterLabel (SUM(?currentDemand) AS ?totalCurrentDemand) WHERE { ?root a survey:CurrentDemandAnalysis ; survey:hasSurveyOrigin survey:OEM_Survey ; survey:hasAggregatedResult ?entry . ?entry survey:forTimePeriod ?quarter ; survey:currentDemand ?currentDemand . BIND(REPLACE(STR(?quarter), '^.*/', '') AS ?quarterLabel) } GROUP BY ?quarterLabel ORDER BY ?quarterLabel",,
EFFKGQA0401,Can you give a graph-backed breakdown of future demand by region?,future_demand,direct_capability,direct_graph_supported,auto_answer,capability_inventory,0,1,15,,"[{""regionName"": ""Americas"", ""surveyGroup"": ""OEM"", ""totalDemand"": ""67744458.0""}, {""regionName"": ""Asia Pacific/All Other"", ""surveyGroup"": ""OEM"", ""totalDemand"": ""37293303.0""}, {""regionName"": ""Asia Pacific/China"", ""surveyGroup"": ""OEM"", ""totalDemand"": ""77885298.0""}, {""regionName"": ""Europe"", ""surveyGroup"": ""OEM"", ""totalDemand"": ""51729003.0""}, {""regionName"": ""Japan"", ""surveyGroup"": ""OEM"", ""totalDemand"": ""14117148.0""}, {""regionName"": ""Americas"", ""surveyGroup"": ""Semiconductor"", ""totalDemand"": ""35.0""}, {""regionName"": ""Asia Pacific/All Other"", ""surveyGroup"": ""Semiconductor"", ""totalDemand"": ""10.0""}, {""regionName"": ""Asia Pacific/China"", ""surveyGroup"": ""Semiconductor"", ""totalDemand"": ""20.0""}, {""regionN...","Answer: Regional demand returned 15 grouped row(s). First groups: survey group: OEM, region name: Americas, total demand: 67744458.0; survey group: OEM, region name: All Other, total demand: 37293303.0; survey group: OEM, region name: China, total demand: 77885298.0; survey group: OEM, region name: Europe, total demand: 51729003.0; survey group: OEM, region name: Japan, total demand: 14117148.0; survey group: Semiconductor, region name: Americas, total demand: 35.0; survey group: Semiconductor, region name: All Other, total demand: 10.0; survey group: Semiconductor, region name: China, total demand: 20.0.",,"SELECT ?surveyGroup ?regionName (SUM(?demand) AS ?totalDemand) WHERE { VALUES (?surveyClass ?surveyGroup) { (survey:OEM_Survey ""OEM"") (survey:Tier1_Survey ""Tier1"") (survey:Semiconductor_Survey ""Semiconductor"") } ?entry a survey:DemandForRegion ; survey:hasSurveyOrigin ?origin ; survey:inRegion ?region ; survey:totalDemand ?demand . ?origin a ?surveyClass . ?region survey:regionName ?regionName . } GROUP BY ?surveyGroup ?regionName ORDER BY ?surveyGroup ?regionName",,
EFFKGQA0402,Can you show total demand by region?,regional_demand,llm_or_ranking,direct_graph_supported,auto_answer,capability_inventory,0,1,15,,"[{""regionName"": ""Americas"", ""surveyGroup"": ""OEM"", ""totalDemand"": ""67744458.0""}, {""regionName"": ""Asia Pacific/All Other"", ""surveyGroup"": ""OEM"", ""totalDemand"": ""37293303.0""}, {""regionName"": ""Asia Pacific/China"", ""surveyGroup"": ""OEM"", ""totalDemand"": ""77885298.0""}, {""regionName"": ""Europe"", ""surveyGroup"": ""OEM"", ""totalDemand"": ""51729003.0""}, {""regionName"": ""Japan"", ""surveyGroup"": ""OEM"", ""totalDemand"": ""14117148.0""}, {""regionName"": ""Americas"", ""surveyGroup"": ""Semiconductor"", ""totalDemand"": ""35.0""}, {""regionName"": ""Asia Pacific/All Other"", ""surveyGroup"": ""Semiconductor"", ""totalDemand"": ""10.0""}, {""regionName"": ""Asia Pacific/China"", ""surveyGroup"": ""Semiconductor"", ""totalDemand"": ""20.0""}, {""regionN...","Answer: Regional demand returned 15 grouped row(s). First groups: survey group: OEM, region name: Americas, total demand: 67744458.0; survey group: OEM, region name: All Other, total demand: 37293303.0; survey group: OEM, region name: China, total demand: 77885298.0; survey group: OEM, region name: Europe, total demand: 51729003.0; survey group: OEM, region name: Japan, total demand: 14117148.0; survey group: Semiconductor, region name: Americas, total demand: 35.0; survey group: Semiconductor, region name: All Other, total demand: 10.0; survey group: Semiconductor, region name: China, total demand: 20.0.",,"SELECT ?surveyGroup ?regionName (SUM(?demand) AS ?totalDemand) WHERE { VALUES (?surveyClass ?surveyGroup) { (survey:OEM_Survey ""OEM"") (survey:Tier1_Survey ""Tier1"") (survey:Semiconductor_Survey ""Semiconductor"") } ?entry a survey:DemandForRegion ; survey:hasSurveyOrigin ?origin ; survey:inRegion ?region ; survey:totalDemand ?demand . ?origin a ?surveyClass . ?region survey:regionName ?regionName . } GROUP BY ?surveyGroup ?regionName ORDER BY ?surveyGroup ?regionName",,
EFFKGQA0403,Summarize OEM current demand per region.,regional_demand,llm_or_ranking,direct_graph_supported,auto_answer,capability_inventory,0,1,5,,"[{""regionName"": ""Americas"", ""totalDemand"": ""67744458.0""}, {""regionName"": ""Asia Pacific/All Other"", ""totalDemand"": ""37293303.0""}, {""regionName"": ""Asia Pacific/China"", ""totalDemand"": ""77885298.0""}, {""regionName"": ""Europe"", ""totalDemand"": ""51729003.0""}, {""regionName"": ""Japan"", ""totalDemand"": ""14117148.0""}]","Answer: Regional demand returned 5 grouped row(s). Groups: region name: Americas, total demand: 67744458.0; region name: All Other, total demand: 37293303.0; region name: China, total demand: 77885298.0; region name: Europe, total demand: 51729003.0; region name: Japan, total demand: 14117148.0.",,"SELECT ?regionName (SUM(?demand) AS ?totalDemand) WHERE { BIND(""OEM"" AS ?surveyGroup) ?entry a survey:DemandForRegion ; survey:hasSurveyOrigin ?origin ; survey:inRegion ?region ; survey:totalDemand ?demand . ?origin a survey:OEM_Survey . ?region survey:regionName ?regionName . } GROUP BY ?regionName ORDER BY ?regionName",,
EFFKGQA0404,Summarize inventory responses across technology category.,inventory,llm_or_ranking,direct_graph_supported,auto_answer,capability_inventory,0,1,9,,"[{""entryCount"": ""1"", ""technologyCategory"": ""10nm_to_%3C28nm"", ""trend"": ""Decrease""}, {""entryCount"": ""1"", ""technologyCategory"": ""10nm_to_%3C28nm"", ""trend"": ""Increase""}, {""entryCount"": ""1"", ""technologyCategory"": ""180nm_or_greater"", ""trend"": ""Decrease""}, {""entryCount"": ""1"", ""technologyCategory"": ""180nm_or_greater"", ""trend"": ""Stable""}, {""entryCount"": ""1"", ""technologyCategory"": ""28nm_to_%3C45nm"", ""trend"": ""Decrease""}, {""entryCount"": ""1"", ""technologyCategory"": ""28nm_to_%3C45nm"", ""trend"": ""Stable""}, {""entryCount"": ""1"", ""technologyCategory"": ""55nm_to_180nm"", ""trend"": ""Increase""}, {""entryCount"": ""1"", ""technologyCategory"": ""55nm_to_180nm"", ""trend"": ""Stable""}, {""entryCount"": ""2"", ""technologyCategory""...","Answer: The query returned 9 row(s). First results: technology category: 10nm_to_%3C28nm, trend: Decrease, entry count: 1; technology category: 10nm_to_%3C28nm, trend: Increase, entry count: 1; technology category: 180nm_or_greater, trend: Decrease, entry count: 1; technology category: 180nm_or_greater, trend: Stable, entry count: 1; technology category: 28nm_to_%3C45nm, trend: Decrease, entry count: 1; technology category: 28nm_to_%3C45nm, trend: Stable, entry count: 1; technology category: 55nm_to_180nm, trend: Increase, entry count: 1; technology category: 55nm_to_180nm, trend: Stable, entry count: 1.",,"SELECT ?technologyCategory ?trend (COUNT(?entry) AS ?entryCount) WHERE { ?entry a survey:InventoryDevelopment_Semi ; survey:forTechnologyCategory ?technology ; survey:hasInventoryTrend ?trend . BIND(REPLACE(STR(?technology), ""^.*/"", """") AS ?technologyCategory) } GROUP BY ?technologyCategory ?trend ORDER BY ?technologyCategory ?trend",,
EFFKGQA0405,"From the graph, show future demand by quarter?",future_demand,direct_capability,direct_graph_supported,auto_answer,capability_inventory,0,1,8,,"[{""avgPercentageChange"": ""12.44380952380952380952381"", ""quarterLabel"": ""Current Quarter""}, {""avgPercentageChange"": ""9.510000000000000038461538"", ""quarterLabel"": ""Q1 2026""}, {""avgPercentageChange"": ""26.356153846153846153846154"", ""quarterLabel"": ""Q2 2025""}, {""avgPercentageChange"": ""7.285384615384615384615385"", ""quarterLabel"": ""Q2 2026""}, {""avgPercentageChange"": ""5.861923076923076923076923"", ""quarterLabel"": ""Q3 2025""}, {""avgPercentageChange"": ""8.775384615384615384615385"", ""quarterLabel"": ""Q3 2026""}, {""avgPercentageChange"": ""15.195769230769230807692308"", ""quarterLabel"": ""Q4 2025""}, {""avgPercentageChange"": ""8.727307692307692307692308"", ""quarterLabel"": ""Q4 2026""}]","Answer: The query returned 8 row(s). Results: quarter label: Current Quarter, avg percentage change: 12.44380952380952380952381; quarter label: Q1 2026, avg percentage change: 9.510000000000000038461538; quarter label: Q2 2025, avg percentage change: 26.356153846153846153846154; quarter label: Q2 2026, avg percentage change: 7.285384615384615384615385; quarter label: Q3 2025, avg percentage change: 5.861923076923076923076923; quarter label: Q3 2026, avg percentage change: 8.775384615384615384615385; quarter label: Q4 2025, avg percentage change: 15.195769230769230807692308; quarter label: Q4 2026, avg percentage change: 8.727307692307692307692308.",,SELECT ?quarterLabel (AVG(?pct) AS ?avgPercentageChange) WHERE { ?entry a survey:FutureDemandAnalysis ; survey:forTimePeriod ?quarter ; survey:percentageChange ?pct . ?quarter survey:periodLabel ?quarterLabel . } GROUP BY ?quarterLabel ORDER BY ?quarterLabel,,
EFFKGQA0406,"For the survey data, how does demand forecast vary by technology category?",future_demand,direct_capability,llm_ranking,llm_ranking,infineon,1,5,0,,,Answer: No results returned for the given query.,selected_best_executable_candidate,"SELECT ?surveyType ?techLabel (AVG(?pct) AS ?avgFutureChange) WHERE { VALUES (?surveyClass ?surveyType) { (survey:OEM_Survey 'OEM') (survey:Tier1_Survey 'Tier1') (survey:Semiconductor_Survey 'Semiconductor') } ?entry a survey:FutureDemandAnalysis ; survey:hasSurveyOrigin ?origin ; survey:analyzesTechnologyCategory ?tech ; survey:percentageChange ?pct . ?origin a ?surveyClass . BIND(REPLACE(STR(?tech), '^.*/', '') AS ?techLabel) } GROUP BY ?surveyType ?techLabel ORDER BY ?surveyType ?techLabel",,
EFFKGQA0407,Summarize vehicle sales units over year.,vehicle_sales,llm_or_ranking,direct_graph_supported,auto_answer,capability_inventory,0,1,4,,"[{""unitsSold"": ""86125479"", ""year"": ""2023""}, {""unitsSold"": ""88109476"", ""year"": ""2024""}, {""unitsSold"": ""90166856"", ""year"": ""2025""}, {""unitsSold"": ""90471186"", ""year"": ""2026""}]","Answer: The query returned 4 row(s). Results: year: 2023, units sold: 86125479; year: 2024, units sold: 88109476; year: 2025, units sold: 90166856; year: 2026, units sold: 90471186.",,"SELECT ?year (SUM(?units) AS ?unitsSold) WHERE { ?obs a survey:VehicleSalesObservation ; survey:forTimePeriod ?month ; survey:unitsSold ?units . OPTIONAL { ?month survey:periodLabel ?periodLabel . } BIND(COALESCE(?periodLabel, REPLACE(STR(?month), ""^.*/"", """")) AS ?label) BIND(REPLACE(STR(?label), ""^.*(20[0-9]{2}).*$"", ""$1"") AS ?year) } GROUP BY ?year ORDER BY ?year",,
EFFKGQA0408,"From the graph, show future demand percentage changes by technology category?",future_demand,direct_capability,direct_graph_supported,auto_answer,capability_inventory,0,1,5,,"[{""avgPercentageChange"": ""12.24875"", ""technologyCategory"": ""TechCategory_%3C%3D_7nm""}, {""avgPercentageChange"": ""3.7225"", ""technologyCategory"": ""TechCategory_10nm_to_%3C28nm""}, {""avgPercentageChange"": ""36.1225"", ""technologyCategory"": ""TechCategory_180nm_or_greater""}, {""avgPercentageChange"": ""12.375"", ""technologyCategory"": ""TechCategory_28nm_to_%3C45nm""}, {""avgPercentageChange"": ""2.9525"", ""technologyCategory"": ""TechCategory_55nm_to_180nm""}]","Answer: The query returned 5 row(s). Results: technology category: TechCategory_%3C%3D_7nm, avg percentage change: 12.24875; technology category: TechCategory_10nm_to_%3C28nm, avg percentage change: 3.7225; technology category: TechCategory_180nm_or_greater, avg percentage change: 36.1225; technology category: TechCategory_28nm_to_%3C45nm, avg percentage change: 12.375; technology category: TechCategory_55nm_to_180nm, avg percentage change: 2.9525.",,"SELECT ?technologyCategory (AVG(?pct) AS ?avgPercentageChange) WHERE { ?entry a survey:FutureDemandAnalysis ; survey:analyzesTechnologyCategory ?technology ; survey:percentageChange ?pct . OPTIONAL { ?technology survey:technologyCategoryName ?technologyName . } BIND(COALESCE(?technologyName, REPLACE(STR(?technology), ""^.*/"", """")) AS ?technologyCategory) } GROUP BY ?technologyCategory ORDER BY ?technologyCategory",,
EFFKGQA0409,Return a breakdown of OEM current demand by survey group.,regional_demand,llm_or_ranking,direct_graph_supported,auto_answer,capability_inventory,0,1,1,,"[{""surveyGroup"": ""OEM"", ""totalDemand"": ""248769210.0""}]","Answer: The query returned 1 row(s). Results: survey group: OEM, total demand: 248769210.0.",,"SELECT ?surveyGroup (SUM(?demand) AS ?totalDemand) WHERE { BIND(""OEM"" AS ?surveyGroup) ?entry a survey:DemandForRegion ; survey:hasSurveyOrigin ?origin ; survey:totalDemand ?demand . ?origin a survey:OEM_Survey . } GROUP BY ?surveyGroup ORDER BY ?surveyGroup",,
EFFKGQA0410,Compare regional demand across region.,regional_demand,llm_or_ranking,direct_graph_supported,auto_answer,capability_inventory,0,1,15,,"[{""regionName"": ""Americas"", ""surveyGroup"": ""OEM"", ""totalDemand"": ""67744458.0""}, {""regionName"": ""Asia Pacific/All Other"", ""surveyGroup"": ""OEM"", ""totalDemand"": ""37293303.0""}, {""regionName"": ""Asia Pacific/China"", ""surveyGroup"": ""OEM"", ""totalDemand"": ""77885298.0""}, {""regionName"": ""Europe"", ""surveyGroup"": ""OEM"", ""totalDemand"": ""51729003.0""}, {""regionName"": ""Japan"", ""surveyGroup"": ""OEM"", ""totalDemand"": ""14117148.0""}, {""regionName"": ""Americas"", ""surveyGroup"": ""Semiconductor"", ""totalDemand"": ""35.0""}, {""regionName"": ""Asia Pacific/All Other"", ""surveyGroup"": ""Semiconductor"", ""totalDemand"": ""10.0""}, {""regionName"": ""Asia Pacific/China"", ""surveyGroup"": ""Semiconductor"", ""totalDemand"": ""20.0""}, {""regionN...","Answer: Regional demand returned 15 grouped row(s). First groups: survey group: OEM, region name: Americas, total demand: 67744458.0; survey group: OEM, region name: All Other, total demand: 37293303.0; survey group: OEM, region name: China, total demand: 77885298.0; survey group: OEM, region name: Europe, total demand: 51729003.0; survey group: OEM, region name: Japan, total demand: 14117148.0; survey group: Semiconductor, region name: Americas, total demand: 35.0; survey group: Semiconductor, region name: All Other, total demand: 10.0; survey group: Semiconductor, region name: China, total demand: 20.0.",,"SELECT ?surveyGroup ?regionName (SUM(?demand) AS ?totalDemand) WHERE { VALUES (?surveyClass ?surveyGroup) { (survey:OEM_Survey ""OEM"") (survey:Tier1_Survey ""Tier1"") (survey:Semiconductor_Survey ""Semiconductor"") } ?entry a survey:DemandForRegion ; survey:hasSurveyOrigin ?origin ; survey:inRegion ?region ; survey:totalDemand ?demand . ?origin a ?surveyClass . ?region survey:regionName ?regionName . } GROUP BY ?surveyGroup ?regionName ORDER BY ?surveyGroup ?regionName",,
EFFKGQA0411,Return sales volume grouped by year.,vehicle_sales,llm_or_ranking,direct_graph_supported,auto_answer,capability_inventory,0,1,4,,"[{""unitsSold"": ""86125479"", ""year"": ""2023""}, {""unitsSold"": ""88109476"", ""year"": ""2024""}, {""unitsSold"": ""90166856"", ""year"": ""2025""}, {""unitsSold"": ""90471186"", ""year"": ""2026""}]","Answer: The query returned 4 row(s). Results: year: 2023, units sold: 86125479; year: 2024, units sold: 88109476; year: 2025, units sold: 90166856; year: 2026, units sold: 90471186.",,"SELECT ?year (SUM(?units) AS ?unitsSold) WHERE { ?obs a survey:VehicleSalesObservation ; survey:forTimePeriod ?month ; survey:unitsSold ?units . OPTIONAL { ?month survey:periodLabel ?periodLabel . } BIND(COALESCE(?periodLabel, REPLACE(STR(?month), ""^.*/"", """")) AS ?label) BIND(REPLACE(STR(?label), ""^.*(20[0-9]{2}).*$"", ""$1"") AS ?year) } GROUP BY ?year ORDER BY ?year",,
EFFKGQA0412,Can you what is the total semiconductor current demand for each survey group?,regional_demand,llm_or_ranking,direct_graph_supported,auto_answer,capability_inventory,0,1,1,,"[{""surveyGroup"": ""Semiconductor"", ""totalDemand"": ""100.0""}]","Answer: The query returned 1 row(s). Results: survey group: Semiconductor, total demand: 100.0.",,"SELECT ?surveyGroup (SUM(?demand) AS ?totalDemand) WHERE { BIND(""Semiconductor"" AS ?surveyGroup) ?entry a survey:DemandForRegion ; survey:hasSurveyOrigin ?origin ; survey:totalDemand ?demand . ?origin a survey:Semiconductor_Survey . } GROUP BY ?surveyGroup ORDER BY ?surveyGroup",,
EFFKGQA0413,Give a graph-backed breakdown of future demand by quarter.,future_demand,direct_capability,direct_graph_supported,auto_answer,capability_inventory,0,1,8,,"[{""avgPercentageChange"": ""12.44380952380952380952381"", ""quarterLabel"": ""Current Quarter""}, {""avgPercentageChange"": ""9.510000000000000038461538"", ""quarterLabel"": ""Q1 2026""}, {""avgPercentageChange"": ""26.356153846153846153846154"", ""quarterLabel"": ""Q2 2025""}, {""avgPercentageChange"": ""7.285384615384615384615385"", ""quarterLabel"": ""Q2 2026""}, {""avgPercentageChange"": ""5.861923076923076923076923"", ""quarterLabel"": ""Q3 2025""}, {""avgPercentageChange"": ""8.775384615384615384615385"", ""quarterLabel"": ""Q3 2026""}, {""avgPercentageChange"": ""15.195769230769230807692308"", ""quarterLabel"": ""Q4 2025""}, {""avgPercentageChange"": ""8.727307692307692307692308"", ""quarterLabel"": ""Q4 2026""}]","Answer: The query returned 8 row(s). Results: quarter label: Current Quarter, avg percentage change: 12.44380952380952380952381; quarter label: Q1 2026, avg percentage change: 9.510000000000000038461538; quarter label: Q2 2025, avg percentage change: 26.356153846153846153846154; quarter label: Q2 2026, avg percentage change: 7.285384615384615384615385; quarter label: Q3 2025, avg percentage change: 5.861923076923076923076923; quarter label: Q3 2026, avg percentage change: 8.775384615384615384615385; quarter label: Q4 2025, avg percentage change: 15.195769230769230807692308; quarter label: Q4 2026, avg percentage change: 8.727307692307692307692308.",,SELECT ?quarterLabel (AVG(?pct) AS ?avgPercentageChange) WHERE { ?entry a survey:FutureDemandAnalysis ; survey:forTimePeriod ?quarter ; survey:percentageChange ?pct . ?quarter survey:periodLabel ?quarterLabel . } GROUP BY ?quarterLabel ORDER BY ?quarterLabel,,
EFFKGQA0414,"From the graph, give me semiconductor current demand grouped by vehicle type?",regional_demand,llm_or_ranking,llm_ranking,llm_ranking,infineon,1,5,0,,,Answer: No results returned for the given query.,selected_best_executable_candidate,"SELECT ?vehicleType (AVG(?currentDemand) AS ?avgCurrentDemand) WHERE { ?analysis a survey:CurrentDemandAnalysis ; survey:hasSurveyOrigin ?origin ; survey:analyzesVehicleType ?vehicle ; survey:currentDemand ?currentDemand . ?origin a survey:Semiconductor_Survey . BIND(REPLACE(STR(?vehicle), '^.*/', '') AS ?vehicleType) } GROUP BY ?vehicleType ORDER BY ?vehicleType",,
EFFKGQA0415,Can you what is the total regional demand for each vehicle type?,regional_demand,llm_or_ranking,llm_ranking,llm_ranking,validated_retrieval,1,6,24,,"[{""avgChange"": ""-0.83"", ""quarterLabel"": ""time_Current_Quarter"", ""vehicleType"": ""BEHV""}, {""avgChange"": ""-1.66"", ""quarterLabel"": ""time_Q1_2026"", ""vehicleType"": ""BEHV""}, {""avgChange"": ""1.68"", ""quarterLabel"": ""time_Q2_2025"", ""vehicleType"": ""BEHV""}, {""avgChange"": ""4.24"", ""quarterLabel"": ""time_Q2_2026"", ""vehicleType"": ""BEHV""}, {""avgChange"": ""-8.17"", ""quarterLabel"": ""time_Q3_2025"", ""vehicleType"": ""BEHV""}, {""avgChange"": ""4.07"", ""quarterLabel"": ""time_Q3_2026"", ""vehicleType"": ""BEHV""}, {""avgChange"": ""8.02"", ""quarterLabel"": ""time_Q4_2025"", ""vehicleType"": ""BEHV""}, {""avgChange"": ""4.69"", ""quarterLabel"": ""time_Q4_2026"", ""vehicleType"": ""BEHV""}, {""avgChange"": ""6.67"", ""quarterLabel"": ""time_Current_Quarter"",...",Answer: Future-demand results returned 24 grouped row(s). The highest average future-demand percentage change is BEV in time Q2 2025 with 15.63. The lowest is BEV in time Q3 2025 with -17.84.,switched_to_nonempty_candidate,"SELECT ?vehicleType ?quarterLabel (AVG(?pct) AS ?avgChange) WHERE { ?entry a survey:FutureDemandAnalysis ; survey:analyzesVehicleType ?vehicle ; survey:forTimePeriod ?quarter ; survey:percentageChange ?pct . BIND(REPLACE(STR(?vehicle), '^.*/', '') AS ?vehicleType) BIND(REPLACE(STR(?quarter), '^.*/', '') AS ?quarterLabel) } GROUP BY ?vehicleType ?quarterLabel ORDER BY ?vehicleType ?quarterLabel",,
EFFKGQA0416,Use the graph to show Tier1 current demand by survey group.,regional_demand,llm_or_ranking,direct_graph_supported,auto_answer,capability_inventory,0,1,1,,"[{""surveyGroup"": ""Tier1"", ""totalDemand"": ""100.0""}]","Answer: The query returned 1 row(s). Results: survey group: Tier1, total demand: 100.0.",,"SELECT ?surveyGroup (SUM(?demand) AS ?totalDemand) WHERE { BIND(""Tier1"" AS ?surveyGroup) ?entry a survey:DemandForRegion ; survey:hasSurveyOrigin ?origin ; survey:totalDemand ?demand . ?origin a survey:Tier1_Survey . } GROUP BY ?surveyGroup ORDER BY ?surveyGroup",,
EFFKGQA0417,Which survey group has the highest self-driving development?,autonomous_driving,llm_or_ranking,llm_ranking,llm_ranking,infineon,1,4,0,,,Answer: No results returned for the given query.,selected_best_executable_candidate,"SELECT ?surveyType (AVG(?pct) AS ?avgPct) WHERE { VALUES (?surveyClass ?surveyType) { (survey:OEM_Survey 'OEM') (survey:Tier1_Survey 'Tier1') (survey:Semiconductor_Survey 'Semiconductor') } ?devClass a ?devType ; survey:hasSurveyOrigin ?origin ; survey:hasDetail ?entry . ?origin a ?surveyClass . FILTER(?devType IN (survey:AutonomousDrivingDevelopment_OEM, survey:AutonomousDrivingDevelopment_Tier1)) ?entry a survey:AutonomousDrivingDevelopment ; survey:hasPercentage ?pct . } GROUP BY ?surveyType ORDER BY DESC(?avgPct) LIMIT 1",,
EFFKGQA0418,Summarize order cancellation responses across technology category.,order_cancellation,llm_or_ranking,direct_graph_supported,auto_answer,capability_inventory,0,1,5,,"[{""participantCount"": ""3"", ""technologyCategory"": ""OrderCancellationChange_Semi_10nm_to_lt28nm""}, {""participantCount"": ""3"", ""technologyCategory"": ""OrderCancellationChange_Semi_180nm_or_greater""}, {""participantCount"": ""3"", ""technologyCategory"": ""OrderCancellationChange_Semi_28nm_to_lt45nm""}, {""participantCount"": ""3"", ""technologyCategory"": ""OrderCancellationChange_Semi_55nm_to_180nm""}, {""participantCount"": ""3"", ""technologyCategory"": ""OrderCancellationChange_Semi_lt%3D_7nm""}]","Answer: The query returned 5 row(s). Results: technology category: OrderCancellationChange_Semi_10nm_to_lt28nm, participant count: 3; technology category: OrderCancellationChange_Semi_180nm_or_greater, participant count: 3; technology category: OrderCancellationChange_Semi_28nm_to_lt45nm, participant count: 3; technology category: OrderCancellationChange_Semi_55nm_to_180nm, participant count: 3; technology category: OrderCancellationChange_Semi_lt%3D_7nm, participant count: 3.",,"SELECT ?technologyCategory (SUM(?participants) AS ?participantCount) WHERE { ?entry a survey:OrderCancellation ; survey:forTechnologyCategory ?technology ; survey:participantCount ?participants . BIND(REPLACE(STR(?technology), ""^.*/"", """") AS ?technologyCategory) } GROUP BY ?technologyCategory ORDER BY ?technologyCategory",,
EFFKGQA0419,How is future demand distributed by region?,future_demand,direct_capability,direct_graph_supported,auto_answer,capability_inventory,0,1,5,,"[{""avgPercentageChange"": ""1993696.795238095238095238095238"", ""regionName"": ""Americas""}, {""avgPercentageChange"": ""1092445.9"", ""regionName"": ""Asia Pacific/All Other""}, {""avgPercentageChange"": ""2386112.016666666666666666666667"", ""regionName"": ""Asia Pacific/China""}, {""avgPercentageChange"": ""1491199.795238095238095238095238"", ""regionName"": ""Europe""}, {""avgPercentageChange"": ""369089.207142857142857142857143"", ""regionName"": ""Japan""}]","Answer: The query returned 5 row(s). Results: region name: Americas, avg percentage change: 1993696.795238095238095238095238; region name: Asia Pacific/All Other, avg percentage change: 1092445.9; region name: Asia Pacific/China, avg percentage change: 2386112.016666666666666666666667; region name: Europe, avg percentage change: 1491199.795238095238095238095238; region name: Japan, avg percentage change: 369089.207142857142857142857143.",,SELECT ?regionName (AVG(?pct) AS ?avgPercentageChange) WHERE { ?entry a survey:DemandForRegion ; survey:inRegion ?region ; survey:totalDemandPercentageChange ?pct . ?region survey:regionName ?regionName . } GROUP BY ?regionName ORDER BY ?regionName,,
EFFKGQA0420,Return shortage status grouped by survey group.,shortage,llm_or_ranking,direct_graph_supported,auto_answer,capability_inventory,0,1,6,,"[{""companyCount"": ""1"", ""shortageStatus"": ""no"", ""surveyGroup"": ""OEM""}, {""companyCount"": ""2"", ""shortageStatus"": ""yes"", ""surveyGroup"": ""OEM""}, {""companyCount"": ""1"", ""shortageStatus"": ""no"", ""surveyGroup"": ""Semiconductor""}, {""companyCount"": ""2"", ""shortageStatus"": ""yes"", ""surveyGroup"": ""Semiconductor""}, {""companyCount"": ""1"", ""shortageStatus"": ""no"", ""surveyGroup"": ""Tier1""}, {""companyCount"": ""2"", ""shortageStatus"": ""yes"", ""surveyGroup"": ""Tier1""}]","Answer: The query returned 6 row(s). Results: survey group: OEM, shortage status: no, company count: 1; survey group: OEM, shortage status: yes, company count: 2; survey group: Semiconductor, shortage status: no, company count: 1; survey group: Semiconductor, shortage status: yes, company count: 2; survey group: Tier1, shortage status: no, company count: 1; survey group: Tier1, shortage status: yes, company count: 2.",,"SELECT ?surveyGroup ?shortageStatus (COUNT(?company) AS ?companyCount) WHERE { VALUES (?surveyClass ?surveyGroup) { (survey:OEM_Survey ""OEM"") (survey:Tier1_Survey ""Tier1"") (survey:Semiconductor_Survey ""Semiconductor"") } ?company a survey:Company ; survey:hasSurveyOrigin ?origin ; survey:reportsShortage ?shortage . ?origin a ?surveyClass . BIND(IF(?shortage = true, ""yes"", ""no"") AS ?shortageStatus) } GROUP BY ?surveyGroup ?shortageStatus ORDER BY ?surveyGroup ?shortageStatus",,
EFFKGQA0421,How does total demand vary by survey group?,regional_demand,llm_or_ranking,llm_ranking,llm_ranking,validated_retrieval,1,11,5,,"[{""regionName"": ""Americas"", ""totalDemand"": ""30.0""}, {""regionName"": ""Europe"", ""totalDemand"": ""30.0""}, {""regionName"": ""Asia Pacific/China"", ""totalDemand"": ""15.0""}, {""regionName"": ""Japan"", ""totalDemand"": ""15.0""}, {""regionName"": ""Asia Pacific/All Other"", ""totalDemand"": ""10.0""}]","Answer: Regional demand returned 5 grouped row(s). Groups: region name: Americas, total demand: 30.0; region name: Europe, total demand: 30.0; region name: China, total demand: 15.0; region name: Japan, total demand: 15.0; region name: All Other, total demand: 10.0.",selected_best_executable_candidate,SELECT ?regionName (SUM(?units) AS ?totalDemand) WHERE { ?d a survey:DemandForRegion ; survey:hasSurveyOrigin ?o ; survey:inRegion ?r ; survey:totalDemand ?units . ?o a survey:Tier1_Survey . ?r survey:regionName ?regionName . } GROUP BY ?regionName ORDER BY DESC(?totalDemand),,
EFFKGQA0422,Summarize autonomous driving percentage by SAE level.,autonomous_driving,llm_or_ranking,direct_graph_supported,auto_answer,capability_inventory,0,1,5,,"[{""avgPercentage"": ""42.0"", ""saeLevel"": ""SAE_Level_1""}, {""avgPercentage"": ""52.0"", ""saeLevel"": ""SAE_Level_2""}, {""avgPercentage"": ""62.0"", ""saeLevel"": ""SAE_Level_3""}, {""avgPercentage"": ""72.0"", ""saeLevel"": ""SAE_Level_4""}, {""avgPercentage"": ""82.0"", ""saeLevel"": ""SAE_Level_5""}]","Answer: The query returned 5 row(s). Results: sae level: SAE_Level_1, avg percentage: 42.0; sae level: SAE_Level_2, avg percentage: 52.0; sae level: SAE_Level_3, avg percentage: 62.0; sae level: SAE_Level_4, avg percentage: 72.0; sae level: SAE_Level_5, avg percentage: 82.0.",,"SELECT ?saeLevel (AVG(?pct) AS ?avgPercentage) WHERE { ?entry a survey:AutonomousDrivingDevelopment ; survey:hasSAELevel ?sae ; survey:hasPercentage ?pct . BIND(REPLACE(STR(?sae), ""^.*/"", """") AS ?saeLevel) } GROUP BY ?saeLevel ORDER BY ?saeLevel",,
EFFKGQA0423,"Using the True Demand KG, use the graph to show OEM current demand by quarter?",regional_demand,llm_or_ranking,llm_ranking,llm_ranking,infineon,1,5,0,,,Answer: No results returned for the given query.,selected_best_executable_candidate,"SELECT ?quarterLabel (SUM(?currentDemand) AS ?totalCurrentDemand) WHERE { ?root a survey:CurrentDemandAnalysis ; survey:hasSurveyOrigin survey:OEM_Survey ; survey:hasAggregatedResult ?entry . ?entry survey:forTimePeriod ?quarter ; survey:currentDemand ?currentDemand . ?quarter a survey:Quarter . BIND(REPLACE(STR(?quarter), '^.*/', '') AS ?quarterLabel) } GROUP BY ?quarterLabel ORDER BY ?quarterLabel",,
EFFKGQA0424,"From the graph, how does regional demand vary by quarter?",regional_demand,llm_or_ranking,direct_graph_supported,auto_answer,capability_inventory,0,1,15,,"[{""regionName"": ""Americas"", ""surveyGroup"": ""OEM"", ""totalDemand"": ""67744458.0""}, {""regionName"": ""Asia Pacific/All Other"", ""surveyGroup"": ""OEM"", ""totalDemand"": ""37293303.0""}, {""regionName"": ""Asia Pacific/China"", ""surveyGroup"": ""OEM"", ""totalDemand"": ""77885298.0""}, {""regionName"": ""Europe"", ""surveyGroup"": ""OEM"", ""totalDemand"": ""51729003.0""}, {""regionName"": ""Japan"", ""surveyGroup"": ""OEM"", ""totalDemand"": ""14117148.0""}, {""regionName"": ""Americas"", ""surveyGroup"": ""Semiconductor"", ""totalDemand"": ""35.0""}, {""regionName"": ""Asia Pacific/All Other"", ""surveyGroup"": ""Semiconductor"", ""totalDemand"": ""10.0""}, {""regionName"": ""Asia Pacific/China"", ""surveyGroup"": ""Semiconductor"", ""totalDemand"": ""20.0""}, {""regionN...","Answer: Regional demand returned 15 grouped row(s). First groups: survey group: OEM, region name: Americas, total demand: 67744458.0; survey group: OEM, region name: All Other, total demand: 37293303.0; survey group: OEM, region name: China, total demand: 77885298.0; survey group: OEM, region name: Europe, total demand: 51729003.0; survey group: OEM, region name: Japan, total demand: 14117148.0; survey group: Semiconductor, region name: Americas, total demand: 35.0; survey group: Semiconductor, region name: All Other, total demand: 10.0; survey group: Semiconductor, region name: China, total demand: 20.0.",,"SELECT ?surveyGroup ?regionName (SUM(?demand) AS ?totalDemand) WHERE { VALUES (?surveyClass ?surveyGroup) { (survey:OEM_Survey ""OEM"") (survey:Tier1_Survey ""Tier1"") (survey:Semiconductor_Survey ""Semiconductor"") } ?entry a survey:DemandForRegion ; survey:hasSurveyOrigin ?origin ; survey:inRegion ?region ; survey:totalDemand ?demand . ?origin a ?surveyClass . ?region survey:regionName ?regionName . } GROUP BY ?surveyGroup ?regionName ORDER BY ?surveyGroup ?regionName",,
EFFKGQA0425,Count cancellation behavior for each response type.,order_cancellation,llm_or_ranking,llm_ranking,llm_ranking,infineon,1,5,3,,"[{""count"": ""10"", ""responseType"": ""Decrease""}, {""count"": ""10"", ""responseType"": ""Increase""}, {""count"": ""10"", ""responseType"": ""Stable""}]","Answer: The query returned 3 row(s). Results: response type: Decrease, count: 10; response type: Increase, count: 10; response type: Stable, count: 10.",kept_selected_nonempty,SELECT ?responseType (COUNT(?entry) AS ?count) WHERE { ?entry a survey:OrderCancellation ; survey:hasResponseType ?responseType . } GROUP BY ?responseType ORDER BY ?responseType,,
EFFKGQA0426,Which year has the highest actual vehicle sales?,vehicle_sales,llm_or_ranking,direct_graph_supported,auto_answer,capability_inventory,0,1,1,,"[{""unitsSold"": ""86125479"", ""year"": ""2023""}]","Answer: The query returned 1 row(s). Results: year: 2023, units sold: 86125479.",,"SELECT ?year (SUM(?units) AS ?unitsSold) WHERE { ?obs a survey:VehicleSalesObservation ; survey:isActualData true ; survey:forTimePeriod ?month ; survey:unitsSold ?units . OPTIONAL { ?month survey:periodLabel ?periodLabel . } BIND(COALESCE(?periodLabel, REPLACE(STR(?month), ""^.*/"", """")) AS ?label) BIND(REPLACE(STR(?label), ""^.*(20[0-9]{2}).*$"", ""$1"") AS ?year) } GROUP BY ?year ORDER BY ?year",,
EFFKGQA0427,Compare cancellation participant counts by response type.,order_cancellation,llm_or_ranking,llm_ranking,llm_ranking,infineon,1,5,3,,"[{""participantCount"": ""5"", ""responseType"": ""Decrease""}, {""participantCount"": ""5"", ""responseType"": ""Increase""}, {""participantCount"": ""5"", ""responseType"": ""Stable""}]",Answer: Order-cancellation results returned 3 row(s). The largest returned participant count is Decrease with 5.,kept_selected_nonempty,SELECT ?responseType (SUM(?participants) AS ?participantCount) WHERE { ?entry a survey:OrderCancellation ; survey:hasResponseType ?responseType ; survey:participantCount ?participants . } GROUP BY ?responseType ORDER BY ?responseType,,
EFFKGQA0428,Show the average future demand change for every vehicle type.,future_demand,direct_capability,direct_graph_supported,auto_answer,capability_inventory,0,1,3,,"[{""avgPercentageChange"": ""1.505"", ""vehicleType"": ""BEHV""}, {""avgPercentageChange"": ""4.74375"", ""vehicleType"": ""BEV""}, {""avgPercentageChange"": ""0.845"", ""vehicleType"": ""ICE""}]","Answer: The query returned 3 row(s). Results: vehicle type: BEHV, avg percentage change: 1.505; vehicle type: BEV, avg percentage change: 4.74375; vehicle type: ICE, avg percentage change: 0.845.",,"SELECT ?vehicleType (AVG(?pct) AS ?avgPercentageChange) WHERE { ?entry a survey:FutureDemandAnalysis ; survey:analyzesVehicleType ?vehicle ; survey:percentageChange ?pct . BIND(REPLACE(STR(?vehicle), ""^.*/"", """") AS ?vehicleType) } GROUP BY ?vehicleType ORDER BY ?vehicleType",,
EFFKGQA0429,"For future demand, show the result by region.",future_demand,direct_capability,direct_graph_supported,auto_answer,capability_inventory,0,1,5,,"[{""avgPercentageChange"": ""1993696.795238095238095238095238"", ""regionName"": ""Americas""}, {""avgPercentageChange"": ""1092445.9"", ""regionName"": ""Asia Pacific/All Other""}, {""avgPercentageChange"": ""2386112.016666666666666666666667"", ""regionName"": ""Asia Pacific/China""}, {""avgPercentageChange"": ""1491199.795238095238095238095238"", ""regionName"": ""Europe""}, {""avgPercentageChange"": ""369089.207142857142857142857143"", ""regionName"": ""Japan""}]","Answer: The query returned 5 row(s). Results: region name: Americas, avg percentage change: 1993696.795238095238095238095238; region name: Asia Pacific/All Other, avg percentage change: 1092445.9; region name: Asia Pacific/China, avg percentage change: 2386112.016666666666666666666667; region name: Europe, avg percentage change: 1491199.795238095238095238095238; region name: Japan, avg percentage change: 369089.207142857142857142857143.",,SELECT ?regionName (AVG(?pct) AS ?avgPercentageChange) WHERE { ?entry a survey:DemandForRegion ; survey:inRegion ?region ; survey:totalDemandPercentageChange ?pct . ?region survey:regionName ?regionName . } GROUP BY ?regionName ORDER BY ?regionName,,
EFFKGQA0430,"For the survey data, give me current demand grouped by quarter?",regional_demand,llm_or_ranking,llm_ranking,llm_ranking,infineon,1,5,0,,,Answer: No results returned for the given query.,selected_best_executable_candidate,"SELECT ?quarterLabel (SUM(?currentDemand) AS ?totalCurrentDemand) WHERE { ?entry a survey:CurrentDemandAnalysis ; survey:forTimePeriod ?quarter ; survey:currentDemand ?currentDemand . ?quarter a survey:Quarter . BIND(REPLACE(STR(?quarter), '^.*/', '') AS ?quarterLabel) } GROUP BY ?quarterLabel ORDER BY ?quarterLabel",,
EFFKGQA0431,"Using the True Demand KG, show the average future demand change for every technology category?",future_demand,direct_capability,direct_graph_supported,auto_answer,capability_inventory,0,1,5,,"[{""avgPercentageChange"": ""12.24875"", ""technologyCategory"": ""TechCategory_%3C%3D_7nm""}, {""avgPercentageChange"": ""3.7225"", ""technologyCategory"": ""TechCategory_10nm_to_%3C28nm""}, {""avgPercentageChange"": ""36.1225"", ""technologyCategory"": ""TechCategory_180nm_or_greater""}, {""avgPercentageChange"": ""12.375"", ""technologyCategory"": ""TechCategory_28nm_to_%3C45nm""}, {""avgPercentageChange"": ""2.9525"", ""technologyCategory"": ""TechCategory_55nm_to_180nm""}]","Answer: The query returned 5 row(s). Results: technology category: TechCategory_%3C%3D_7nm, avg percentage change: 12.24875; technology category: TechCategory_10nm_to_%3C28nm, avg percentage change: 3.7225; technology category: TechCategory_180nm_or_greater, avg percentage change: 36.1225; technology category: TechCategory_28nm_to_%3C45nm, avg percentage change: 12.375; technology category: TechCategory_55nm_to_180nm, avg percentage change: 2.9525.",,"SELECT ?technologyCategory (AVG(?pct) AS ?avgPercentageChange) WHERE { ?entry a survey:FutureDemandAnalysis ; survey:analyzesTechnologyCategory ?technology ; survey:percentageChange ?pct . OPTIONAL { ?technology survey:technologyCategoryName ?technologyName . } BIND(COALESCE(?technologyName, REPLACE(STR(?technology), ""^.*/"", """")) AS ?technologyCategory) } GROUP BY ?technologyCategory ORDER BY ?technologyCategory",,
EFFKGQA0432,Which vehicle type has the highest forecast vehicle sales?,vehicle_sales,llm_or_ranking,llm_ranking,llm_ranking,validated_retrieval,1,2,1,,"[{""monthLabel"": ""time_Dec_2024"", ""totalUnits"": ""8544327""}]","Answer: The query returned 1 row(s). Results: month label: time_Dec_2024, total units: 8544327.",switched_to_nonempty_candidate,"SELECT ?monthLabel (SUM(?units) AS ?totalUnits) WHERE { ?obs a survey:VehicleSalesObservation ; survey:isForecastData true ; survey:forTimePeriod ?month ; survey:unitsSold ?units . BIND(REPLACE(STR(?month), '^.*/', '') AS ?monthLabel) } GROUP BY ?monthLabel ORDER BY DESC(?totalUnits) LIMIT 1",,
EFFKGQA0433,Please show regional demand by region?,regional_demand,llm_or_ranking,direct_graph_supported,auto_answer,capability_inventory,0,1,15,,"[{""regionName"": ""Americas"", ""surveyGroup"": ""OEM"", ""totalDemand"": ""67744458.0""}, {""regionName"": ""Asia Pacific/All Other"", ""surveyGroup"": ""OEM"", ""totalDemand"": ""37293303.0""}, {""regionName"": ""Asia Pacific/China"", ""surveyGroup"": ""OEM"", ""totalDemand"": ""77885298.0""}, {""regionName"": ""Europe"", ""surveyGroup"": ""OEM"", ""totalDemand"": ""51729003.0""}, {""regionName"": ""Japan"", ""surveyGroup"": ""OEM"", ""totalDemand"": ""14117148.0""}, {""regionName"": ""Americas"", ""surveyGroup"": ""Semiconductor"", ""totalDemand"": ""35.0""}, {""regionName"": ""Asia Pacific/All Other"", ""surveyGroup"": ""Semiconductor"", ""totalDemand"": ""10.0""}, {""regionName"": ""Asia Pacific/China"", ""surveyGroup"": ""Semiconductor"", ""totalDemand"": ""20.0""}, {""regionN...","Answer: Regional demand returned 15 grouped row(s). First groups: survey group: OEM, region name: Americas, total demand: 67744458.0; survey group: OEM, region name: All Other, total demand: 37293303.0; survey group: OEM, region name: China, total demand: 77885298.0; survey group: OEM, region name: Europe, total demand: 51729003.0; survey group: OEM, region name: Japan, total demand: 14117148.0; survey group: Semiconductor, region name: Americas, total demand: 35.0; survey group: Semiconductor, region name: All Other, total demand: 10.0; survey group: Semiconductor, region name: China, total demand: 20.0.",,"SELECT ?surveyGroup ?regionName (SUM(?demand) AS ?totalDemand) WHERE { VALUES (?surveyClass ?surveyGroup) { (survey:OEM_Survey ""OEM"") (survey:Tier1_Survey ""Tier1"") (survey:Semiconductor_Survey ""Semiconductor"") } ?entry a survey:DemandForRegion ; survey:hasSurveyOrigin ?origin ; survey:inRegion ?region ; survey:totalDemand ?demand . ?origin a ?surveyClass . ?region survey:regionName ?regionName . } GROUP BY ?surveyGroup ?regionName ORDER BY ?surveyGroup ?regionName",,
EFFKGQA0434,Compare sales volume across vehicle type.,vehicle_sales,llm_or_ranking,llm_ranking,llm_ranking,infineon,1,5,0,,,Answer: No results returned for the given query.,selected_best_executable_candidate,"SELECT ?vehicleType (SUM(?unitsSold) AS ?totalSales) WHERE { ?obs a survey:VehicleSalesObservation ; survey:hasVehicleType ?vehicle ; survey:unitsSold ?unitsSold . BIND(REPLACE(STR(?vehicle), '^.*/', '') AS ?vehicleType) } GROUP BY ?vehicleType ORDER BY DESC(?totalSales)",,
EFFKGQA0435,What is the total number of forecast vehicle sales for each time period?,vehicle_sales,llm_or_ranking,llm_ranking,llm_ranking,validated_retrieval,1,5,2,,"[{""dataType"": ""actual"", ""observationCount"": ""21811""}, {""dataType"": ""forecast"", ""observationCount"": ""73048""}]","Answer: The query returned 2 row(s). Results: data type: actual, observation count: 21811; data type: forecast, observation count: 73048.",kept_selected_nonempty,"SELECT ?dataType (COUNT(?obs) AS ?observationCount) WHERE { ?obs a survey:VehicleSalesObservation . OPTIONAL { ?obs survey:isActualData ?actual . } OPTIONAL { ?obs survey:isForecastData ?forecast . } BIND(IF(BOUND(?actual) && ?actual = true, 'actual', IF(BOUND(?forecast) && ?forecast = true, 'forecast', 'unknown')) AS ?dataType) } GROUP BY ?dataType ORDER BY ?dataType",,
EFFKGQA0436,Return cancellation participant counts grouped by response type.,order_cancellation,llm_or_ranking,llm_ranking,llm_ranking,validated_retrieval,1,5,15,,"[{""responseType"": ""Decrease"", ""responses"": ""1"", ""tech"": ""OrderCancellationChange_Semi_10nm_to_lt28nm""}, {""responseType"": ""Increase"", ""responses"": ""2"", ""tech"": ""OrderCancellationChange_Semi_10nm_to_lt28nm""}, {""responseType"": ""Stable"", ""responses"": ""0"", ""tech"": ""OrderCancellationChange_Semi_10nm_to_lt28nm""}, {""responseType"": ""Decrease"", ""responses"": ""2"", ""tech"": ""OrderCancellationChange_Semi_180nm_or_greater""}, {""responseType"": ""Increase"", ""responses"": ""0"", ""tech"": ""OrderCancellationChange_Semi_180nm_or_greater""}, {""responseType"": ""Stable"", ""responses"": ""1"", ""tech"": ""OrderCancellationChange_Semi_180nm_or_greater""}, {""responseType"": ""Decrease"", ""responses"": ""1"", ""tech"": ""OrderCancellationCha...",Answer: Order-cancellation results returned 15 row(s). The largest returned responses is Increase for OrderCancellationChange Semi 10nm to <28nm with 2.,switched_to_nonempty_candidate,SELECT ?tech ?responseType (SUM(xsd:integer(?cnt)) AS ?responses) WHERE { ?oc a survey:OrderCancellation ; survey:forTechnologyCategory ?tech ; survey:hasResponseType ?responseType ; survey:participantCount ?cnt . } GROUP BY ?tech ?responseType ORDER BY ?tech ?responseType,,
EFFKGQA0437,Please analyze future demand change per region?,future_demand,direct_capability,direct_graph_supported,auto_answer,capability_inventory,0,1,5,,"[{""avgPercentageChange"": ""1993696.795238095238095238095238"", ""regionName"": ""Americas""}, {""avgPercentageChange"": ""1092445.9"", ""regionName"": ""Asia Pacific/All Other""}, {""avgPercentageChange"": ""2386112.016666666666666666666667"", ""regionName"": ""Asia Pacific/China""}, {""avgPercentageChange"": ""1491199.795238095238095238095238"", ""regionName"": ""Europe""}, {""avgPercentageChange"": ""369089.207142857142857142857143"", ""regionName"": ""Japan""}]","Answer: The query returned 5 row(s). Results: region name: Americas, avg percentage change: 1993696.795238095238095238095238; region name: Asia Pacific/All Other, avg percentage change: 1092445.9; region name: Asia Pacific/China, avg percentage change: 2386112.016666666666666666666667; region name: Europe, avg percentage change: 1491199.795238095238095238095238; region name: Japan, avg percentage change: 369089.207142857142857142857143.",,SELECT ?regionName (AVG(?pct) AS ?avgPercentageChange) WHERE { ?entry a survey:DemandForRegion ; survey:inRegion ?region ; survey:totalDemandPercentageChange ?pct . ?region survey:regionName ?regionName . } GROUP BY ?regionName ORDER BY ?regionName,,
EFFKGQA0438,Show sales volume by time period.,vehicle_sales,llm_or_ranking,llm_ranking,llm_ranking,infineon,1,5,2,,"[{""timePeriodLabel"": ""2023"", ""totalSales"": ""107593.510433861375""}, {""timePeriodLabel"": ""2024"", ""totalSales"": ""98059.485708469718""}]","Answer: The query returned 2 row(s). Results: time period label: 2023, total sales: 107593.510433861375; time period label: 2024, total sales: 98059.485708469718.",kept_selected_nonempty,"SELECT ?timePeriodLabel (SUM(?sales) AS ?totalSales) WHERE { ?obs a survey:YearlySalesData ; survey:forYear ?timePeriod ; survey:yearlySales ?sales . BIND(REPLACE(STR(?timePeriod), '^.*/', '') AS ?timePeriodLabel) } GROUP BY ?timePeriodLabel ORDER BY ?timePeriodLabel",,
EFFKGQA0439,Please give me future demand change grouped by quarter?,future_demand,direct_capability,direct_graph_supported,auto_answer,capability_inventory,0,1,8,,"[{""avgPercentageChange"": ""12.44380952380952380952381"", ""quarterLabel"": ""Current Quarter""}, {""avgPercentageChange"": ""9.510000000000000038461538"", ""quarterLabel"": ""Q1 2026""}, {""avgPercentageChange"": ""26.356153846153846153846154"", ""quarterLabel"": ""Q2 2025""}, {""avgPercentageChange"": ""7.285384615384615384615385"", ""quarterLabel"": ""Q2 2026""}, {""avgPercentageChange"": ""5.861923076923076923076923"", ""quarterLabel"": ""Q3 2025""}, {""avgPercentageChange"": ""8.775384615384615384615385"", ""quarterLabel"": ""Q3 2026""}, {""avgPercentageChange"": ""15.195769230769230807692308"", ""quarterLabel"": ""Q4 2025""}, {""avgPercentageChange"": ""8.727307692307692307692308"", ""quarterLabel"": ""Q4 2026""}]","Answer: The query returned 8 row(s). Results: quarter label: Current Quarter, avg percentage change: 12.44380952380952380952381; quarter label: Q1 2026, avg percentage change: 9.510000000000000038461538; quarter label: Q2 2025, avg percentage change: 26.356153846153846153846154; quarter label: Q2 2026, avg percentage change: 7.285384615384615384615385; quarter label: Q3 2025, avg percentage change: 5.861923076923076923076923; quarter label: Q3 2026, avg percentage change: 8.775384615384615384615385; quarter label: Q4 2025, avg percentage change: 15.195769230769230807692308; quarter label: Q4 2026, avg percentage change: 8.727307692307692307692308.",,SELECT ?quarterLabel (AVG(?pct) AS ?avgPercentageChange) WHERE { ?entry a survey:FutureDemandAnalysis ; survey:forTimePeriod ?quarter ; survey:percentageChange ?pct . ?quarter survey:periodLabel ?quarterLabel . } GROUP BY ?quarterLabel ORDER BY ?quarterLabel,,
EFFKGQA0440,Return a breakdown of semiconductor current demand by survey group.,regional_demand,llm_or_ranking,direct_graph_supported,auto_answer,capability_inventory,0,1,1,,"[{""surveyGroup"": ""Semiconductor"", ""totalDemand"": ""100.0""}]","Answer: The query returned 1 row(s). Results: survey group: Semiconductor, total demand: 100.0.",,"SELECT ?surveyGroup (SUM(?demand) AS ?totalDemand) WHERE { BIND(""Semiconductor"" AS ?surveyGroup) ?entry a survey:DemandForRegion ; survey:hasSurveyOrigin ?origin ; survey:totalDemand ?demand . ?origin a survey:Semiconductor_Survey . } GROUP BY ?surveyGroup ORDER BY ?surveyGroup",,
EFFKGQA0441,Return vehicles sold grouped by vehicle type.,vehicle_sales,llm_or_ranking,llm_ranking,llm_ranking,infineon,1,5,0,,,Answer: No results returned for the given query.,selected_best_executable_candidate,"SELECT ?vehicleType (SUM(?unitsSold) AS ?totalSold) WHERE { ?obs a survey:VehicleSalesObservation ; survey:hasVehicleType ?vehicle ; survey:unitsSold ?unitsSold . BIND(REPLACE(STR(?vehicle), '^.*/', '') AS ?vehicleType) } GROUP BY ?vehicleType ORDER BY DESC(?totalSold)",,
EFFKGQA0442,Summarize autonomous driving development by year.,autonomous_driving,llm_or_ranking,direct_graph_supported,auto_answer,capability_inventory,0,1,3,,"[{""avgPercentage"": ""42.0"", ""year"": ""2025""}, {""avgPercentage"": ""62.0"", ""year"": ""2026""}, {""avgPercentage"": ""82.0"", ""year"": ""2027""}]","Answer: The query returned 3 row(s). Results: year: 2025, avg percentage: 42.0; year: 2026, avg percentage: 62.0; year: 2027, avg percentage: 82.0.",,SELECT ?year (AVG(?pct) AS ?avgPercentage) WHERE { ?entry a survey:AutonomousDrivingDevelopment ; survey:hasYear ?year ; survey:hasPercentage ?pct . } GROUP BY ?year ORDER BY ?year,,
EFFKGQA0443,Return the future demand analysis by region.,future_demand,direct_capability,direct_graph_supported,auto_answer,capability_inventory,0,1,5,,"[{""avgPercentageChange"": ""1993696.795238095238095238095238"", ""regionName"": ""Americas""}, {""avgPercentageChange"": ""1092445.9"", ""regionName"": ""Asia Pacific/All Other""}, {""avgPercentageChange"": ""2386112.016666666666666666666667"", ""regionName"": ""Asia Pacific/China""}, {""avgPercentageChange"": ""1491199.795238095238095238095238"", ""regionName"": ""Europe""}, {""avgPercentageChange"": ""369089.207142857142857142857143"", ""regionName"": ""Japan""}]","Answer: The query returned 5 row(s). Results: region name: Americas, avg percentage change: 1993696.795238095238095238095238; region name: Asia Pacific/All Other, avg percentage change: 1092445.9; region name: Asia Pacific/China, avg percentage change: 2386112.016666666666666666666667; region name: Europe, avg percentage change: 1491199.795238095238095238095238; region name: Japan, avg percentage change: 369089.207142857142857142857143.",,SELECT ?regionName (AVG(?pct) AS ?avgPercentageChange) WHERE { ?entry a survey:DemandForRegion ; survey:inRegion ?region ; survey:totalDemandPercentageChange ?pct . ?region survey:regionName ?regionName . } GROUP BY ?regionName ORDER BY ?regionName,,
EFFKGQA0444,Give me Tier1 current demand grouped by survey group.,regional_demand,llm_or_ranking,direct_graph_supported,auto_answer,capability_inventory,0,1,1,,"[{""surveyGroup"": ""Tier1"", ""totalDemand"": ""100.0""}]","Answer: The query returned 1 row(s). Results: survey group: Tier1, total demand: 100.0.",,"SELECT ?surveyGroup (SUM(?demand) AS ?totalDemand) WHERE { BIND(""Tier1"" AS ?surveyGroup) ?entry a survey:DemandForRegion ; survey:hasSurveyOrigin ?origin ; survey:totalDemand ?demand . ?origin a survey:Tier1_Survey . } GROUP BY ?surveyGroup ORDER BY ?surveyGroup",,
EFFKGQA0445,Compare sales volume across month.,vehicle_sales,llm_or_ranking,direct_graph_supported,auto_answer,capability_inventory,0,1,48,,"[{""monthLabel"": ""Apr 2023"", ""unitsSold"": ""6425650""}, {""monthLabel"": ""Apr 2024"", ""unitsSold"": ""6818720""}, {""monthLabel"": ""Apr 2025"", ""unitsSold"": ""7260983""}, {""monthLabel"": ""Apr 2026"", ""unitsSold"": ""7009380""}, {""monthLabel"": ""Aug 2023"", ""unitsSold"": ""7057393""}, {""monthLabel"": ""Aug 2024"", ""unitsSold"": ""6837967""}, {""monthLabel"": ""Aug 2025"", ""unitsSold"": ""6966169""}, {""monthLabel"": ""Aug 2026"", ""unitsSold"": ""6967132""}, {""monthLabel"": ""Dec 2023"", ""unitsSold"": ""8093262""}, {""monthLabel"": ""Dec 2024"", ""unitsSold"": ""8544327""}, {""monthLabel"": ""Dec 2025"", ""unitsSold"": ""8455087""}, {""monthLabel"": ""Dec 2026"", ""unitsSold"": ""8482982""}, {""monthLabel"": ""Feb 2023"", ""unitsSold"": ""6176907""}, {""monthLabel"": ""Feb ...","Answer: Vehicle-sales results returned 48 grouped row(s). First groups: month label: Apr 2023, units sold: 6425650; month label: Apr 2024, units sold: 6818720; month label: Apr 2025, units sold: 7260983; month label: Apr 2026, units sold: 7009380; month label: Aug 2023, units sold: 7057393; month label: Aug 2024, units sold: 6837967; month label: Aug 2025, units sold: 6966169; month label: Aug 2026, units sold: 6967132; month label: Dec 2023, units sold: 8093262; month label: Dec 2024, units sold: 8544327; month label: Dec 2025, units sold: 8455087; month label: Dec 2026, units sold: 8482982.",,"SELECT ?monthLabel (SUM(?units) AS ?unitsSold) WHERE { ?obs a survey:VehicleSalesObservation ; survey:forTimePeriod ?month ; survey:unitsSold ?units . OPTIONAL { ?month survey:periodLabel ?periodLabel . } BIND(COALESCE(?periodLabel, REPLACE(STR(?month), ""^.*/"", """")) AS ?monthLabel) } GROUP BY ?monthLabel ORDER BY ?monthLabel",,
EFFKGQA0446,Please return the future demand analysis by vehicle type?,future_demand,direct_capability,direct_graph_supported,auto_answer,capability_inventory,0,1,3,,"[{""avgPercentageChange"": ""1.505"", ""vehicleType"": ""BEHV""}, {""avgPercentageChange"": ""4.74375"", ""vehicleType"": ""BEV""}, {""avgPercentageChange"": ""0.845"", ""vehicleType"": ""ICE""}]","Answer: The query returned 3 row(s). Results: vehicle type: BEHV, avg percentage change: 1.505; vehicle type: BEV, avg percentage change: 4.74375; vehicle type: ICE, avg percentage change: 0.845.",,"SELECT ?vehicleType (AVG(?pct) AS ?avgPercentageChange) WHERE { ?entry a survey:FutureDemandAnalysis ; survey:analyzesVehicleType ?vehicle ; survey:percentageChange ?pct . BIND(REPLACE(STR(?vehicle), ""^.*/"", """") AS ?vehicleType) } GROUP BY ?vehicleType ORDER BY ?vehicleType",,
EFFKGQA0447,Return a breakdown of current demand by vehicle type.,regional_demand,llm_or_ranking,llm_ranking,llm_ranking,validated_retrieval,1,5,3,,"[{""pct"": ""-0.36"", ""vehicle"": ""BEV""}, {""pct"": ""3.77"", ""vehicle"": ""BEHV""}, {""pct"": ""4.59"", ""vehicle"": ""ICE""}]","Answer: The query returned 3 row(s). Results: vehicle: BEV, pct: -0.36; vehicle: BEHV, pct: 3.77; vehicle: ICE, pct: 4.59.",selected_best_executable_candidate,"SELECT ?vehicle ?pct WHERE { ?agg a survey:AggregatedDemand ; survey:hasSurveyOrigin survey:OEM_Survey_Instance ; survey:isAggregatedResult true ; survey:forVehicleType ?veh ; survey:percentageChange ?pct . BIND( IF(?veh = survey:BEV, ""BEV"", IF(?veh = survey:BEHV, ""BEHV"", IF(?veh = survey:ICE, ""ICE"", """") ) ) AS ?vehicle ) FILTER(?vehicle != """") BIND( IF(?vehicle = ""BEV"", 1, IF(?vehicle = ""BEHV"", 2, IF(?vehicle = ""ICE"", 3, 4) ) ) AS ?ord ) } ORDER BY ?ord",,
EFFKGQA0448,Return cancellation participant counts grouped by technology category.,order_cancellation,llm_or_ranking,llm_ranking,llm_ranking,validated_retrieval,1,10,15,,"[{""responseType"": ""Decrease"", ""responses"": ""1"", ""tech"": ""OrderCancellationChange_Semi_10nm_to_lt28nm""}, {""responseType"": ""Increase"", ""responses"": ""2"", ""tech"": ""OrderCancellationChange_Semi_10nm_to_lt28nm""}, {""responseType"": ""Stable"", ""responses"": ""0"", ""tech"": ""OrderCancellationChange_Semi_10nm_to_lt28nm""}, {""responseType"": ""Decrease"", ""responses"": ""2"", ""tech"": ""OrderCancellationChange_Semi_180nm_or_greater""}, {""responseType"": ""Increase"", ""responses"": ""0"", ""tech"": ""OrderCancellationChange_Semi_180nm_or_greater""}, {""responseType"": ""Stable"", ""responses"": ""1"", ""tech"": ""OrderCancellationChange_Semi_180nm_or_greater""}, {""responseType"": ""Decrease"", ""responses"": ""1"", ""tech"": ""OrderCancellationCha...",Answer: Order-cancellation results returned 15 row(s). The largest returned responses is Increase for OrderCancellationChange Semi 10nm to <28nm with 2.,selected_best_executable_candidate,SELECT ?tech ?responseType (SUM(xsd:integer(?cnt)) AS ?responses) WHERE { ?oc a survey:OrderCancellation ; survey:forTechnologyCategory ?tech ; survey:hasResponseType ?responseType ; survey:participantCount ?cnt . } GROUP BY ?tech ?responseType ORDER BY ?tech ?responseType,,
EFFKGQA0449,"Using the True Demand KG, return a breakdown of semiconductor current demand by vehicle type?",regional_demand,llm_or_ranking,llm_ranking,llm_ranking,infineon,1,5,0,,,Answer: No results returned for the given query.,selected_best_executable_candidate,"SELECT ?vehicleType (SUM(?currentDemand) AS ?totalCurrentDemand) WHERE { ?entry a survey:CurrentDemandAnalysis ; survey:hasSurveyOrigin ?origin ; survey:analyzesVehicleType ?vehicle ; survey:currentDemand ?currentDemand . ?origin a survey:Semiconductor_Survey . BIND(REPLACE(STR(?vehicle), '^.*/', '') AS ?vehicleType) } GROUP BY ?vehicleType ORDER BY ?vehicleType",,
EFFKGQA0450,Summarize cancellation participant counts across technology category.,order_cancellation,llm_or_ranking,llm_ranking,llm_ranking,validated_retrieval,1,11,15,,"[{""responseType"": ""Decrease"", ""responses"": ""1"", ""tech"": ""OrderCancellationChange_Semi_10nm_to_lt28nm""}, {""responseType"": ""Increase"", ""responses"": ""2"", ""tech"": ""OrderCancellationChange_Semi_10nm_to_lt28nm""}, {""responseType"": ""Stable"", ""responses"": ""0"", ""tech"": ""OrderCancellationChange_Semi_10nm_to_lt28nm""}, {""responseType"": ""Decrease"", ""responses"": ""2"", ""tech"": ""OrderCancellationChange_Semi_180nm_or_greater""}, {""responseType"": ""Increase"", ""responses"": ""0"", ""tech"": ""OrderCancellationChange_Semi_180nm_or_greater""}, {""responseType"": ""Stable"", ""responses"": ""1"", ""tech"": ""OrderCancellationChange_Semi_180nm_or_greater""}, {""responseType"": ""Decrease"", ""responses"": ""1"", ""tech"": ""OrderCancellationCha...",Answer: Order-cancellation results returned 15 row(s). The largest returned responses is Increase for OrderCancellationChange Semi 10nm to <28nm with 2.,selected_best_executable_candidate,SELECT ?tech ?responseType (SUM(xsd:integer(?cnt)) AS ?responses) WHERE { ?oc a survey:OrderCancellation ; survey:forTechnologyCategory ?tech ; survey:hasResponseType ?responseType ; survey:participantCount ?cnt . } GROUP BY ?tech ?responseType ORDER BY ?tech ?responseType,,
EFFKGQA0451,Summarize vehicle sales units over vehicle type.,vehicle_sales,llm_or_ranking,llm_ranking,llm_ranking,infineon,1,5,0,,,Answer: No results returned for the given query.,selected_best_executable_candidate,"SELECT ?vehicleType (SUM(?unitsSold) AS ?totalUnits) WHERE { ?obs a survey:VehicleSalesObservation ; survey:hasVehicleType ?vehicle ; survey:unitsSold ?unitsSold . BIND(REPLACE(STR(?vehicle), '^.*/', '') AS ?vehicleType) } GROUP BY ?vehicleType ORDER BY DESC(?totalUnits)",,
EFFKGQA0452,Show future demand percentage changes by technology category.,future_demand,direct_capability,direct_graph_supported,auto_answer,capability_inventory,0,1,5,,"[{""avgPercentageChange"": ""12.24875"", ""technologyCategory"": ""TechCategory_%3C%3D_7nm""}, {""avgPercentageChange"": ""3.7225"", ""technologyCategory"": ""TechCategory_10nm_to_%3C28nm""}, {""avgPercentageChange"": ""36.1225"", ""technologyCategory"": ""TechCategory_180nm_or_greater""}, {""avgPercentageChange"": ""12.375"", ""technologyCategory"": ""TechCategory_28nm_to_%3C45nm""}, {""avgPercentageChange"": ""2.9525"", ""technologyCategory"": ""TechCategory_55nm_to_180nm""}]","Answer: The query returned 5 row(s). Results: technology category: TechCategory_%3C%3D_7nm, avg percentage change: 12.24875; technology category: TechCategory_10nm_to_%3C28nm, avg percentage change: 3.7225; technology category: TechCategory_180nm_or_greater, avg percentage change: 36.1225; technology category: TechCategory_28nm_to_%3C45nm, avg percentage change: 12.375; technology category: TechCategory_55nm_to_180nm, avg percentage change: 2.9525.",,"SELECT ?technologyCategory (AVG(?pct) AS ?avgPercentageChange) WHERE { ?entry a survey:FutureDemandAnalysis ; survey:analyzesTechnologyCategory ?technology ; survey:percentageChange ?pct . OPTIONAL { ?technology survey:technologyCategoryName ?technologyName . } BIND(COALESCE(?technologyName, REPLACE(STR(?technology), ""^.*/"", """")) AS ?technologyCategory) } GROUP BY ?technologyCategory ORDER BY ?technologyCategory",,
EFFKGQA0453,"For the survey data, give me Tier1 current demand grouped by vehicle type?",regional_demand,llm_or_ranking,llm_ranking,llm_ranking,infineon,1,5,0,,,Answer: No results returned for the given query.,selected_best_executable_candidate,"SELECT ?vehicleType (SUM(?value) AS ?totalValue) WHERE { survey:Tier1CurrentDemand a survey:CurrentDemandAnalysis ; survey:hasAggregatedResult ?entry . ?entry survey:analyzesVehicleType ?vehicle ; ?p ?value . BIND(REPLACE(STR(?vehicle), '^.*/', '') AS ?vehicleType) FILTER(isNumeric(?value)) } GROUP BY ?vehicleType ORDER BY ?vehicleType",,
EFFKGQA0454,"Using the True Demand KG, give me Tier1 current demand grouped by quarter?",regional_demand,llm_or_ranking,llm_ranking,llm_ranking,infineon,1,5,0,,,Answer: No results returned for the given query.,selected_best_executable_candidate,"SELECT ?quarterLabel (SUM(?pct) AS ?totalDemandChange) WHERE { survey:Tier1CurrentDemand a survey:CurrentDemandAnalysis ; survey:hasAggregatedResult ?entry . ?entry a survey:CurrentDemandAnalysis ; survey:forTimePeriod ?quarter ; survey:percentageChange ?pct . ?quarter a survey:Quarter . BIND(REPLACE(STR(?quarter), '^.*/', '') AS ?quarterLabel) } GROUP BY ?quarterLabel ORDER BY ?quarterLabel",,
EFFKGQA0455,Summarize semiconductor shortage responses across shortage status.,shortage,llm_or_ranking,direct_graph_supported,auto_answer,capability_inventory,0,1,2,,"[{""companyCount"": ""1"", ""shortageStatus"": ""no""}, {""companyCount"": ""2"", ""shortageStatus"": ""yes""}]","Answer: The query returned 2 row(s). Results: shortage status: no, company count: 1; shortage status: yes, company count: 2.",,"SELECT ?shortageStatus (COUNT(?company) AS ?companyCount) WHERE { BIND(""Semiconductor"" AS ?surveyGroup) ?company a survey:Company ; survey:hasSurveyOrigin ?origin ; survey:reportsShortage ?shortage . ?origin a survey:Semiconductor_Survey . BIND(IF(?shortage = true, ""yes"", ""no"") AS ?shortageStatus) } GROUP BY ?shortageStatus ORDER BY ?shortageStatus",,
EFFKGQA0456,How does OEM current demand vary by quarter?,regional_demand,llm_or_ranking,llm_ranking,llm_ranking,infineon,1,5,0,,,Answer: No results returned for the given query.,selected_best_executable_candidate,"SELECT ?quarterLabel (SUM(?currentDemand) AS ?totalCurrentDemand) WHERE { ?root a survey:CurrentDemandAnalysis ; survey:hasSurveyOrigin survey:OEM_Survey ; survey:hasAggregatedResult ?entry . ?entry survey:forTimePeriod ?quarter ; survey:currentDemand ?currentDemand . BIND(REPLACE(STR(?quarter), '^.*/', '') AS ?quarterLabel) } GROUP BY ?quarterLabel ORDER BY ?quarterLabel",,
EFFKGQA0457,Compare self-driving development across SAE level.,autonomous_driving,llm_or_ranking,direct_graph_supported,auto_answer,capability_inventory,0,1,5,,"[{""avgPercentage"": ""42.0"", ""saeLevel"": ""SAE_Level_1""}, {""avgPercentage"": ""52.0"", ""saeLevel"": ""SAE_Level_2""}, {""avgPercentage"": ""62.0"", ""saeLevel"": ""SAE_Level_3""}, {""avgPercentage"": ""72.0"", ""saeLevel"": ""SAE_Level_4""}, {""avgPercentage"": ""82.0"", ""saeLevel"": ""SAE_Level_5""}]","Answer: The query returned 5 row(s). Results: sae level: SAE_Level_1, avg percentage: 42.0; sae level: SAE_Level_2, avg percentage: 52.0; sae level: SAE_Level_3, avg percentage: 62.0; sae level: SAE_Level_4, avg percentage: 72.0; sae level: SAE_Level_5, avg percentage: 82.0.",,"SELECT ?saeLevel (AVG(?pct) AS ?avgPercentage) WHERE { ?entry a survey:AutonomousDrivingDevelopment ; survey:hasSAELevel ?sae ; survey:hasPercentage ?pct . BIND(REPLACE(STR(?sae), ""^.*/"", """") AS ?saeLevel) } GROUP BY ?saeLevel ORDER BY ?saeLevel",,
EFFKGQA0458,What is the total number of vehicles sold for each time period?,vehicle_sales,llm_or_ranking,llm_ranking,llm_ranking,infineon,1,5,48,,"[{""timePeriodLabel"": ""time_Apr_2023"", ""totalVehiclesSold"": ""6425650""}, {""timePeriodLabel"": ""time_Apr_2024"", ""totalVehiclesSold"": ""6818720""}, {""timePeriodLabel"": ""time_Apr_2025"", ""totalVehiclesSold"": ""7260983""}, {""timePeriodLabel"": ""time_Apr_2026"", ""totalVehiclesSold"": ""7009380""}, {""timePeriodLabel"": ""time_Aug_2023"", ""totalVehiclesSold"": ""7057393""}, {""timePeriodLabel"": ""time_Aug_2024"", ""totalVehiclesSold"": ""6837967""}, {""timePeriodLabel"": ""time_Aug_2025"", ""totalVehiclesSold"": ""6966169""}, {""timePeriodLabel"": ""time_Aug_2026"", ""totalVehiclesSold"": ""6967132""}, {""timePeriodLabel"": ""time_Dec_2023"", ""totalVehiclesSold"": ""8093262""}, {""timePeriodLabel"": ""time_Dec_2024"", ""totalVehiclesSold"": ""8544327...","Answer: The query returned 48 row(s). First results: time period label: time_Apr_2023, total vehicles sold: 6425650; time period label: time_Apr_2024, total vehicles sold: 6818720; time period label: time_Apr_2025, total vehicles sold: 7260983; time period label: time_Apr_2026, total vehicles sold: 7009380; time period label: time_Aug_2023, total vehicles sold: 7057393; time period label: time_Aug_2024, total vehicles sold: 6837967; time period label: time_Aug_2025, total vehicles sold: 6966169; time period label: time_Aug_2026, total vehicles sold: 6967132.",selected_best_executable_candidate,"SELECT ?timePeriodLabel (SUM(?unitsSold) AS ?totalVehiclesSold) WHERE { ?obs a survey:VehicleSalesObservation ; survey:forTimePeriod ?timePeriod ; survey:unitsSold ?unitsSold . BIND(REPLACE(STR(?timePeriod), '^.*/', '') AS ?timePeriodLabel) } GROUP BY ?timePeriodLabel ORDER BY ?timePeriodLabel",,
EFFKGQA0459,"Using the True Demand KG, give me OEM current demand grouped by vehicle type?",regional_demand,llm_or_ranking,llm_ranking,llm_ranking,validated_retrieval,1,5,3,,"[{""pct"": ""-0.36"", ""vehicle"": ""BEV""}, {""pct"": ""3.77"", ""vehicle"": ""BEHV""}, {""pct"": ""4.59"", ""vehicle"": ""ICE""}]","Answer: The query returned 3 row(s). Results: vehicle: BEV, pct: -0.36; vehicle: BEHV, pct: 3.77; vehicle: ICE, pct: 4.59.",selected_best_executable_candidate,"SELECT ?vehicle ?pct WHERE { ?agg a survey:AggregatedDemand ; survey:hasSurveyOrigin survey:OEM_Survey_Instance ; survey:isAggregatedResult true ; survey:forVehicleType ?veh ; survey:percentageChange ?pct . BIND( IF(?veh = survey:BEV, ""BEV"", IF(?veh = survey:BEHV, ""BEHV"", IF(?veh = survey:ICE, ""ICE"", """") ) ) AS ?vehicle ) FILTER(?vehicle != """") BIND( IF(?vehicle = ""BEV"", 1, IF(?vehicle = ""BEHV"", 2, IF(?vehicle = ""ICE"", 3, 4) ) ) AS ?ord ) } ORDER BY ?ord",,
EFFKGQA0460,How does OEM current demand vary by region?,regional_demand,llm_or_ranking,direct_graph_supported,auto_answer,capability_inventory,0,1,5,,"[{""regionName"": ""Americas"", ""totalDemand"": ""67744458.0""}, {""regionName"": ""Asia Pacific/All Other"", ""totalDemand"": ""37293303.0""}, {""regionName"": ""Asia Pacific/China"", ""totalDemand"": ""77885298.0""}, {""regionName"": ""Europe"", ""totalDemand"": ""51729003.0""}, {""regionName"": ""Japan"", ""totalDemand"": ""14117148.0""}]","Answer: Regional demand returned 5 grouped row(s). Groups: region name: Americas, total demand: 67744458.0; region name: All Other, total demand: 37293303.0; region name: China, total demand: 77885298.0; region name: Europe, total demand: 51729003.0; region name: Japan, total demand: 14117148.0.",,"SELECT ?regionName (SUM(?demand) AS ?totalDemand) WHERE { BIND(""OEM"" AS ?surveyGroup) ?entry a survey:DemandForRegion ; survey:hasSurveyOrigin ?origin ; survey:inRegion ?region ; survey:totalDemand ?demand . ?origin a survey:OEM_Survey . ?region survey:regionName ?regionName . } GROUP BY ?regionName ORDER BY ?regionName",,
EFFKGQA0461,Use the graph to show OEM current demand by survey group.,regional_demand,llm_or_ranking,direct_graph_supported,auto_answer,capability_inventory,0,1,1,,"[{""surveyGroup"": ""OEM"", ""totalDemand"": ""248769210.0""}]","Answer: The query returned 1 row(s). Results: survey group: OEM, total demand: 248769210.0.",,"SELECT ?surveyGroup (SUM(?demand) AS ?totalDemand) WHERE { BIND(""OEM"" AS ?surveyGroup) ?entry a survey:DemandForRegion ; survey:hasSurveyOrigin ?origin ; survey:totalDemand ?demand . ?origin a survey:OEM_Survey . } GROUP BY ?surveyGroup ORDER BY ?surveyGroup",,
EFFKGQA0462,Count order cancellation for each technology category.,order_cancellation,llm_or_ranking,direct_graph_supported,auto_answer,capability_inventory,0,1,5,,"[{""participantCount"": ""3"", ""technologyCategory"": ""OrderCancellationChange_Semi_10nm_to_lt28nm""}, {""participantCount"": ""3"", ""technologyCategory"": ""OrderCancellationChange_Semi_180nm_or_greater""}, {""participantCount"": ""3"", ""technologyCategory"": ""OrderCancellationChange_Semi_28nm_to_lt45nm""}, {""participantCount"": ""3"", ""technologyCategory"": ""OrderCancellationChange_Semi_55nm_to_180nm""}, {""participantCount"": ""3"", ""technologyCategory"": ""OrderCancellationChange_Semi_lt%3D_7nm""}]","Answer: The query returned 5 row(s). Results: technology category: OrderCancellationChange_Semi_10nm_to_lt28nm, participant count: 3; technology category: OrderCancellationChange_Semi_180nm_or_greater, participant count: 3; technology category: OrderCancellationChange_Semi_28nm_to_lt45nm, participant count: 3; technology category: OrderCancellationChange_Semi_55nm_to_180nm, participant count: 3; technology category: OrderCancellationChange_Semi_lt%3D_7nm, participant count: 3.",,"SELECT ?technologyCategory (SUM(?participants) AS ?participantCount) WHERE { ?entry a survey:OrderCancellation ; survey:forTechnologyCategory ?technology ; survey:participantCount ?participants . BIND(REPLACE(STR(?technology), ""^.*/"", """") AS ?technologyCategory) } GROUP BY ?technologyCategory ORDER BY ?technologyCategory",,
EFFKGQA0463,What is the average SAE level development for each year?,autonomous_driving,llm_or_ranking,direct_graph_supported,auto_answer,capability_inventory,0,1,15,,"[{""avgPercentage"": ""22.0"", ""saeLevel"": ""SAE_Level_1"", ""year"": ""2025""}, {""avgPercentage"": ""42.0"", ""saeLevel"": ""SAE_Level_1"", ""year"": ""2026""}, {""avgPercentage"": ""62.0"", ""saeLevel"": ""SAE_Level_1"", ""year"": ""2027""}, {""avgPercentage"": ""32.0"", ""saeLevel"": ""SAE_Level_2"", ""year"": ""2025""}, {""avgPercentage"": ""52.0"", ""saeLevel"": ""SAE_Level_2"", ""year"": ""2026""}, {""avgPercentage"": ""72.0"", ""saeLevel"": ""SAE_Level_2"", ""year"": ""2027""}, {""avgPercentage"": ""42.0"", ""saeLevel"": ""SAE_Level_3"", ""year"": ""2025""}, {""avgPercentage"": ""62.0"", ""saeLevel"": ""SAE_Level_3"", ""year"": ""2026""}, {""avgPercentage"": ""82.0"", ""saeLevel"": ""SAE_Level_3"", ""year"": ""2027""}, {""avgPercentage"": ""52.0"", ""saeLevel"": ""SAE_Level_4"", ""year"": ""2025...","Answer: The query returned 15 row(s). First results: sae level: SAE_Level_1, year: 2025, avg percentage: 22.0; sae level: SAE_Level_1, year: 2026, avg percentage: 42.0; sae level: SAE_Level_1, year: 2027, avg percentage: 62.0; sae level: SAE_Level_2, year: 2025, avg percentage: 32.0; sae level: SAE_Level_2, year: 2026, avg percentage: 52.0; sae level: SAE_Level_2, year: 2027, avg percentage: 72.0; sae level: SAE_Level_3, year: 2025, avg percentage: 42.0; sae level: SAE_Level_3, year: 2026, avg percentage: 62.0.",,"SELECT ?saeLevel ?year (AVG(?pct) AS ?avgPercentage) WHERE { ?entry a survey:AutonomousDrivingDevelopment ; survey:hasSAELevel ?sae ; survey:hasYear ?year ; survey:hasPercentage ?pct . BIND(REPLACE(STR(?sae), ""^.*/"", """") AS ?saeLevel) } GROUP BY ?saeLevel ?year ORDER BY ?saeLevel ?year",,
EFFKGQA0464,What is the total semiconductor current demand for each region?,regional_demand,llm_or_ranking,direct_graph_supported,auto_answer,capability_inventory,0,1,5,,"[{""regionName"": ""Americas"", ""totalDemand"": ""35.0""}, {""regionName"": ""Asia Pacific/All Other"", ""totalDemand"": ""10.0""}, {""regionName"": ""Asia Pacific/China"", ""totalDemand"": ""20.0""}, {""regionName"": ""Europe"", ""totalDemand"": ""25.0""}, {""regionName"": ""Japan"", ""totalDemand"": ""10.0""}]","Answer: Regional demand returned 5 grouped row(s). Groups: region name: Americas, total demand: 35.0; region name: All Other, total demand: 10.0; region name: China, total demand: 20.0; region name: Europe, total demand: 25.0; region name: Japan, total demand: 10.0.",,"SELECT ?regionName (SUM(?demand) AS ?totalDemand) WHERE { BIND(""Semiconductor"" AS ?surveyGroup) ?entry a survey:DemandForRegion ; survey:hasSurveyOrigin ?origin ; survey:inRegion ?region ; survey:totalDemand ?demand . ?origin a survey:Semiconductor_Survey . ?region survey:regionName ?regionName . } GROUP BY ?regionName ORDER BY ?regionName",,
EFFKGQA0465,Summarize inventory development across component.,inventory,llm_or_ranking,direct_graph_supported,auto_answer,capability_inventory,0,1,9,,"[{""component"": ""Component_EV"", ""participantTotal"": ""1"", ""trend"": ""Decrease""}, {""component"": ""Component_EV"", ""participantTotal"": ""1"", ""trend"": ""Increase""}, {""component"": ""Component_EV"", ""participantTotal"": ""3"", ""trend"": ""Stable""}, {""component"": ""Component_both"", ""participantTotal"": ""1"", ""trend"": ""Decrease""}, {""component"": ""Component_both"", ""participantTotal"": ""1"", ""trend"": ""Increase""}, {""component"": ""Component_both"", ""participantTotal"": ""3"", ""trend"": ""Stable""}, {""component"": ""Component_non_EV"", ""participantTotal"": ""1"", ""trend"": ""Decrease""}, {""component"": ""Component_non_EV"", ""participantTotal"": ""1"", ""trend"": ""Increase""}, {""component"": ""Component_non_EV"", ""participantTotal"": ""3"", ""trend"": ""S...","Answer: The query returned 9 row(s). First results: component: Component_EV, trend: Decrease, participant total: 1; component: Component_EV, trend: Increase, participant total: 1; component: Component_EV, trend: Stable, participant total: 3; component: Component_both, trend: Decrease, participant total: 1; component: Component_both, trend: Increase, participant total: 1; component: Component_both, trend: Stable, participant total: 3; component: Component_non_EV, trend: Decrease, participant total: 1; component: Component_non_EV, trend: Increase, participant total: 1.",,SELECT ?component ?trend (SUM(?participants) AS ?participantTotal) WHERE { ?entry a survey:InventoryDevelopment_Tier1 ; survey:forComponent ?component ; survey:inventoryTrend ?trend ; survey:participantCount ?participants . } GROUP BY ?component ?trend ORDER BY ?component ?trend,,
EFFKGQA0466,"From the graph, what does future demand look like for each vehicle type?",future_demand,direct_capability,llm_ranking,llm_ranking,infineon,1,5,3,,"[{""avgFutureDemandChange"": ""1.505"", ""vehicleType"": ""BEHV""}, {""avgFutureDemandChange"": ""4.74375"", ""vehicleType"": ""BEV""}, {""avgFutureDemandChange"": ""0.845"", ""vehicleType"": ""ICE""}]","Answer: The query returned 3 row(s). Results: vehicle type: BEHV, avg future demand change: 1.505; vehicle type: BEV, avg future demand change: 4.74375; vehicle type: ICE, avg future demand change: 0.845.",kept_selected_nonempty,"SELECT ?vehicleType (AVG(?pct) AS ?avgFutureDemandChange) WHERE { ?future a survey:FutureDemandAnalysis ; survey:analyzesVehicleType ?vehicle ; survey:percentageChange ?pct . BIND(REPLACE(STR(?vehicle), '^.*/', '') AS ?vehicleType) } GROUP BY ?vehicleType ORDER BY ?vehicleType",,
EFFKGQA0467,Summarize semiconductor current demand per vehicle type.,regional_demand,llm_or_ranking,llm_ranking,llm_ranking,infineon,1,5,0,,,Answer: No results returned for the given query.,selected_best_executable_candidate,"SELECT ?vehicleType (SUM(?currentDemand) AS ?totalCurrentDemand) WHERE { ?entry a survey:CurrentDemandAnalysis ; survey:hasSurveyOrigin ?origin ; survey:analyzesVehicleType ?vehicle ; survey:currentDemand ?currentDemand . ?origin a survey:Semiconductor_Survey . BIND(REPLACE(STR(?vehicle), '^.*/', '') AS ?vehicleType) } GROUP BY ?vehicleType ORDER BY ?vehicleType",,
EFFKGQA0468,Which survey group has the highest autonomous driving percentage?,autonomous_driving,llm_or_ranking,llm_ranking,llm_ranking,validated_retrieval,1,5,1,,"[{""maxPercentage"": ""102.0"", ""saeLevel"": ""5"", ""vehicleType"": ""BEHV""}]",Answer: Autonomous-driving development returned 1 row(s). The highest returned max percentage is BEHV (SAE level 5) with 102.,switched_to_nonempty_candidate,"SELECT ?vehicleType ?saeLevel (MAX(?percentage) AS ?maxPercentage) WHERE { ?entry a survey:AutonomousDrivingDevelopment ; survey:hasVehicleType ?vehicle ; survey:hasSAELevel ?sae ; survey:hasPercentage ?percentage . BIND(REPLACE(STR(?vehicle), '^.*/', '') AS ?vehicleType) BIND(REPLACE(STR(?sae), '^.*/SAE_Level_', '') AS ?saeLevel) } GROUP BY ?vehicleType ?saeLevel ORDER BY DESC(?maxPercentage) LIMIT 1",,
EFFKGQA0469,Which month has the highest actual vehicle sales?,vehicle_sales,llm_or_ranking,direct_graph_supported,auto_answer,capability_inventory,0,1,12,,"[{""monthLabel"": ""Apr 2023"", ""unitsSold"": ""6425650""}, {""monthLabel"": ""Aug 2023"", ""unitsSold"": ""7057393""}, {""monthLabel"": ""Dec 2023"", ""unitsSold"": ""8093262""}, {""monthLabel"": ""Feb 2023"", ""unitsSold"": ""6176907""}, {""monthLabel"": ""Jan 2023"", ""unitsSold"": ""5727449""}, {""monthLabel"": ""Jul 2023"", ""unitsSold"": ""7066342""}, {""monthLabel"": ""Jun 2023"", ""unitsSold"": ""7678947""}, {""monthLabel"": ""Mar 2023"", ""unitsSold"": ""7847474""}, {""monthLabel"": ""May 2023"", ""unitsSold"": ""7164150""}, {""monthLabel"": ""Nov 2023"", ""unitsSold"": ""7699941""}, {""monthLabel"": ""Oct 2023"", ""unitsSold"": ""7459190""}, {""monthLabel"": ""Sep 2023"", ""unitsSold"": ""7728774""}]","Answer: Vehicle-sales results returned 12 monthly row(s). The highest monthly total is Dec 2023 with 8,093,262. The lowest monthly total is Jan 2023 with 5,727,449.",,"SELECT ?monthLabel (SUM(?units) AS ?unitsSold) WHERE { ?obs a survey:VehicleSalesObservation ; survey:isActualData true ; survey:forTimePeriod ?month ; survey:unitsSold ?units . OPTIONAL { ?month survey:periodLabel ?periodLabel . } BIND(COALESCE(?periodLabel, REPLACE(STR(?month), ""^.*/"", """")) AS ?monthLabel) } GROUP BY ?monthLabel ORDER BY ?monthLabel",,
EFFKGQA0470,Summarize actual vehicle sales over year.,vehicle_sales,llm_or_ranking,direct_graph_supported,auto_answer,capability_inventory,0,1,1,,"[{""unitsSold"": ""86125479"", ""year"": ""2023""}]","Answer: The query returned 1 row(s). Results: year: 2023, units sold: 86125479.",,"SELECT ?year (SUM(?units) AS ?unitsSold) WHERE { ?obs a survey:VehicleSalesObservation ; survey:isActualData true ; survey:forTimePeriod ?month ; survey:unitsSold ?units . OPTIONAL { ?month survey:periodLabel ?periodLabel . } BIND(COALESCE(?periodLabel, REPLACE(STR(?month), ""^.*/"", """")) AS ?label) BIND(REPLACE(STR(?label), ""^.*(20[0-9]{2}).*$"", ""$1"") AS ?year) } GROUP BY ?year ORDER BY ?year",,
EFFKGQA0471,Count shortage information for each shortage status.,shortage,llm_or_ranking,direct_graph_supported,auto_answer,capability_inventory,0,1,2,,"[{""companyCount"": ""3"", ""shortageStatus"": ""no""}, {""companyCount"": ""6"", ""shortageStatus"": ""yes""}]","Answer: The query returned 2 row(s). Results: shortage status: no, company count: 3; shortage status: yes, company count: 6.",,"SELECT ?shortageStatus (COUNT(?company) AS ?companyCount) WHERE { VALUES (?surveyClass ?surveyGroup) { (survey:OEM_Survey ""OEM"") (survey:Tier1_Survey ""Tier1"") (survey:Semiconductor_Survey ""Semiconductor"") } ?company a survey:Company ; survey:hasSurveyOrigin ?origin ; survey:reportsShortage ?shortage . ?origin a ?surveyClass . BIND(IF(?shortage = true, ""yes"", ""no"") AS ?shortageStatus) } GROUP BY ?shortageStatus ORDER BY ?shortageStatus",,
EFFKGQA0472,Summarize self-driving development by survey group.,autonomous_driving,llm_or_ranking,llm_ranking,llm_ranking,infineon,1,5,0,,,Answer: No results returned for the given query.,selected_best_executable_candidate,"SELECT ?surveyType ?vehicleType ?saeLevel (AVG(?percentage) AS ?avgPercentage) WHERE { VALUES (?surveyClass ?surveyType) { (survey:OEM_Survey 'OEM') (survey:Tier1_Survey 'Tier1') (survey:Semiconductor_Survey 'Semiconductor') } ?origin a ?surveyClass . ?devClass a ?devType ; survey:hasSurveyOrigin ?origin ; survey:hasDetail ?entry . VALUES ?devType { survey:AutonomousDrivingDevelopment_OEM survey:AutonomousDrivingDevelopment_Tier1 } ?entry a survey:AutonomousDrivingDevelopment ; survey:hasVehicleType ?vehicle ; survey:hasSAELevel ?sae ; survey:hasPercentage ?percentage . BIND(REPLACE(STR(?vehicle), '^.*/', '') AS ?vehicleType) BIND(REPLACE(STR(?sae), '^.*/SAE_Level_', '') AS ?saeLevel) } GROUP BY ?surveyType ?vehicleType ?saeLevel ORDER BY ?surveyType ?vehicleType xsd:integer(?saeLevel)",,
EFFKGQA0473,What is the total number of vehicles sold for each month?,vehicle_sales,llm_or_ranking,direct_graph_supported,auto_answer,capability_inventory,0,1,48,,"[{""monthLabel"": ""Apr 2023"", ""unitsSold"": ""6425650""}, {""monthLabel"": ""Apr 2024"", ""unitsSold"": ""6818720""}, {""monthLabel"": ""Apr 2025"", ""unitsSold"": ""7260983""}, {""monthLabel"": ""Apr 2026"", ""unitsSold"": ""7009380""}, {""monthLabel"": ""Aug 2023"", ""unitsSold"": ""7057393""}, {""monthLabel"": ""Aug 2024"", ""unitsSold"": ""6837967""}, {""monthLabel"": ""Aug 2025"", ""unitsSold"": ""6966169""}, {""monthLabel"": ""Aug 2026"", ""unitsSold"": ""6967132""}, {""monthLabel"": ""Dec 2023"", ""unitsSold"": ""8093262""}, {""monthLabel"": ""Dec 2024"", ""unitsSold"": ""8544327""}, {""monthLabel"": ""Dec 2025"", ""unitsSold"": ""8455087""}, {""monthLabel"": ""Dec 2026"", ""unitsSold"": ""8482982""}, {""monthLabel"": ""Feb 2023"", ""unitsSold"": ""6176907""}, {""monthLabel"": ""Feb ...","Answer: Vehicle-sales results returned 48 grouped row(s). First groups: month label: Apr 2023, units sold: 6425650; month label: Apr 2024, units sold: 6818720; month label: Apr 2025, units sold: 7260983; month label: Apr 2026, units sold: 7009380; month label: Aug 2023, units sold: 7057393; month label: Aug 2024, units sold: 6837967; month label: Aug 2025, units sold: 6966169; month label: Aug 2026, units sold: 6967132; month label: Dec 2023, units sold: 8093262; month label: Dec 2024, units sold: 8544327; month label: Dec 2025, units sold: 8455087; month label: Dec 2026, units sold: 8482982.",,"SELECT ?monthLabel (SUM(?units) AS ?unitsSold) WHERE { ?obs a survey:VehicleSalesObservation ; survey:forTimePeriod ?month ; survey:unitsSold ?units . OPTIONAL { ?month survey:periodLabel ?periodLabel . } BIND(COALESCE(?periodLabel, REPLACE(STR(?month), ""^.*/"", """")) AS ?monthLabel) } GROUP BY ?monthLabel ORDER BY ?monthLabel",,
EFFKGQA0474,Show regional demand by survey group.,regional_demand,llm_or_ranking,direct_graph_supported,auto_answer,capability_inventory,0,1,15,,"[{""regionName"": ""Americas"", ""surveyGroup"": ""OEM"", ""totalDemand"": ""67744458.0""}, {""regionName"": ""Asia Pacific/All Other"", ""surveyGroup"": ""OEM"", ""totalDemand"": ""37293303.0""}, {""regionName"": ""Asia Pacific/China"", ""surveyGroup"": ""OEM"", ""totalDemand"": ""77885298.0""}, {""regionName"": ""Europe"", ""surveyGroup"": ""OEM"", ""totalDemand"": ""51729003.0""}, {""regionName"": ""Japan"", ""surveyGroup"": ""OEM"", ""totalDemand"": ""14117148.0""}, {""regionName"": ""Americas"", ""surveyGroup"": ""Semiconductor"", ""totalDemand"": ""35.0""}, {""regionName"": ""Asia Pacific/All Other"", ""surveyGroup"": ""Semiconductor"", ""totalDemand"": ""10.0""}, {""regionName"": ""Asia Pacific/China"", ""surveyGroup"": ""Semiconductor"", ""totalDemand"": ""20.0""}, {""regionN...","Answer: Regional demand returned 15 grouped row(s). First groups: survey group: OEM, region name: Americas, total demand: 67744458.0; survey group: OEM, region name: All Other, total demand: 37293303.0; survey group: OEM, region name: China, total demand: 77885298.0; survey group: OEM, region name: Europe, total demand: 51729003.0; survey group: OEM, region name: Japan, total demand: 14117148.0; survey group: Semiconductor, region name: Americas, total demand: 35.0; survey group: Semiconductor, region name: All Other, total demand: 10.0; survey group: Semiconductor, region name: China, total demand: 20.0.",,"SELECT ?surveyGroup ?regionName (SUM(?demand) AS ?totalDemand) WHERE { VALUES (?surveyClass ?surveyGroup) { (survey:OEM_Survey ""OEM"") (survey:Tier1_Survey ""Tier1"") (survey:Semiconductor_Survey ""Semiconductor"") } ?entry a survey:DemandForRegion ; survey:hasSurveyOrigin ?origin ; survey:inRegion ?region ; survey:totalDemand ?demand . ?origin a ?surveyClass . ?region survey:regionName ?regionName . } GROUP BY ?surveyGroup ?regionName ORDER BY ?surveyGroup ?regionName",,
EFFKGQA0475,Compare autonomous driving percentage across SAE level.,autonomous_driving,llm_or_ranking,direct_graph_supported,auto_answer,capability_inventory,0,1,5,,"[{""avgPercentage"": ""42.0"", ""saeLevel"": ""SAE_Level_1""}, {""avgPercentage"": ""52.0"", ""saeLevel"": ""SAE_Level_2""}, {""avgPercentage"": ""62.0"", ""saeLevel"": ""SAE_Level_3""}, {""avgPercentage"": ""72.0"", ""saeLevel"": ""SAE_Level_4""}, {""avgPercentage"": ""82.0"", ""saeLevel"": ""SAE_Level_5""}]","Answer: The query returned 5 row(s). Results: sae level: SAE_Level_1, avg percentage: 42.0; sae level: SAE_Level_2, avg percentage: 52.0; sae level: SAE_Level_3, avg percentage: 62.0; sae level: SAE_Level_4, avg percentage: 72.0; sae level: SAE_Level_5, avg percentage: 82.0.",,"SELECT ?saeLevel (AVG(?pct) AS ?avgPercentage) WHERE { ?entry a survey:AutonomousDrivingDevelopment ; survey:hasSAELevel ?sae ; survey:hasPercentage ?pct . BIND(REPLACE(STR(?sae), ""^.*/"", """") AS ?saeLevel) } GROUP BY ?saeLevel ORDER BY ?saeLevel",,
EFFKGQA0476,Count shortage information for each survey group.,shortage,llm_or_ranking,direct_graph_supported,auto_answer,capability_inventory,0,1,6,,"[{""companyCount"": ""1"", ""shortageStatus"": ""no"", ""surveyGroup"": ""OEM""}, {""companyCount"": ""2"", ""shortageStatus"": ""yes"", ""surveyGroup"": ""OEM""}, {""companyCount"": ""1"", ""shortageStatus"": ""no"", ""surveyGroup"": ""Semiconductor""}, {""companyCount"": ""2"", ""shortageStatus"": ""yes"", ""surveyGroup"": ""Semiconductor""}, {""companyCount"": ""1"", ""shortageStatus"": ""no"", ""surveyGroup"": ""Tier1""}, {""companyCount"": ""2"", ""shortageStatus"": ""yes"", ""surveyGroup"": ""Tier1""}]","Answer: The query returned 6 row(s). Results: survey group: OEM, shortage status: no, company count: 1; survey group: OEM, shortage status: yes, company count: 2; survey group: Semiconductor, shortage status: no, company count: 1; survey group: Semiconductor, shortage status: yes, company count: 2; survey group: Tier1, shortage status: no, company count: 1; survey group: Tier1, shortage status: yes, company count: 2.",,"SELECT ?surveyGroup ?shortageStatus (COUNT(?company) AS ?companyCount) WHERE { VALUES (?surveyClass ?surveyGroup) { (survey:OEM_Survey ""OEM"") (survey:Tier1_Survey ""Tier1"") (survey:Semiconductor_Survey ""Semiconductor"") } ?company a survey:Company ; survey:hasSurveyOrigin ?origin ; survey:reportsShortage ?shortage . ?origin a ?surveyClass . BIND(IF(?shortage = true, ""yes"", ""no"") AS ?shortageStatus) } GROUP BY ?surveyGroup ?shortageStatus ORDER BY ?surveyGroup ?shortageStatus",,
EFFKGQA0477,Give me regional demand grouped by region.,regional_demand,llm_or_ranking,direct_graph_supported,auto_answer,capability_inventory,0,1,15,,"[{""regionName"": ""Americas"", ""surveyGroup"": ""OEM"", ""totalDemand"": ""67744458.0""}, {""regionName"": ""Asia Pacific/All Other"", ""surveyGroup"": ""OEM"", ""totalDemand"": ""37293303.0""}, {""regionName"": ""Asia Pacific/China"", ""surveyGroup"": ""OEM"", ""totalDemand"": ""77885298.0""}, {""regionName"": ""Europe"", ""surveyGroup"": ""OEM"", ""totalDemand"": ""51729003.0""}, {""regionName"": ""Japan"", ""surveyGroup"": ""OEM"", ""totalDemand"": ""14117148.0""}, {""regionName"": ""Americas"", ""surveyGroup"": ""Semiconductor"", ""totalDemand"": ""35.0""}, {""regionName"": ""Asia Pacific/All Other"", ""surveyGroup"": ""Semiconductor"", ""totalDemand"": ""10.0""}, {""regionName"": ""Asia Pacific/China"", ""surveyGroup"": ""Semiconductor"", ""totalDemand"": ""20.0""}, {""regionN...","Answer: Regional demand returned 15 grouped row(s). First groups: survey group: OEM, region name: Americas, total demand: 67744458.0; survey group: OEM, region name: All Other, total demand: 37293303.0; survey group: OEM, region name: China, total demand: 77885298.0; survey group: OEM, region name: Europe, total demand: 51729003.0; survey group: OEM, region name: Japan, total demand: 14117148.0; survey group: Semiconductor, region name: Americas, total demand: 35.0; survey group: Semiconductor, region name: All Other, total demand: 10.0; survey group: Semiconductor, region name: China, total demand: 20.0.",,"SELECT ?surveyGroup ?regionName (SUM(?demand) AS ?totalDemand) WHERE { VALUES (?surveyClass ?surveyGroup) { (survey:OEM_Survey ""OEM"") (survey:Tier1_Survey ""Tier1"") (survey:Semiconductor_Survey ""Semiconductor"") } ?entry a survey:DemandForRegion ; survey:hasSurveyOrigin ?origin ; survey:inRegion ?region ; survey:totalDemand ?demand . ?origin a ?surveyClass . ?region survey:regionName ?regionName . } GROUP BY ?surveyGroup ?regionName ORDER BY ?surveyGroup ?regionName",,
EFFKGQA0478,Use the graph to show semiconductor current demand by quarter.,regional_demand,llm_or_ranking,llm_ranking,llm_ranking,infineon,1,5,0,,,Answer: No results returned for the given query.,selected_best_executable_candidate,"SELECT ?quarterLabel (SUM(?currentDemand) AS ?totalCurrentDemand) WHERE { ?analysis a survey:CurrentDemandAnalysis ; survey:hasSurveyOrigin survey:Semiconductor_Survey ; survey:forTimePeriod ?quarter ; survey:currentDemand ?currentDemand . BIND(REPLACE(STR(?quarter), '^.*/', '') AS ?quarterLabel) } GROUP BY ?quarterLabel ORDER BY ?quarterLabel",,
EFFKGQA0479,"For the survey data, give me Tier1 current demand grouped by survey group?",regional_demand,llm_or_ranking,direct_graph_supported,auto_answer,capability_inventory,0,1,1,,"[{""surveyGroup"": ""Tier1"", ""totalDemand"": ""100.0""}]","Answer: The query returned 1 row(s). Results: survey group: Tier1, total demand: 100.0.",,"SELECT ?surveyGroup (SUM(?demand) AS ?totalDemand) WHERE { BIND(""Tier1"" AS ?surveyGroup) ?entry a survey:DemandForRegion ; survey:hasSurveyOrigin ?origin ; survey:totalDemand ?demand . ?origin a survey:Tier1_Survey . } GROUP BY ?surveyGroup ORDER BY ?surveyGroup",,
EFFKGQA0480,Can you return a breakdown of OEM current demand by survey group?,regional_demand,llm_or_ranking,direct_graph_supported,auto_answer,capability_inventory,0,1,1,,"[{""surveyGroup"": ""OEM"", ""totalDemand"": ""248769210.0""}]","Answer: The query returned 1 row(s). Results: survey group: OEM, total demand: 248769210.0.",,"SELECT ?surveyGroup (SUM(?demand) AS ?totalDemand) WHERE { BIND(""OEM"" AS ?surveyGroup) ?entry a survey:DemandForRegion ; survey:hasSurveyOrigin ?origin ; survey:totalDemand ?demand . ?origin a survey:OEM_Survey . } GROUP BY ?surveyGroup ORDER BY ?surveyGroup",,
EFFKGQA0481,Give me OEM current demand grouped by survey group.,regional_demand,llm_or_ranking,direct_graph_supported,auto_answer,capability_inventory,0,1,1,,"[{""surveyGroup"": ""OEM"", ""totalDemand"": ""248769210.0""}]","Answer: The query returned 1 row(s). Results: survey group: OEM, total demand: 248769210.0.",,"SELECT ?surveyGroup (SUM(?demand) AS ?totalDemand) WHERE { BIND(""OEM"" AS ?surveyGroup) ?entry a survey:DemandForRegion ; survey:hasSurveyOrigin ?origin ; survey:totalDemand ?demand . ?origin a survey:OEM_Survey . } GROUP BY ?surveyGroup ORDER BY ?surveyGroup",,
EFFKGQA0482,Summarize semiconductor shortage responses across technology category.,shortage,llm_or_ranking,llm_ranking,llm_ranking,validated_retrieval,1,12,15,,"[{""participantCount"": ""1"", ""responseType"": ""Decrease"", ""technologyCategory"": ""OrderCancellationChange_Semi_10nm_to_lt28nm""}, {""participantCount"": ""2"", ""responseType"": ""Increase"", ""technologyCategory"": ""OrderCancellationChange_Semi_10nm_to_lt28nm""}, {""participantCount"": ""0"", ""responseType"": ""Stable"", ""technologyCategory"": ""OrderCancellationChange_Semi_10nm_to_lt28nm""}, {""participantCount"": ""2"", ""responseType"": ""Decrease"", ""technologyCategory"": ""OrderCancellationChange_Semi_180nm_or_greater""}, {""participantCount"": ""0"", ""responseType"": ""Increase"", ""technologyCategory"": ""OrderCancellationChange_Semi_180nm_or_greater""}, {""participantCount"": ""1"", ""responseType"": ""Stable"", ""technologyCategory"": ...",Answer: Order-cancellation results returned 15 row(s). The largest returned participant count is Increase for OrderCancellationChange Semi 10nm to <28nm with 2.,selected_best_executable_candidate,"SELECT ?technologyCategory ?responseType (SUM(?participants) AS ?participantCount) WHERE { ?entry a survey:OrderCancellation ; survey:forTechnologyCategory ?tech ; survey:hasResponseType ?responseType ; survey:participantCount ?participants . BIND(REPLACE(STR(?tech), '^.*/', '') AS ?technologyCategory) } GROUP BY ?technologyCategory ?responseType ORDER BY ?technologyCategory ?responseType",,
EFFKGQA0483,Summarize companies reporting shortage across survey group.,shortage,llm_or_ranking,direct_graph_supported,auto_answer,capability_inventory,0,1,6,,"[{""companyCount"": ""1"", ""shortageStatus"": ""no"", ""surveyGroup"": ""OEM""}, {""companyCount"": ""2"", ""shortageStatus"": ""yes"", ""surveyGroup"": ""OEM""}, {""companyCount"": ""1"", ""shortageStatus"": ""no"", ""surveyGroup"": ""Semiconductor""}, {""companyCount"": ""2"", ""shortageStatus"": ""yes"", ""surveyGroup"": ""Semiconductor""}, {""companyCount"": ""1"", ""shortageStatus"": ""no"", ""surveyGroup"": ""Tier1""}, {""companyCount"": ""2"", ""shortageStatus"": ""yes"", ""surveyGroup"": ""Tier1""}]","Answer: The query returned 6 row(s). Results: survey group: OEM, shortage status: no, company count: 1; survey group: OEM, shortage status: yes, company count: 2; survey group: Semiconductor, shortage status: no, company count: 1; survey group: Semiconductor, shortage status: yes, company count: 2; survey group: Tier1, shortage status: no, company count: 1; survey group: Tier1, shortage status: yes, company count: 2.",,"SELECT ?surveyGroup ?shortageStatus (COUNT(?company) AS ?companyCount) WHERE { VALUES (?surveyClass ?surveyGroup) { (survey:OEM_Survey ""OEM"") (survey:Tier1_Survey ""Tier1"") (survey:Semiconductor_Survey ""Semiconductor"") } ?company a survey:Company ; survey:hasSurveyOrigin ?origin ; survey:reportsShortage ?shortage . ?origin a ?surveyClass . BIND(IF(?shortage = true, ""yes"", ""no"") AS ?shortageStatus) } GROUP BY ?surveyGroup ?shortageStatus ORDER BY ?surveyGroup ?shortageStatus",,
EFFKGQA0484,Compare sales volume across year.,vehicle_sales,llm_or_ranking,direct_graph_supported,auto_answer,capability_inventory,0,1,4,,"[{""unitsSold"": ""86125479"", ""year"": ""2023""}, {""unitsSold"": ""88109476"", ""year"": ""2024""}, {""unitsSold"": ""90166856"", ""year"": ""2025""}, {""unitsSold"": ""90471186"", ""year"": ""2026""}]","Answer: The query returned 4 row(s). Results: year: 2023, units sold: 86125479; year: 2024, units sold: 88109476; year: 2025, units sold: 90166856; year: 2026, units sold: 90471186.",,"SELECT ?year (SUM(?units) AS ?unitsSold) WHERE { ?obs a survey:VehicleSalesObservation ; survey:forTimePeriod ?month ; survey:unitsSold ?units . OPTIONAL { ?month survey:periodLabel ?periodLabel . } BIND(COALESCE(?periodLabel, REPLACE(STR(?month), ""^.*/"", """")) AS ?label) BIND(REPLACE(STR(?label), ""^.*(20[0-9]{2}).*$"", ""$1"") AS ?year) } GROUP BY ?year ORDER BY ?year",,
EFFKGQA0485,Summarize sales volume over month.,vehicle_sales,llm_or_ranking,direct_graph_supported,auto_answer,capability_inventory,0,1,48,,"[{""monthLabel"": ""Apr 2023"", ""unitsSold"": ""6425650""}, {""monthLabel"": ""Apr 2024"", ""unitsSold"": ""6818720""}, {""monthLabel"": ""Apr 2025"", ""unitsSold"": ""7260983""}, {""monthLabel"": ""Apr 2026"", ""unitsSold"": ""7009380""}, {""monthLabel"": ""Aug 2023"", ""unitsSold"": ""7057393""}, {""monthLabel"": ""Aug 2024"", ""unitsSold"": ""6837967""}, {""monthLabel"": ""Aug 2025"", ""unitsSold"": ""6966169""}, {""monthLabel"": ""Aug 2026"", ""unitsSold"": ""6967132""}, {""monthLabel"": ""Dec 2023"", ""unitsSold"": ""8093262""}, {""monthLabel"": ""Dec 2024"", ""unitsSold"": ""8544327""}, {""monthLabel"": ""Dec 2025"", ""unitsSold"": ""8455087""}, {""monthLabel"": ""Dec 2026"", ""unitsSold"": ""8482982""}, {""monthLabel"": ""Feb 2023"", ""unitsSold"": ""6176907""}, {""monthLabel"": ""Feb ...","Answer: Vehicle-sales results returned 48 grouped row(s). First groups: month label: Apr 2023, units sold: 6425650; month label: Apr 2024, units sold: 6818720; month label: Apr 2025, units sold: 7260983; month label: Apr 2026, units sold: 7009380; month label: Aug 2023, units sold: 7057393; month label: Aug 2024, units sold: 6837967; month label: Aug 2025, units sold: 6966169; month label: Aug 2026, units sold: 6967132; month label: Dec 2023, units sold: 8093262; month label: Dec 2024, units sold: 8544327; month label: Dec 2025, units sold: 8455087; month label: Dec 2026, units sold: 8482982.",,"SELECT ?monthLabel (SUM(?units) AS ?unitsSold) WHERE { ?obs a survey:VehicleSalesObservation ; survey:forTimePeriod ?month ; survey:unitsSold ?units . OPTIONAL { ?month survey:periodLabel ?periodLabel . } BIND(COALESCE(?periodLabel, REPLACE(STR(?month), ""^.*/"", """")) AS ?monthLabel) } GROUP BY ?monthLabel ORDER BY ?monthLabel",,
EFFKGQA0486,"From the graph, give me semiconductor current demand grouped by survey group?",regional_demand,llm_or_ranking,direct_graph_supported,auto_answer,capability_inventory,0,1,1,,"[{""surveyGroup"": ""Semiconductor"", ""totalDemand"": ""100.0""}]","Answer: The query returned 1 row(s). Results: survey group: Semiconductor, total demand: 100.0.",,"SELECT ?surveyGroup (SUM(?demand) AS ?totalDemand) WHERE { BIND(""Semiconductor"" AS ?surveyGroup) ?entry a survey:DemandForRegion ; survey:hasSurveyOrigin ?origin ; survey:totalDemand ?demand . ?origin a survey:Semiconductor_Survey . } GROUP BY ?surveyGroup ORDER BY ?surveyGroup",,
EFFKGQA0487,"Future demand by quarter, please.",future_demand,direct_capability,direct_graph_supported,auto_answer,capability_inventory,0,1,8,,"[{""avgPercentageChange"": ""12.44380952380952380952381"", ""quarterLabel"": ""Current Quarter""}, {""avgPercentageChange"": ""9.510000000000000038461538"", ""quarterLabel"": ""Q1 2026""}, {""avgPercentageChange"": ""26.356153846153846153846154"", ""quarterLabel"": ""Q2 2025""}, {""avgPercentageChange"": ""7.285384615384615384615385"", ""quarterLabel"": ""Q2 2026""}, {""avgPercentageChange"": ""5.861923076923076923076923"", ""quarterLabel"": ""Q3 2025""}, {""avgPercentageChange"": ""8.775384615384615384615385"", ""quarterLabel"": ""Q3 2026""}, {""avgPercentageChange"": ""15.195769230769230807692308"", ""quarterLabel"": ""Q4 2025""}, {""avgPercentageChange"": ""8.727307692307692307692308"", ""quarterLabel"": ""Q4 2026""}]","Answer: The query returned 8 row(s). Results: quarter label: Current Quarter, avg percentage change: 12.44380952380952380952381; quarter label: Q1 2026, avg percentage change: 9.510000000000000038461538; quarter label: Q2 2025, avg percentage change: 26.356153846153846153846154; quarter label: Q2 2026, avg percentage change: 7.285384615384615384615385; quarter label: Q3 2025, avg percentage change: 5.861923076923076923076923; quarter label: Q3 2026, avg percentage change: 8.775384615384615384615385; quarter label: Q4 2025, avg percentage change: 15.195769230769230807692308; quarter label: Q4 2026, avg percentage change: 8.727307692307692307692308.",,SELECT ?quarterLabel (AVG(?pct) AS ?avgPercentageChange) WHERE { ?entry a survey:FutureDemandAnalysis ; survey:forTimePeriod ?quarter ; survey:percentageChange ?pct . ?quarter survey:periodLabel ?quarterLabel . } GROUP BY ?quarterLabel ORDER BY ?quarterLabel,,
EFFKGQA0488,Please give me future demand change grouped by technology category?,future_demand,direct_capability,direct_graph_supported,auto_answer,capability_inventory,0,1,5,,"[{""avgPercentageChange"": ""12.24875"", ""technologyCategory"": ""TechCategory_%3C%3D_7nm""}, {""avgPercentageChange"": ""3.7225"", ""technologyCategory"": ""TechCategory_10nm_to_%3C28nm""}, {""avgPercentageChange"": ""36.1225"", ""technologyCategory"": ""TechCategory_180nm_or_greater""}, {""avgPercentageChange"": ""12.375"", ""technologyCategory"": ""TechCategory_28nm_to_%3C45nm""}, {""avgPercentageChange"": ""2.9525"", ""technologyCategory"": ""TechCategory_55nm_to_180nm""}]","Answer: The query returned 5 row(s). Results: technology category: TechCategory_%3C%3D_7nm, avg percentage change: 12.24875; technology category: TechCategory_10nm_to_%3C28nm, avg percentage change: 3.7225; technology category: TechCategory_180nm_or_greater, avg percentage change: 36.1225; technology category: TechCategory_28nm_to_%3C45nm, avg percentage change: 12.375; technology category: TechCategory_55nm_to_180nm, avg percentage change: 2.9525.",,"SELECT ?technologyCategory (AVG(?pct) AS ?avgPercentageChange) WHERE { ?entry a survey:FutureDemandAnalysis ; survey:analyzesTechnologyCategory ?technology ; survey:percentageChange ?pct . OPTIONAL { ?technology survey:technologyCategoryName ?technologyName . } BIND(COALESCE(?technologyName, REPLACE(STR(?technology), ""^.*/"", """")) AS ?technologyCategory) } GROUP BY ?technologyCategory ORDER BY ?technologyCategory",,
EFFKGQA0489,Use the True Demand KG to show future demand by vehicle type.,future_demand,direct_capability,direct_graph_supported,auto_answer,capability_inventory,0,1,3,,"[{""avgPercentageChange"": ""1.505"", ""vehicleType"": ""BEHV""}, {""avgPercentageChange"": ""4.74375"", ""vehicleType"": ""BEV""}, {""avgPercentageChange"": ""0.845"", ""vehicleType"": ""ICE""}]","Answer: The query returned 3 row(s). Results: vehicle type: BEHV, avg percentage change: 1.505; vehicle type: BEV, avg percentage change: 4.74375; vehicle type: ICE, avg percentage change: 0.845.",,"SELECT ?vehicleType (AVG(?pct) AS ?avgPercentageChange) WHERE { ?entry a survey:FutureDemandAnalysis ; survey:analyzesVehicleType ?vehicle ; survey:percentageChange ?pct . BIND(REPLACE(STR(?vehicle), ""^.*/"", """") AS ?vehicleType) } GROUP BY ?vehicleType ORDER BY ?vehicleType",,
EFFKGQA0490,Please show semiconductor current demand by vehicle type?,regional_demand,llm_or_ranking,llm_ranking,llm_ranking,infineon,1,5,0,,,Answer: No results returned for the given query.,selected_best_executable_candidate,"SELECT ?vehicleType (SUM(?currentDemand) AS ?totalCurrentDemand) WHERE { ?analysis a survey:CurrentDemandAnalysis ; survey:hasSurveyOrigin ?origin ; survey:analyzesVehicleType ?vehicle ; survey:currentDemand ?currentDemand . ?origin a survey:Semiconductor_Survey . BIND(REPLACE(STR(?vehicle), '^.*/', '') AS ?vehicleType) } GROUP BY ?vehicleType ORDER BY DESC(?totalCurrentDemand)",,
EFFKGQA0491,Which vehicle type has the highest vehicles sold?,vehicle_sales,llm_or_ranking,llm_ranking,llm_ranking,infineon,1,1,0,,,Answer: No results returned for the given query.,selected_best_executable_candidate,"SELECT ?vehicleType (SUM(?unitsSold) AS ?totalSold) WHERE { ?obs a survey:VehicleSalesObservation ; survey:hasVehicleType ?vehicle ; survey:unitsSold ?unitsSold . BIND(REPLACE(STR(?vehicle), '^.*/', '') AS ?vehicleType) } GROUP BY ?vehicleType ORDER BY DESC(?totalSold) LIMIT 1",,
EFFKGQA0492,Show average self-driving development by vehicle type.,autonomous_driving,llm_or_ranking,direct_graph_supported,auto_answer,capability_inventory,0,1,3,,"[{""avgPercentage"": ""62.0"", ""vehicleType"": ""BEHV""}, {""avgPercentage"": ""62.0"", ""vehicleType"": ""BEV""}, {""avgPercentage"": ""62.0"", ""vehicleType"": ""ICE""}]","Answer: Autonomous-driving development returned 3 grouped row(s). Groups: vehicle type: BEHV, avg percentage: 62.0; vehicle type: BEV, avg percentage: 62.0; vehicle type: ICE, avg percentage: 62.0.",,"SELECT ?vehicleType (AVG(?pct) AS ?avgPercentage) WHERE { ?entry a survey:AutonomousDrivingDevelopment ; survey:hasVehicleType ?vehicle ; survey:hasPercentage ?pct . BIND(REPLACE(STR(?vehicle), ""^.*/"", """") AS ?vehicleType) } GROUP BY ?vehicleType ORDER BY ?vehicleType",,
EFFKGQA0493,Return actual vehicle sales grouped by vehicle type.,vehicle_sales,llm_or_ranking,llm_ranking,llm_ranking,infineon,1,4,0,,,Answer: No results returned for the given query.,selected_best_executable_candidate,"SELECT ?vehicleType (SUM(?unitsSold) AS ?totalSales) WHERE { ?obs a survey:VehicleSalesObservation ; survey:hasVehicleType ?veh ; survey:unitsSold ?unitsSold ; survey:isActualData true . BIND(REPLACE(STR(?veh), '^.*/', '') AS ?vehicleType) } GROUP BY ?vehicleType ORDER BY DESC(?totalSales)",,
EFFKGQA0494,Show reported shortages by survey group.,shortage,llm_or_ranking,direct_graph_supported,auto_answer,capability_inventory,0,1,6,,"[{""companyCount"": ""1"", ""shortageStatus"": ""no"", ""surveyGroup"": ""OEM""}, {""companyCount"": ""2"", ""shortageStatus"": ""yes"", ""surveyGroup"": ""OEM""}, {""companyCount"": ""1"", ""shortageStatus"": ""no"", ""surveyGroup"": ""Semiconductor""}, {""companyCount"": ""2"", ""shortageStatus"": ""yes"", ""surveyGroup"": ""Semiconductor""}, {""companyCount"": ""1"", ""shortageStatus"": ""no"", ""surveyGroup"": ""Tier1""}, {""companyCount"": ""2"", ""shortageStatus"": ""yes"", ""surveyGroup"": ""Tier1""}]","Answer: The query returned 6 row(s). Results: survey group: OEM, shortage status: no, company count: 1; survey group: OEM, shortage status: yes, company count: 2; survey group: Semiconductor, shortage status: no, company count: 1; survey group: Semiconductor, shortage status: yes, company count: 2; survey group: Tier1, shortage status: no, company count: 1; survey group: Tier1, shortage status: yes, company count: 2.",,"SELECT ?surveyGroup ?shortageStatus (COUNT(?company) AS ?companyCount) WHERE { VALUES (?surveyClass ?surveyGroup) { (survey:OEM_Survey ""OEM"") (survey:Tier1_Survey ""Tier1"") (survey:Semiconductor_Survey ""Semiconductor"") } ?company a survey:Company ; survey:hasSurveyOrigin ?origin ; survey:reportsShortage ?shortage . ?origin a ?surveyClass . BIND(IF(?shortage = true, ""yes"", ""no"") AS ?shortageStatus) } GROUP BY ?surveyGroup ?shortageStatus ORDER BY ?surveyGroup ?shortageStatus",,
EFFKGQA0495,Return the future demand analysis by technology category.,future_demand,direct_capability,direct_graph_supported,auto_answer,capability_inventory,0,1,5,,"[{""avgPercentageChange"": ""12.24875"", ""technologyCategory"": ""TechCategory_%3C%3D_7nm""}, {""avgPercentageChange"": ""3.7225"", ""technologyCategory"": ""TechCategory_10nm_to_%3C28nm""}, {""avgPercentageChange"": ""36.1225"", ""technologyCategory"": ""TechCategory_180nm_or_greater""}, {""avgPercentageChange"": ""12.375"", ""technologyCategory"": ""TechCategory_28nm_to_%3C45nm""}, {""avgPercentageChange"": ""2.9525"", ""technologyCategory"": ""TechCategory_55nm_to_180nm""}]","Answer: The query returned 5 row(s). Results: technology category: TechCategory_%3C%3D_7nm, avg percentage change: 12.24875; technology category: TechCategory_10nm_to_%3C28nm, avg percentage change: 3.7225; technology category: TechCategory_180nm_or_greater, avg percentage change: 36.1225; technology category: TechCategory_28nm_to_%3C45nm, avg percentage change: 12.375; technology category: TechCategory_55nm_to_180nm, avg percentage change: 2.9525.",,"SELECT ?technologyCategory (AVG(?pct) AS ?avgPercentageChange) WHERE { ?entry a survey:FutureDemandAnalysis ; survey:analyzesTechnologyCategory ?technology ; survey:percentageChange ?pct . OPTIONAL { ?technology survey:technologyCategoryName ?technologyName . } BIND(COALESCE(?technologyName, REPLACE(STR(?technology), ""^.*/"", """")) AS ?technologyCategory) } GROUP BY ?technologyCategory ORDER BY ?technologyCategory",,
EFFKGQA0496,Which technology category has the highest cancellation participant counts?,order_cancellation,llm_or_ranking,llm_ranking,llm_ranking,validated_retrieval,1,12,15,,"[{""participants"": ""1"", ""responseType"": ""Decrease"", ""technologyCategory"": ""OrderCancellationChange_Semi_10nm_to_lt28nm""}, {""participants"": ""2"", ""responseType"": ""Increase"", ""technologyCategory"": ""OrderCancellationChange_Semi_10nm_to_lt28nm""}, {""participants"": ""0"", ""responseType"": ""Stable"", ""technologyCategory"": ""OrderCancellationChange_Semi_10nm_to_lt28nm""}, {""participants"": ""2"", ""responseType"": ""Decrease"", ""technologyCategory"": ""OrderCancellationChange_Semi_180nm_or_greater""}, {""participants"": ""0"", ""responseType"": ""Increase"", ""technologyCategory"": ""OrderCancellationChange_Semi_180nm_or_greater""}, {""participants"": ""1"", ""responseType"": ""Stable"", ""technologyCategory"": ""OrderCancellationChange...",Answer: Order-cancellation results returned 15 row(s). The largest returned participants is Increase for OrderCancellationChange Semi 10nm to <28nm with 2.,selected_best_executable_candidate,"SELECT ?technologyCategory ?responseType ?participants WHERE { ?entry a survey:OrderCancellation ; survey:forTechnologyCategory ?tech ; survey:hasResponseType ?responseType ; survey:participantCount ?participants . BIND(REPLACE(STR(?tech), '^.*/', '') AS ?technologyCategory) } ORDER BY ?technologyCategory ?responseType",,
EFFKGQA0497,What are the future demand changes for each vehicle type?,future_demand,direct_capability,direct_graph_supported,auto_answer,capability_inventory,0,1,3,,"[{""avgPercentageChange"": ""1.505"", ""vehicleType"": ""BEHV""}, {""avgPercentageChange"": ""4.74375"", ""vehicleType"": ""BEV""}, {""avgPercentageChange"": ""0.845"", ""vehicleType"": ""ICE""}]","Answer: The query returned 3 row(s). Results: vehicle type: BEHV, avg percentage change: 1.505; vehicle type: BEV, avg percentage change: 4.74375; vehicle type: ICE, avg percentage change: 0.845.",,"SELECT ?vehicleType (AVG(?pct) AS ?avgPercentageChange) WHERE { ?entry a survey:FutureDemandAnalysis ; survey:analyzesVehicleType ?vehicle ; survey:percentageChange ?pct . BIND(REPLACE(STR(?vehicle), ""^.*/"", """") AS ?vehicleType) } GROUP BY ?vehicleType ORDER BY ?vehicleType",,
EFFKGQA0498,"From the graph, display future-demand percentage by region?",future_demand,direct_capability,direct_graph_supported,auto_answer,capability_inventory,0,1,5,,"[{""avgPercentageChange"": ""1993696.795238095238095238095238"", ""regionName"": ""Americas""}, {""avgPercentageChange"": ""1092445.9"", ""regionName"": ""Asia Pacific/All Other""}, {""avgPercentageChange"": ""2386112.016666666666666666666667"", ""regionName"": ""Asia Pacific/China""}, {""avgPercentageChange"": ""1491199.795238095238095238095238"", ""regionName"": ""Europe""}, {""avgPercentageChange"": ""369089.207142857142857142857143"", ""regionName"": ""Japan""}]","Answer: The query returned 5 row(s). Results: region name: Americas, avg percentage change: 1993696.795238095238095238095238; region name: Asia Pacific/All Other, avg percentage change: 1092445.9; region name: Asia Pacific/China, avg percentage change: 2386112.016666666666666666666667; region name: Europe, avg percentage change: 1491199.795238095238095238095238; region name: Japan, avg percentage change: 369089.207142857142857142857143.",,SELECT ?regionName (AVG(?pct) AS ?avgPercentageChange) WHERE { ?entry a survey:DemandForRegion ; survey:inRegion ?region ; survey:totalDemandPercentageChange ?pct . ?region survey:regionName ?regionName . } GROUP BY ?regionName ORDER BY ?regionName,,
EFFKGQA0499,Use the graph to show semiconductor current demand by region.,regional_demand,llm_or_ranking,direct_graph_supported,auto_answer,capability_inventory,0,1,5,,"[{""regionName"": ""Americas"", ""totalDemand"": ""35.0""}, {""regionName"": ""Asia Pacific/All Other"", ""totalDemand"": ""10.0""}, {""regionName"": ""Asia Pacific/China"", ""totalDemand"": ""20.0""}, {""regionName"": ""Europe"", ""totalDemand"": ""25.0""}, {""regionName"": ""Japan"", ""totalDemand"": ""10.0""}]","Answer: Regional demand returned 5 grouped row(s). Groups: region name: Americas, total demand: 35.0; region name: All Other, total demand: 10.0; region name: China, total demand: 20.0; region name: Europe, total demand: 25.0; region name: Japan, total demand: 10.0.",,"SELECT ?regionName (SUM(?demand) AS ?totalDemand) WHERE { BIND(""Semiconductor"" AS ?surveyGroup) ?entry a survey:DemandForRegion ; survey:hasSurveyOrigin ?origin ; survey:inRegion ?region ; survey:totalDemand ?demand . ?origin a survey:Semiconductor_Survey . ?region survey:regionName ?regionName . } GROUP BY ?regionName ORDER BY ?regionName",,
EFFKGQA0500,Which year has the highest autonomous driving development?,autonomous_driving,llm_or_ranking,direct_graph_supported,auto_answer,capability_inventory,0,1,3,,"[{""avgPercentage"": ""42.0"", ""year"": ""2025""}, {""avgPercentage"": ""62.0"", ""year"": ""2026""}, {""avgPercentage"": ""82.0"", ""year"": ""2027""}]","Answer: The query returned 3 row(s). Results: year: 2025, avg percentage: 42.0; year: 2026, avg percentage: 62.0; year: 2027, avg percentage: 82.0.",,SELECT ?year (AVG(?pct) AS ?avgPercentage) WHERE { ?entry a survey:AutonomousDrivingDevelopment ; survey:hasYear ?year ; survey:hasPercentage ?pct . } GROUP BY ?year ORDER BY ?year,,
