request_id,question,topic,expected_route,system_mode,route,selected_source,estimated_llm_calls,candidate_count,graph_row_count,graph_error,row_preview,selected_query,correctness,notes
EFFKGQA0001,Show sales volume by month.,vehicle_sales,llm_or_ranking,direct_graph_supported,auto_answer,capability_inventory,0,1,3,,"[{""monthLabel"": ""Apr 2023"", ""unitsSold"": ""6425650""}, {""monthLabel"": ""Apr 2024"", ""unitsSold"": ""6818720""}, {""monthLabel"": ""Apr 2025"", ""unitsSold"": ""7260983""}]","SELECT ?monthLabel (SUM(?units) AS ?unitsSold) WHERE { ?obs a survey:VehicleSalesObservation ; survey:forTimePeriod ?month ; survey:unitsSold ?units . OPTIONAL { ?month survey:periodLabel ?periodLabel . } BIND(COALESCE(?periodLabel, REPLACE(STR(?month), ""^.*/"", """")) AS ?monthLabel) } GROUP BY ?monthLabel ORDER BY ?monthLabel",,
EFFKGQA0002,"For the survey data, show regional demand by vehicle type?",regional_demand,llm_or_ranking,llm_ranking,llm_ranking,infineon,1,11,0,,,"SELECT ?regionName ?vehicleType (SUM(?unitsSold) AS ?totalDemand) WHERE { ?demandForRegion a survey:DemandForRegion ; survey:hasSurveyOrigin survey:OEM_Survey ; survey:inRegion ?region ; survey:totalDemand ?unitsSold ; survey:forVehicleType ?vehicle . ?region a survey:Region ; survey:regionName ?regionName . BIND(REPLACE(STR(?vehicle), '^.*/', '') AS ?vehicleType) } GROUP BY ?regionName ?vehicleType ORDER BY ?regionName ?vehicleType",,
EFFKGQA0003,"For the survey data, compare total demand across region?",regional_demand,llm_or_ranking,llm_ranking,llm_ranking,template,1,13,3,,"[{""regionName"": ""Asia Pacific/China"", ""totalDemand"": ""77885333.0""}, {""regionName"": ""Americas"", ""totalDemand"": ""67744523.0""}, {""regionName"": ""Europe"", ""totalDemand"": ""51729058.0""}]",SELECT ?regionName (SUM(?unitsSold) AS ?totalDemand) WHERE { ?demandForRegion a survey:DemandForRegion ; survey:inRegion ?region ; survey:totalDemand ?unitsSold . ?region a survey:Region ; survey:regionName ?regionName . } GROUP BY ?regionName ORDER BY DESC(?totalDemand),,
EFFKGQA0004,Use the graph to show current demand by region.,regional_demand,llm_or_ranking,direct_graph_supported,auto_answer,capability_inventory,0,1,3,,"[{""regionName"": ""Americas"", ""surveyGroup"": ""OEM"", ""totalDemand"": ""67744458.0""}, {""regionName"": ""Asia Pacific/All Other"", ""surveyGroup"": ""OEM"", ""totalDemand"": ""37293303.0""}, {""regionName"": ""Asia Pacific/China"", ""surveyGroup"": ""OEM"", ""totalDemand"": ""77885298.0""}]","SELECT ?surveyGroup ?regionName (SUM(?demand) AS ?totalDemand) WHERE { VALUES (?surveyClass ?surveyGroup) { (survey:OEM_Survey ""OEM"") (survey:Tier1_Survey ""Tier1"") (survey:Semiconductor_Survey ""Semiconductor"") } ?entry a survey:DemandForRegion ; survey:hasSurveyOrigin ?origin ; survey:inRegion ?region ; survey:totalDemand ?demand . ?origin a ?surveyClass . ?region survey:regionName ?regionName . } GROUP BY ?surveyGroup ?regionName ORDER BY ?surveyGroup ?regionName",,
EFFKGQA0005,"For future demand, show the result by vehicle type.",future_demand,direct_capability,direct_graph_supported,auto_answer,capability_inventory,0,1,3,,"[{""avgPercentageChange"": ""1.505"", ""vehicleType"": ""BEHV""}, {""avgPercentageChange"": ""4.74375"", ""vehicleType"": ""BEV""}, {""avgPercentageChange"": ""0.845"", ""vehicleType"": ""ICE""}]","SELECT ?vehicleType (AVG(?pct) AS ?avgPercentageChange) WHERE { ?entry a survey:FutureDemandAnalysis ; survey:analyzesVehicleType ?vehicle ; survey:percentageChange ?pct . BIND(REPLACE(STR(?vehicle), ""^.*/"", """") AS ?vehicleType) } GROUP BY ?vehicleType ORDER BY ?vehicleType",,
EFFKGQA0006,Summarize Tier1 current demand per region.,regional_demand,llm_or_ranking,direct_graph_supported,auto_answer,capability_inventory,0,1,3,,"[{""regionName"": ""Americas"", ""totalDemand"": ""30.0""}, {""regionName"": ""Asia Pacific/All Other"", ""totalDemand"": ""10.0""}, {""regionName"": ""Asia Pacific/China"", ""totalDemand"": ""15.0""}]","SELECT ?regionName (SUM(?demand) AS ?totalDemand) WHERE { BIND(""Tier1"" AS ?surveyGroup) ?entry a survey:DemandForRegion ; survey:hasSurveyOrigin ?origin ; survey:inRegion ?region ; survey:totalDemand ?demand . ?origin a survey:Tier1_Survey . ?region survey:regionName ?regionName . } GROUP BY ?regionName ORDER BY ?regionName",,
EFFKGQA0007,"From the graph, show future demand percentage changes by vehicle type?",future_demand,direct_capability,direct_graph_supported,auto_answer,capability_inventory,0,1,3,,"[{""avgPercentageChange"": ""1.505"", ""vehicleType"": ""BEHV""}, {""avgPercentageChange"": ""4.74375"", ""vehicleType"": ""BEV""}, {""avgPercentageChange"": ""0.845"", ""vehicleType"": ""ICE""}]","SELECT ?vehicleType (AVG(?pct) AS ?avgPercentageChange) WHERE { ?entry a survey:FutureDemandAnalysis ; survey:analyzesVehicleType ?vehicle ; survey:percentageChange ?pct . BIND(REPLACE(STR(?vehicle), ""^.*/"", """") AS ?vehicleType) } GROUP BY ?vehicleType ORDER BY ?vehicleType",,
EFFKGQA0008,Compare current demand across region.,regional_demand,llm_or_ranking,direct_graph_supported,auto_answer,capability_inventory,0,1,3,,"[{""regionName"": ""Americas"", ""surveyGroup"": ""OEM"", ""totalDemand"": ""67744458.0""}, {""regionName"": ""Asia Pacific/All Other"", ""surveyGroup"": ""OEM"", ""totalDemand"": ""37293303.0""}, {""regionName"": ""Asia Pacific/China"", ""surveyGroup"": ""OEM"", ""totalDemand"": ""77885298.0""}]","SELECT ?surveyGroup ?regionName (SUM(?demand) AS ?totalDemand) WHERE { VALUES (?surveyClass ?surveyGroup) { (survey:OEM_Survey ""OEM"") (survey:Tier1_Survey ""Tier1"") (survey:Semiconductor_Survey ""Semiconductor"") } ?entry a survey:DemandForRegion ; survey:hasSurveyOrigin ?origin ; survey:inRegion ?region ; survey:totalDemand ?demand . ?origin a ?surveyClass . ?region survey:regionName ?regionName . } GROUP BY ?surveyGroup ?regionName ORDER BY ?surveyGroup ?regionName",,
EFFKGQA0009,"From the graph, show current demand by region?",regional_demand,llm_or_ranking,direct_graph_supported,auto_answer,capability_inventory,0,1,3,,"[{""regionName"": ""Americas"", ""surveyGroup"": ""OEM"", ""totalDemand"": ""67744458.0""}, {""regionName"": ""Asia Pacific/All Other"", ""surveyGroup"": ""OEM"", ""totalDemand"": ""37293303.0""}, {""regionName"": ""Asia Pacific/China"", ""surveyGroup"": ""OEM"", ""totalDemand"": ""77885298.0""}]","SELECT ?surveyGroup ?regionName (SUM(?demand) AS ?totalDemand) WHERE { VALUES (?surveyClass ?surveyGroup) { (survey:OEM_Survey ""OEM"") (survey:Tier1_Survey ""Tier1"") (survey:Semiconductor_Survey ""Semiconductor"") } ?entry a survey:DemandForRegion ; survey:hasSurveyOrigin ?origin ; survey:inRegion ?region ; survey:totalDemand ?demand . ?origin a ?surveyClass . ?region survey:regionName ?regionName . } GROUP BY ?surveyGroup ?regionName ORDER BY ?surveyGroup ?regionName",,
EFFKGQA0010,Summarize SAE level development by SAE level.,autonomous_driving,llm_or_ranking,direct_graph_supported,auto_answer,capability_inventory,0,1,3,,"[{""avgPercentage"": ""42.0"", ""saeLevel"": ""SAE_Level_1""}, {""avgPercentage"": ""52.0"", ""saeLevel"": ""SAE_Level_2""}, {""avgPercentage"": ""62.0"", ""saeLevel"": ""SAE_Level_3""}]","SELECT ?saeLevel (AVG(?pct) AS ?avgPercentage) WHERE { ?entry a survey:AutonomousDrivingDevelopment ; survey:hasSAELevel ?sae ; survey:hasPercentage ?pct . BIND(REPLACE(STR(?sae), ""^.*/"", """") AS ?saeLevel) } GROUP BY ?saeLevel ORDER BY ?saeLevel",,
EFFKGQA0011,Show current demand by survey group.,regional_demand,llm_or_ranking,direct_graph_supported,auto_answer,capability_inventory,0,1,3,,"[{""surveyGroup"": ""OEM"", ""totalDemand"": ""248769210.0""}, {""surveyGroup"": ""Semiconductor"", ""totalDemand"": ""100.0""}, {""surveyGroup"": ""Tier1"", ""totalDemand"": ""100.0""}]","SELECT ?surveyGroup (SUM(?demand) AS ?totalDemand) WHERE { VALUES (?surveyClass ?surveyGroup) { (survey:OEM_Survey ""OEM"") (survey:Tier1_Survey ""Tier1"") (survey:Semiconductor_Survey ""Semiconductor"") } ?entry a survey:DemandForRegion ; survey:hasSurveyOrigin ?origin ; survey:totalDemand ?demand . ?origin a ?surveyClass . } GROUP BY ?surveyGroup ORDER BY ?surveyGroup",,
EFFKGQA0012,How does future demand evolve across quarter?,future_demand,direct_capability,direct_graph_supported,auto_answer,capability_inventory,0,1,3,,"[{""avgPercentageChange"": ""13.012777777777777777777778"", ""quarterLabel"": ""Current Quarter""}, {""avgPercentageChange"": ""10.57695652173913047826087"", ""quarterLabel"": ""Q1 2026""}, {""avgPercentageChange"": ""22.595217391304347826086957"", ""quarterLabel"": ""Q2 2025""}]",SELECT ?quarterLabel (AVG(?pct) AS ?avgPercentageChange) WHERE { ?entry a survey:FutureDemandAnalysis ; survey:forTimePeriod ?quarter ; survey:percentageChange ?pct . ?quarter survey:periodLabel ?quarterLabel . } GROUP BY ?quarterLabel ORDER BY ?quarterLabel,,
EFFKGQA0013,Compare component inventory by trend.,inventory,llm_or_ranking,direct_graph_supported,auto_answer,capability_inventory,0,1,3,,"[{""component"": ""Component_EV"", ""participantTotal"": ""1"", ""trend"": ""Decrease""}, {""component"": ""Component_EV"", ""participantTotal"": ""1"", ""trend"": ""Increase""}, {""component"": ""Component_EV"", ""participantTotal"": ""3"", ""trend"": ""Stable""}]",SELECT ?component ?trend (SUM(?participants) AS ?participantTotal) WHERE { ?entry a survey:InventoryDevelopment_Tier1 ; survey:forComponent ?component ; survey:inventoryTrend ?trend ; survey:participantCount ?participants . } GROUP BY ?component ?trend ORDER BY ?component ?trend,,
EFFKGQA0014,"Using the True Demand KG, give me OEM current demand grouped by survey group?",regional_demand,llm_or_ranking,direct_graph_supported,auto_answer,capability_inventory,0,1,1,,"[{""surveyGroup"": ""OEM"", ""totalDemand"": ""248769210.0""}]","SELECT ?surveyGroup (SUM(?demand) AS ?totalDemand) WHERE { BIND(""OEM"" AS ?surveyGroup) ?entry a survey:DemandForRegion ; survey:hasSurveyOrigin ?origin ; survey:totalDemand ?demand . ?origin a survey:OEM_Survey . } GROUP BY ?surveyGroup ORDER BY ?surveyGroup",,
EFFKGQA0015,Summarize autonomous driving development by SAE level.,autonomous_driving,llm_or_ranking,direct_graph_supported,auto_answer,capability_inventory,0,1,3,,"[{""avgPercentage"": ""42.0"", ""saeLevel"": ""SAE_Level_1""}, {""avgPercentage"": ""52.0"", ""saeLevel"": ""SAE_Level_2""}, {""avgPercentage"": ""62.0"", ""saeLevel"": ""SAE_Level_3""}]","SELECT ?saeLevel (AVG(?pct) AS ?avgPercentage) WHERE { ?entry a survey:AutonomousDrivingDevelopment ; survey:hasSAELevel ?sae ; survey:hasPercentage ?pct . BIND(REPLACE(STR(?sae), ""^.*/"", """") AS ?saeLevel) } GROUP BY ?saeLevel ORDER BY ?saeLevel",,
EFFKGQA0016,"For the survey data, give me semiconductor current demand grouped by region?",regional_demand,llm_or_ranking,direct_graph_supported,auto_answer,capability_inventory,0,1,3,,"[{""regionName"": ""Americas"", ""totalDemand"": ""35.0""}, {""regionName"": ""Asia Pacific/All Other"", ""totalDemand"": ""10.0""}, {""regionName"": ""Asia Pacific/China"", ""totalDemand"": ""20.0""}]","SELECT ?regionName (SUM(?demand) AS ?totalDemand) WHERE { BIND(""Semiconductor"" AS ?surveyGroup) ?entry a survey:DemandForRegion ; survey:hasSurveyOrigin ?origin ; survey:inRegion ?region ; survey:totalDemand ?demand . ?origin a survey:Semiconductor_Survey . ?region survey:regionName ?regionName . } GROUP BY ?regionName ORDER BY ?regionName",,
EFFKGQA0017,Return a breakdown of Tier1 current demand by vehicle type.,regional_demand,llm_or_ranking,llm_ranking,llm_ranking,validated_retrieval,1,5,3,,"[{""pct"": ""-0.36"", ""vehicle"": ""BEV""}, {""pct"": ""3.77"", ""vehicle"": ""BEHV""}, {""pct"": ""4.59"", ""vehicle"": ""ICE""}]","SELECT ?vehicle ?pct WHERE { ?agg a survey:AggregatedDemand ; survey:hasSurveyOrigin survey:OEM_Survey_Instance ; survey:isAggregatedResult true ; survey:forVehicleType ?veh ; survey:percentageChange ?pct . BIND( IF(?veh = survey:BEV, ""BEV"", IF(?veh = survey:BEHV, ""BEHV"", IF(?veh = survey:ICE, ""ICE"", """") ) ) AS ?vehicle ) FILTER(?vehicle != """") BIND( IF(?vehicle = ""BEV"", 1, IF(?vehicle = ""BEHV"", 2, IF(?vehicle = ""ICE"", 3, 4) ) ) AS ?ord ) } ORDER BY ?ord",,
EFFKGQA0018,Compare SAE level development across survey group.,autonomous_driving,llm_or_ranking,llm_ranking,llm_ranking,infineon,1,7,0,,,"SELECT ?surveyType (AVG(?pct) AS ?avgPercentage) WHERE { VALUES (?surveyClass ?surveyType) { (survey:OEM_Survey 'OEM') (survey:Tier1_Survey 'Tier1') (survey:Semiconductor_Survey 'Semiconductor') } ?devClass a ?devType ; survey:hasSurveyOrigin ?origin ; survey:hasDetail ?entry . ?origin a ?surveyClass . FILTER(?devType IN (survey:AutonomousDrivingDevelopment_OEM, survey:AutonomousDrivingDevelopment_Tier1)) ?entry a survey:AutonomousDrivingDevelopment ; survey:hasSAELevel ?sae ; survey:hasPercentage ?pct . FILTER(STR(?sae) = CONCAT(STR(survey:), 'SAE_Level_3')) } GROUP BY ?surveyType ORDER BY ?surveyType",,
EFFKGQA0019,Compare inventory responses by technology category.,inventory,llm_or_ranking,direct_graph_supported,auto_answer,capability_inventory,0,1,3,,"[{""entryCount"": ""1"", ""technologyCategory"": ""10nm_to_%3C28nm"", ""trend"": ""Decrease""}, {""entryCount"": ""1"", ""technologyCategory"": ""10nm_to_%3C28nm"", ""trend"": ""Increase""}, {""entryCount"": ""1"", ""technologyCategory"": ""180nm_or_greater"", ""trend"": ""Decrease""}]","SELECT ?technologyCategory ?trend (COUNT(?entry) AS ?entryCount) WHERE { ?entry a survey:InventoryDevelopment_Semi ; survey:forTechnologyCategory ?technology ; survey:hasInventoryTrend ?trend . BIND(REPLACE(STR(?technology), ""^.*/"", """") AS ?technologyCategory) } GROUP BY ?technologyCategory ?trend ORDER BY ?technologyCategory ?trend",,
EFFKGQA0020,"From the graph, summarize Tier1 current demand per survey group?",regional_demand,llm_or_ranking,direct_graph_supported,auto_answer,capability_inventory,0,1,1,,"[{""surveyGroup"": ""Tier1"", ""totalDemand"": ""100.0""}]","SELECT ?surveyGroup (SUM(?demand) AS ?totalDemand) WHERE { BIND(""Tier1"" AS ?surveyGroup) ?entry a survey:DemandForRegion ; survey:hasSurveyOrigin ?origin ; survey:totalDemand ?demand . ?origin a survey:Tier1_Survey . } GROUP BY ?surveyGroup ORDER BY ?surveyGroup",,
EFFKGQA0021,Return forecast vehicle sales grouped by time period.,vehicle_sales,llm_or_ranking,llm_ranking,llm_ranking,template,1,5,3,,"[{""forecastUnits"": ""6818720"", ""month"": ""time_Apr_2024""}, {""forecastUnits"": ""7260983"", ""month"": ""time_Apr_2025""}, {""forecastUnits"": ""7009380"", ""month"": ""time_Apr_2026""}]","SELECT ?month (SUM(?unitsSold) AS ?forecastUnits) WHERE { ?obs a survey:VehicleSalesObservation ; survey:isForecastData true ; survey:forTimePeriod ?period ; survey:unitsSold ?unitsSold . BIND(REPLACE(STR(?period), '^.*/', '') AS ?month) } GROUP BY ?month ORDER BY ?month",,
EFFKGQA0022,Which year has the highest sales volume?,vehicle_sales,llm_or_ranking,direct_graph_supported,auto_answer,capability_inventory,0,1,3,,"[{""unitsSold"": ""86125479"", ""year"": ""2023""}, {""unitsSold"": ""88109476"", ""year"": ""2024""}, {""unitsSold"": ""90166856"", ""year"": ""2025""}]","SELECT ?year (SUM(?units) AS ?unitsSold) WHERE { ?obs a survey:VehicleSalesObservation ; survey:forTimePeriod ?month ; survey:unitsSold ?units . OPTIONAL { ?month survey:periodLabel ?periodLabel . } BIND(COALESCE(?periodLabel, REPLACE(STR(?month), ""^.*/"", """")) AS ?label) BIND(REPLACE(STR(?label), ""^.*(20[0-9]{2}).*$"", ""$1"") AS ?year) } GROUP BY ?year ORDER BY ?year",,
EFFKGQA0023,Compare shortage status by survey group.,shortage,llm_or_ranking,direct_graph_supported,auto_answer,capability_inventory,0,1,3,,"[{""companyCount"": ""1"", ""shortageStatus"": ""no"", ""surveyGroup"": ""OEM""}, {""companyCount"": ""2"", ""shortageStatus"": ""yes"", ""surveyGroup"": ""OEM""}, {""companyCount"": ""1"", ""shortageStatus"": ""no"", ""surveyGroup"": ""Semiconductor""}]","SELECT ?surveyGroup ?shortageStatus (COUNT(?company) AS ?companyCount) WHERE { VALUES (?surveyClass ?surveyGroup) { (survey:OEM_Survey ""OEM"") (survey:Tier1_Survey ""Tier1"") (survey:Semiconductor_Survey ""Semiconductor"") } ?company a survey:Company ; survey:hasSurveyOrigin ?origin ; survey:reportsShortage ?shortage . ?origin a ?surveyClass . BIND(IF(?shortage = true, ""yes"", ""no"") AS ?shortageStatus) } GROUP BY ?surveyGroup ?shortageStatus ORDER BY ?surveyGroup ?shortageStatus",,
EFFKGQA0024,Which technology category appears most often in inventory development?,inventory,llm_or_ranking,direct_graph_supported,auto_answer,capability_inventory,0,1,3,,"[{""entryCount"": ""1"", ""technologyCategory"": ""10nm_to_%3C28nm"", ""trend"": ""Decrease""}, {""entryCount"": ""1"", ""technologyCategory"": ""10nm_to_%3C28nm"", ""trend"": ""Increase""}, {""entryCount"": ""1"", ""technologyCategory"": ""180nm_or_greater"", ""trend"": ""Decrease""}]","SELECT ?technologyCategory ?trend (COUNT(?entry) AS ?entryCount) WHERE { ?entry a survey:InventoryDevelopment_Semi ; survey:forTechnologyCategory ?technology ; survey:hasInventoryTrend ?trend . BIND(REPLACE(STR(?technology), ""^.*/"", """") AS ?technologyCategory) } GROUP BY ?technologyCategory ?trend ORDER BY ?technologyCategory ?trend",,
EFFKGQA0025,"For the survey data, future demand by technology category, please?",future_demand,direct_capability,llm_ranking,llm_ranking,validated_retrieval,1,9,1,,"[{""avgFutureChange"": ""36.1225"", ""techLabel"": ""TechCategory_180nm_or_greater""}]","SELECT ?techLabel (AVG(?pct) AS ?avgFutureChange) WHERE { ?entry a survey:FutureDemandAnalysis ; survey:analyzesTechnologyCategory ?tech ; survey:percentageChange ?pct . BIND(REPLACE(STR(?tech), '^.*/', '') AS ?techLabel) } GROUP BY ?techLabel ORDER BY DESC(?avgFutureChange) LIMIT 1",,
EFFKGQA0026,Return autonomous driving percentage grouped by survey group.,autonomous_driving,llm_or_ranking,llm_ranking,llm_ranking,infineon,1,5,0,,,"SELECT ?surveyType (AVG(?pct) AS ?avgPercentage) WHERE { VALUES (?surveyClass ?surveyType) { (survey:OEM_Survey 'OEM') (survey:Tier1_Survey 'Tier1') (survey:Semiconductor_Survey 'Semiconductor') } ?devClass a ?devType ; survey:hasSurveyOrigin ?origin ; survey:hasDetail ?entry . FILTER(?devType IN (survey:AutonomousDrivingDevelopment_OEM, survey:AutonomousDrivingDevelopment_Tier1)) ?origin a ?surveyClass . ?entry a survey:AutonomousDrivingDevelopment ; survey:hasPercentage ?pct . } GROUP BY ?surveyType ORDER BY ?surveyType",,
EFFKGQA0027,Return a breakdown of regional demand by survey group.,regional_demand,llm_or_ranking,direct_graph_supported,auto_answer,capability_inventory,0,1,3,,"[{""regionName"": ""Americas"", ""surveyGroup"": ""OEM"", ""totalDemand"": ""67744458.0""}, {""regionName"": ""Asia Pacific/All Other"", ""surveyGroup"": ""OEM"", ""totalDemand"": ""37293303.0""}, {""regionName"": ""Asia Pacific/China"", ""surveyGroup"": ""OEM"", ""totalDemand"": ""77885298.0""}]","SELECT ?surveyGroup ?regionName (SUM(?demand) AS ?totalDemand) WHERE { VALUES (?surveyClass ?surveyGroup) { (survey:OEM_Survey ""OEM"") (survey:Tier1_Survey ""Tier1"") (survey:Semiconductor_Survey ""Semiconductor"") } ?entry a survey:DemandForRegion ; survey:hasSurveyOrigin ?origin ; survey:inRegion ?region ; survey:totalDemand ?demand . ?origin a ?surveyClass . ?region survey:regionName ?regionName . } GROUP BY ?surveyGroup ?regionName ORDER BY ?surveyGroup ?regionName",,
EFFKGQA0028,"From the graph, return future demand values for each technology category?",future_demand,direct_capability,direct_graph_supported,auto_answer,capability_inventory,0,1,3,,"[{""avgPercentageChange"": ""12.24875"", ""technologyCategory"": ""TechCategory_%3C%3D_7nm""}, {""avgPercentageChange"": ""3.7225"", ""technologyCategory"": ""TechCategory_10nm_to_%3C28nm""}, {""avgPercentageChange"": ""36.1225"", ""technologyCategory"": ""TechCategory_180nm_or_greater""}]","SELECT ?technologyCategory (AVG(?pct) AS ?avgPercentageChange) WHERE { ?entry a survey:FutureDemandAnalysis ; survey:analyzesTechnologyCategory ?technology ; survey:percentageChange ?pct . OPTIONAL { ?technology survey:technologyCategoryName ?technologyName . } BIND(COALESCE(?technologyName, REPLACE(STR(?technology), ""^.*/"", """")) AS ?technologyCategory) } GROUP BY ?technologyCategory ORDER BY ?technologyCategory",,
EFFKGQA0029,Show forecast vehicle sales by year.,vehicle_sales,llm_or_ranking,direct_graph_supported,auto_answer,capability_inventory,0,1,3,,"[{""unitsSold"": ""88109476"", ""year"": ""2024""}, {""unitsSold"": ""90166856"", ""year"": ""2025""}, {""unitsSold"": ""90471186"", ""year"": ""2026""}]","SELECT ?year (SUM(?units) AS ?unitsSold) WHERE { ?obs a survey:VehicleSalesObservation ; survey:isForecastData true ; survey:forTimePeriod ?month ; survey:unitsSold ?units . OPTIONAL { ?month survey:periodLabel ?periodLabel . } BIND(COALESCE(?periodLabel, REPLACE(STR(?month), ""^.*/"", """")) AS ?label) BIND(REPLACE(STR(?label), ""^.*(20[0-9]{2}).*$"", ""$1"") AS ?year) } GROUP BY ?year ORDER BY ?year",,
EFFKGQA0030,Please compare regional demand across quarter?,regional_demand,llm_or_ranking,direct_graph_supported,auto_answer,capability_inventory,0,1,3,,"[{""regionName"": ""Americas"", ""surveyGroup"": ""OEM"", ""totalDemand"": ""67744458.0""}, {""regionName"": ""Asia Pacific/All Other"", ""surveyGroup"": ""OEM"", ""totalDemand"": ""37293303.0""}, {""regionName"": ""Asia Pacific/China"", ""surveyGroup"": ""OEM"", ""totalDemand"": ""77885298.0""}]","SELECT ?surveyGroup ?regionName (SUM(?demand) AS ?totalDemand) WHERE { VALUES (?surveyClass ?surveyGroup) { (survey:OEM_Survey ""OEM"") (survey:Tier1_Survey ""Tier1"") (survey:Semiconductor_Survey ""Semiconductor"") } ?entry a survey:DemandForRegion ; survey:hasSurveyOrigin ?origin ; survey:inRegion ?region ; survey:totalDemand ?demand . ?origin a ?surveyClass . ?region survey:regionName ?regionName . } GROUP BY ?surveyGroup ?regionName ORDER BY ?surveyGroup ?regionName",,
EFFKGQA0031,Return autonomous driving development grouped by year.,autonomous_driving,llm_or_ranking,direct_graph_supported,auto_answer,capability_inventory,0,1,3,,"[{""avgPercentage"": ""42.0"", ""year"": ""2025""}, {""avgPercentage"": ""62.0"", ""year"": ""2026""}, {""avgPercentage"": ""82.0"", ""year"": ""2027""}]",SELECT ?year (AVG(?pct) AS ?avgPercentage) WHERE { ?entry a survey:AutonomousDrivingDevelopment ; survey:hasYear ?year ; survey:hasPercentage ?pct . } GROUP BY ?year ORDER BY ?year,,
EFFKGQA0032,Show cancellation behavior by response type.,order_cancellation,llm_or_ranking,llm_ranking,llm_ranking,validated_retrieval,1,5,3,,"[{""participants"": ""1"", ""responseType"": ""Decrease"", ""technologyCategory"": ""OrderCancellationChange_Semi_10nm_to_lt28nm""}, {""participants"": ""2"", ""responseType"": ""Increase"", ""technologyCategory"": ""OrderCancellationChange_Semi_10nm_to_lt28nm""}, {""participants"": ""0"", ""responseType"": ""Stable"", ""technologyCategory"": ""OrderCancellationChange_Semi_10nm_to_lt28nm""}]","SELECT ?technologyCategory ?responseType ?participants WHERE { ?entry a survey:OrderCancellation ; survey:forTechnologyCategory ?tech ; survey:hasResponseType ?responseType ; survey:participantCount ?participants . BIND(REPLACE(STR(?tech), '^.*/', '') AS ?technologyCategory) } ORDER BY ?technologyCategory ?responseType",,
EFFKGQA0033,Return inventory responses grouped by component.,inventory,llm_or_ranking,direct_graph_supported,auto_answer,capability_inventory,0,1,3,,"[{""component"": ""Component_EV"", ""participantTotal"": ""1"", ""trend"": ""Decrease""}, {""component"": ""Component_EV"", ""participantTotal"": ""1"", ""trend"": ""Increase""}, {""component"": ""Component_EV"", ""participantTotal"": ""3"", ""trend"": ""Stable""}]",SELECT ?component ?trend (SUM(?participants) AS ?participantTotal) WHERE { ?entry a survey:InventoryDevelopment_Tier1 ; survey:forComponent ?component ; survey:inventoryTrend ?trend ; survey:participantCount ?participants . } GROUP BY ?component ?trend ORDER BY ?component ?trend,,
EFFKGQA0034,Compare reported shortages by survey group.,shortage,llm_or_ranking,direct_graph_supported,auto_answer,capability_inventory,0,1,3,,"[{""companyCount"": ""1"", ""shortageStatus"": ""no"", ""surveyGroup"": ""OEM""}, {""companyCount"": ""2"", ""shortageStatus"": ""yes"", ""surveyGroup"": ""OEM""}, {""companyCount"": ""1"", ""shortageStatus"": ""no"", ""surveyGroup"": ""Semiconductor""}]","SELECT ?surveyGroup ?shortageStatus (COUNT(?company) AS ?companyCount) WHERE { VALUES (?surveyClass ?surveyGroup) { (survey:OEM_Survey ""OEM"") (survey:Tier1_Survey ""Tier1"") (survey:Semiconductor_Survey ""Semiconductor"") } ?company a survey:Company ; survey:hasSurveyOrigin ?origin ; survey:reportsShortage ?shortage . ?origin a ?surveyClass . BIND(IF(?shortage = true, ""yes"", ""no"") AS ?shortageStatus) } GROUP BY ?surveyGroup ?shortageStatus ORDER BY ?surveyGroup ?shortageStatus",,
EFFKGQA0035,Show OEM current demand by vehicle type.,regional_demand,llm_or_ranking,llm_ranking,llm_ranking,validated_retrieval,1,5,3,,"[{""pct"": ""-0.36"", ""vehicle"": ""BEV""}, {""pct"": ""3.77"", ""vehicle"": ""BEHV""}, {""pct"": ""4.59"", ""vehicle"": ""ICE""}]","SELECT ?vehicle ?pct WHERE { ?agg a survey:AggregatedDemand ; survey:hasSurveyOrigin survey:OEM_Survey_Instance ; survey:isAggregatedResult true ; survey:forVehicleType ?veh ; survey:percentageChange ?pct . BIND( IF(?veh = survey:BEV, ""BEV"", IF(?veh = survey:BEHV, ""BEHV"", IF(?veh = survey:ICE, ""ICE"", """") ) ) AS ?vehicle ) FILTER(?vehicle != """") BIND( IF(?vehicle = ""BEV"", 1, IF(?vehicle = ""BEHV"", 2, IF(?vehicle = ""ICE"", 3, 4) ) ) AS ?ord ) } ORDER BY ?ord",,
EFFKGQA0036,What does future demand look like for each technology category?,future_demand,direct_capability,llm_ranking,llm_ranking,infineon,1,8,3,,"[{""futureDemand"": ""9.03"", ""techLabel"": ""TechCategory_%3C%3D_7nm""}, {""futureDemand"": ""1.33"", ""techLabel"": ""TechCategory_%3C%3D_7nm""}, {""futureDemand"": ""55.19"", ""techLabel"": ""TechCategory_%3C%3D_7nm""}]","SELECT ?techLabel ?futureDemand WHERE { ?entry a survey:FutureDemandAnalysis ; survey:analyzesTechnologyCategory ?tech ; survey:percentageChange ?futureDemand . BIND(REPLACE(STR(?tech), '^.*/', '') AS ?techLabel) } ORDER BY ?techLabel",,
EFFKGQA0037,Summarize reported shortages across technology category.,shortage,llm_or_ranking,llm_ranking,llm_ranking,infineon,1,13,0,,,"SELECT ?technologyCategoryName (SUM(IF(?Shortage = true, 1, 0)) AS ?ShortageCount) (SUM(IF(?Shortage = false, 1, 0)) AS ?NoShortageCount) WHERE { ?Company a survey:Company ; survey:hasSurveyOrigin ?origin ; survey:reportsShortage ?Shortage ; survey:isActiveInCategory ?techCat . ?techCat a survey:TechnologyCategory ; survey:technologyCategoryName ?technologyCategoryName . } GROUP BY ?technologyCategoryName ORDER BY ?technologyCategoryName",,
EFFKGQA0038,Please give me OEM current demand grouped by quarter?,regional_demand,llm_or_ranking,llm_ranking,llm_ranking,infineon,1,5,0,,,"SELECT ?quarterLabel (SUM(?unitsSold) AS ?totalDemand) WHERE { ?entry a survey:CurrentDemandAnalysis ; survey:hasSurveyOrigin survey:OEM_Survey ; survey:forTimePeriod ?quarter ; survey:hasAggregatedResult ?regionDemand . ?regionDemand a survey:DemandForRegion ; survey:totalDemand ?unitsSold . BIND(REPLACE(STR(?quarter), '^.*/', '') AS ?quarterLabel) } GROUP BY ?quarterLabel ORDER BY ?quarterLabel",,
EFFKGQA0039,Summarize component inventory across component.,inventory,llm_or_ranking,direct_graph_supported,auto_answer,capability_inventory,0,1,3,,"[{""component"": ""Component_EV"", ""participantTotal"": ""1"", ""trend"": ""Decrease""}, {""component"": ""Component_EV"", ""participantTotal"": ""1"", ""trend"": ""Increase""}, {""component"": ""Component_EV"", ""participantTotal"": ""3"", ""trend"": ""Stable""}]",SELECT ?component ?trend (SUM(?participants) AS ?participantTotal) WHERE { ?entry a survey:InventoryDevelopment_Tier1 ; survey:forComponent ?component ; survey:inventoryTrend ?trend ; survey:participantCount ?participants . } GROUP BY ?component ?trend ORDER BY ?component ?trend,,
EFFKGQA0040,Compare cancellation participant counts by technology category.,order_cancellation,llm_or_ranking,llm_ranking,llm_ranking,infineon,1,13,3,,"[{""category"": ""OrderCancellationChange_Semi_10nm_to_lt28nm"", ""participantCount"": ""3""}, {""category"": ""OrderCancellationChange_Semi_180nm_or_greater"", ""participantCount"": ""3""}, {""category"": ""OrderCancellationChange_Semi_28nm_to_lt45nm"", ""participantCount"": ""3""}]","SELECT ?category (SUM(?count) AS ?participantCount) WHERE { ?entry a survey:OrderCancellation ; survey:forTechnologyCategory ?tech ; survey:participantCount ?count . BIND(REPLACE(STR(?tech), '^.*/', '') AS ?category) } GROUP BY ?category ORDER BY ?category",,
EFFKGQA0041,Compare inventory development by trend.,inventory,llm_or_ranking,llm_ranking,llm_ranking,infineon,1,7,0,,,SELECT ?trend (COUNT(?inv) AS ?count) WHERE { ?inv a survey:InventoryDevelopment_Semi ; survey:inventoryTrend ?trend . } GROUP BY ?trend ORDER BY DESC(?count),,
EFFKGQA0042,How many companies are in each shortage status for shortage status?,shortage,llm_or_ranking,direct_graph_supported,auto_answer,capability_inventory,0,1,2,,"[{""companyCount"": ""3"", ""shortageStatus"": ""no""}, {""companyCount"": ""6"", ""shortageStatus"": ""yes""}]","SELECT ?shortageStatus (COUNT(?company) AS ?companyCount) WHERE { VALUES (?surveyClass ?surveyGroup) { (survey:OEM_Survey ""OEM"") (survey:Tier1_Survey ""Tier1"") (survey:Semiconductor_Survey ""Semiconductor"") } ?company a survey:Company ; survey:hasSurveyOrigin ?origin ; survey:reportsShortage ?shortage . ?origin a ?surveyClass . BIND(IF(?shortage = true, ""yes"", ""no"") AS ?shortageStatus) } GROUP BY ?shortageStatus ORDER BY ?shortageStatus",,
EFFKGQA0043,Return companies reporting shortage grouped by survey group.,shortage,llm_or_ranking,direct_graph_supported,auto_answer,capability_inventory,0,1,3,,"[{""companyCount"": ""1"", ""shortageStatus"": ""no"", ""surveyGroup"": ""OEM""}, {""companyCount"": ""2"", ""shortageStatus"": ""yes"", ""surveyGroup"": ""OEM""}, {""companyCount"": ""1"", ""shortageStatus"": ""no"", ""surveyGroup"": ""Semiconductor""}]","SELECT ?surveyGroup ?shortageStatus (COUNT(?company) AS ?companyCount) WHERE { VALUES (?surveyClass ?surveyGroup) { (survey:OEM_Survey ""OEM"") (survey:Tier1_Survey ""Tier1"") (survey:Semiconductor_Survey ""Semiconductor"") } ?company a survey:Company ; survey:hasSurveyOrigin ?origin ; survey:reportsShortage ?shortage . ?origin a ?surveyClass . BIND(IF(?shortage = true, ""yes"", ""no"") AS ?shortageStatus) } GROUP BY ?surveyGroup ?shortageStatus ORDER BY ?surveyGroup ?shortageStatus",,
EFFKGQA0044,Compare autonomous driving development across SAE level.,autonomous_driving,llm_or_ranking,direct_graph_supported,auto_answer,capability_inventory,0,1,3,,"[{""avgPercentage"": ""42.0"", ""saeLevel"": ""SAE_Level_1""}, {""avgPercentage"": ""52.0"", ""saeLevel"": ""SAE_Level_2""}, {""avgPercentage"": ""62.0"", ""saeLevel"": ""SAE_Level_3""}]","SELECT ?saeLevel (AVG(?pct) AS ?avgPercentage) WHERE { ?entry a survey:AutonomousDrivingDevelopment ; survey:hasSAELevel ?sae ; survey:hasPercentage ?pct . BIND(REPLACE(STR(?sae), ""^.*/"", """") AS ?saeLevel) } GROUP BY ?saeLevel ORDER BY ?saeLevel",,
EFFKGQA0045,Summarize future demand across quarter.,future_demand,direct_capability,direct_graph_supported,auto_answer,capability_inventory,0,1,3,,"[{""avgPercentageChange"": ""13.012777777777777777777778"", ""quarterLabel"": ""Current Quarter""}, {""avgPercentageChange"": ""10.57695652173913047826087"", ""quarterLabel"": ""Q1 2026""}, {""avgPercentageChange"": ""22.595217391304347826086957"", ""quarterLabel"": ""Q2 2025""}]",SELECT ?quarterLabel (AVG(?pct) AS ?avgPercentageChange) WHERE { ?entry a survey:FutureDemandAnalysis ; survey:forTimePeriod ?quarter ; survey:percentageChange ?pct . ?quarter survey:periodLabel ?quarterLabel . } GROUP BY ?quarterLabel ORDER BY ?quarterLabel,,
EFFKGQA0046,Which component appears most often in component inventory?,inventory,llm_or_ranking,direct_graph_supported,auto_answer,capability_inventory,0,1,3,,"[{""component"": ""Component_EV"", ""participantTotal"": ""1"", ""trend"": ""Decrease""}, {""component"": ""Component_EV"", ""participantTotal"": ""1"", ""trend"": ""Increase""}, {""component"": ""Component_EV"", ""participantTotal"": ""3"", ""trend"": ""Stable""}]",SELECT ?component ?trend (SUM(?participants) AS ?participantTotal) WHERE { ?entry a survey:InventoryDevelopment_Tier1 ; survey:forComponent ?component ; survey:inventoryTrend ?trend ; survey:participantCount ?participants . } GROUP BY ?component ?trend ORDER BY ?component ?trend,,
EFFKGQA0047,"For the survey data, summarize semiconductor current demand per vehicle type?",regional_demand,llm_or_ranking,llm_ranking,llm_ranking,infineon,1,5,0,,,"SELECT ?vehicleType (SUM(?demand) AS ?totalDemand) WHERE { ?entry a survey:CurrentDemandAnalysis ; survey:hasSurveyOrigin survey:Semiconductor_Survey ; survey:analyzesVehicleType ?vehicle ; survey:percentageChange ?demand . BIND(REPLACE(STR(?vehicle), '^.*/', '') AS ?vehicleType) } GROUP BY ?vehicleType",,
EFFKGQA0048,Summarize Tier1 current demand per vehicle type.,regional_demand,llm_or_ranking,llm_ranking,llm_ranking,validated_retrieval,1,5,3,,"[{""pct"": ""-0.36"", ""vehicle"": ""BEV""}, {""pct"": ""3.77"", ""vehicle"": ""BEHV""}, {""pct"": ""4.59"", ""vehicle"": ""ICE""}]","SELECT ?vehicle ?pct WHERE { ?agg a survey:AggregatedDemand ; survey:hasSurveyOrigin survey:OEM_Survey_Instance ; survey:isAggregatedResult true ; survey:forVehicleType ?veh ; survey:percentageChange ?pct . BIND( IF(?veh = survey:BEV, ""BEV"", IF(?veh = survey:BEHV, ""BEHV"", IF(?veh = survey:ICE, ""ICE"", """") ) ) AS ?vehicle ) FILTER(?vehicle != """") BIND( IF(?vehicle = ""BEV"", 1, IF(?vehicle = ""BEHV"", 2, IF(?vehicle = ""ICE"", 3, 4) ) ) AS ?ord ) } ORDER BY ?ord",,
EFFKGQA0049,What is the average future demand percentage change by technology category?,future_demand,direct_capability,direct_graph_supported,auto_answer,capability_inventory,0,1,3,,"[{""avgPercentageChange"": ""12.24875"", ""technologyCategory"": ""TechCategory_%3C%3D_7nm""}, {""avgPercentageChange"": ""3.7225"", ""technologyCategory"": ""TechCategory_10nm_to_%3C28nm""}, {""avgPercentageChange"": ""36.1225"", ""technologyCategory"": ""TechCategory_180nm_or_greater""}]","SELECT ?technologyCategory (AVG(?pct) AS ?avgPercentageChange) WHERE { ?entry a survey:FutureDemandAnalysis ; survey:analyzesTechnologyCategory ?technology ; survey:percentageChange ?pct . OPTIONAL { ?technology survey:technologyCategoryName ?technologyName . } BIND(COALESCE(?technologyName, REPLACE(STR(?technology), ""^.*/"", """")) AS ?technologyCategory) } GROUP BY ?technologyCategory ORDER BY ?technologyCategory",,
EFFKGQA0050,What does future demand look like for each quarter?,future_demand,direct_capability,llm_ranking,llm_ranking,infineon,1,11,3,,"[{""pct"": ""9.03"", ""quarterLabel"": ""Current Quarter""}, {""pct"": ""9.03"", ""quarterLabel"": ""Current Quarter""}, {""pct"": ""9.03"", ""quarterLabel"": ""Current Quarter""}]","SELECT ?quarterLabel ?pct WHERE { ?entry a survey:FutureDemandAnalysis ; survey:forTimePeriod ?quarter ; survey:percentageChange ?pct . BIND(REPLACE(STR(?quarter), '^.*/', '') AS ?quarterLabel) } ORDER BY ?quarterLabel",,
EFFKGQA0051,What is the total regional demand for each quarter?,regional_demand,llm_or_ranking,direct_graph_supported,auto_answer,capability_inventory,0,1,3,,"[{""regionName"": ""Americas"", ""surveyGroup"": ""OEM"", ""totalDemand"": ""67744458.0""}, {""regionName"": ""Asia Pacific/All Other"", ""surveyGroup"": ""OEM"", ""totalDemand"": ""37293303.0""}, {""regionName"": ""Asia Pacific/China"", ""surveyGroup"": ""OEM"", ""totalDemand"": ""77885298.0""}]","SELECT ?surveyGroup ?regionName (SUM(?demand) AS ?totalDemand) WHERE { VALUES (?surveyClass ?surveyGroup) { (survey:OEM_Survey ""OEM"") (survey:Tier1_Survey ""Tier1"") (survey:Semiconductor_Survey ""Semiconductor"") } ?entry a survey:DemandForRegion ; survey:hasSurveyOrigin ?origin ; survey:inRegion ?region ; survey:totalDemand ?demand . ?origin a ?surveyClass . ?region survey:regionName ?regionName . } GROUP BY ?surveyGroup ?regionName ORDER BY ?surveyGroup ?regionName",,
EFFKGQA0052,"Using the True Demand KG, what are the future demand changes for each region?",future_demand,direct_capability,direct_graph_supported,auto_answer,capability_inventory,0,1,3,,"[{""avgPercentageChange"": ""1993696.795238095238095238095238"", ""regionName"": ""Americas""}, {""avgPercentageChange"": ""1092445.9"", ""regionName"": ""Asia Pacific/All Other""}, {""avgPercentageChange"": ""2386112.016666666666666666666667"", ""regionName"": ""Asia Pacific/China""}]",SELECT ?regionName (AVG(?pct) AS ?avgPercentageChange) WHERE { ?entry a survey:DemandForRegion ; survey:inRegion ?region ; survey:totalDemandPercentageChange ?pct . ?region survey:regionName ?regionName . } GROUP BY ?regionName ORDER BY ?regionName,,
EFFKGQA0053,"For the survey data, return a breakdown of Tier1 current demand by quarter?",regional_demand,llm_or_ranking,llm_ranking,llm_ranking,infineon,1,5,0,,,"SELECT ?quarterLabel ?entry WHERE { survey:Tier1CurrentDemand a survey:CurrentDemandAnalysis ; survey:hasAggregatedResult ?entry ; survey:hasSurveyOrigin survey:Tier1_Survey . ?entry a survey:DemandForRegion ; survey:forTimePeriod ?quarter . ?quarter a survey:Quarter . BIND(REPLACE(STR(?quarter), '^.*/', '') AS ?quarterLabel) } ORDER BY ?quarterLabel",,
EFFKGQA0054,Please i need future demand grouped by quarter?,future_demand,direct_capability,direct_graph_supported,auto_answer,capability_inventory,0,1,3,,"[{""avgPercentageChange"": ""13.012777777777777777777778"", ""quarterLabel"": ""Current Quarter""}, {""avgPercentageChange"": ""10.57695652173913047826087"", ""quarterLabel"": ""Q1 2026""}, {""avgPercentageChange"": ""22.595217391304347826086957"", ""quarterLabel"": ""Q2 2025""}]",SELECT ?quarterLabel (AVG(?pct) AS ?avgPercentageChange) WHERE { ?entry a survey:FutureDemandAnalysis ; survey:forTimePeriod ?quarter ; survey:percentageChange ?pct . ?quarter survey:periodLabel ?quarterLabel . } GROUP BY ?quarterLabel ORDER BY ?quarterLabel,,
EFFKGQA0055,Can you give me the future demand overview by vehicle type?,future_demand,direct_capability,direct_graph_supported,auto_answer,capability_inventory,0,1,3,,"[{""avgPercentageChange"": ""1.505"", ""vehicleType"": ""BEHV""}, {""avgPercentageChange"": ""4.74375"", ""vehicleType"": ""BEV""}, {""avgPercentageChange"": ""0.845"", ""vehicleType"": ""ICE""}]","SELECT ?vehicleType (AVG(?pct) AS ?avgPercentageChange) WHERE { ?entry a survey:FutureDemandAnalysis ; survey:analyzesVehicleType ?vehicle ; survey:percentageChange ?pct . BIND(REPLACE(STR(?vehicle), ""^.*/"", """") AS ?vehicleType) } GROUP BY ?vehicleType ORDER BY ?vehicleType",,
EFFKGQA0056,Return a breakdown of total demand by quarter.,regional_demand,llm_or_ranking,llm_ranking,llm_ranking,infineon,1,12,0,,,SELECT ?quarter (SUM(?totalDemand) AS ?total) WHERE { ?demandForRegion a survey:DemandForRegion ; survey:forTimePeriod ?quarter ; survey:totalDemand ?totalDemand . ?quarter a survey:Quarter . } GROUP BY ?quarter ORDER BY ?quarter,,
EFFKGQA0057,Count shortage information for each technology category.,shortage,llm_or_ranking,llm_ranking,llm_ranking,validated_retrieval,1,13,2,,"[{""Count"": ""1"", ""ShortageStatus"": ""no""}, {""Count"": ""2"", ""ShortageStatus"": ""yes""}]","SELECT ?ShortageStatus (COUNT(?Company) AS ?Count) WHERE { ?Company a survey:Company ; survey:hasSurveyOrigin ?origin ; survey:reportsShortage ?Shortage . ?origin a survey:OEM_Survey . BIND(IF(?Shortage = true, ""yes"", ""no"") AS ?ShortageStatus) } GROUP BY ?ShortageStatus",,
EFFKGQA0058,Summarize self-driving development by year.,autonomous_driving,llm_or_ranking,direct_graph_supported,auto_answer,capability_inventory,0,1,3,,"[{""avgPercentage"": ""42.0"", ""year"": ""2025""}, {""avgPercentage"": ""62.0"", ""year"": ""2026""}, {""avgPercentage"": ""82.0"", ""year"": ""2027""}]",SELECT ?year (AVG(?pct) AS ?avgPercentage) WHERE { ?entry a survey:AutonomousDrivingDevelopment ; survey:hasYear ?year ; survey:hasPercentage ?pct . } GROUP BY ?year ORDER BY ?year,,
EFFKGQA0059,Summarize cancellation behavior across technology category.,order_cancellation,llm_or_ranking,llm_ranking,llm_ranking,validated_retrieval,1,13,3,,"[{""participantCount"": ""1"", ""responseType"": ""Decrease"", ""technologyCategory"": ""OrderCancellationChange_Semi_10nm_to_lt28nm""}, {""participantCount"": ""2"", ""responseType"": ""Increase"", ""technologyCategory"": ""OrderCancellationChange_Semi_10nm_to_lt28nm""}, {""participantCount"": ""0"", ""responseType"": ""Stable"", ""technologyCategory"": ""OrderCancellationChange_Semi_10nm_to_lt28nm""}]","SELECT ?technologyCategory ?responseType (SUM(?participants) AS ?participantCount) WHERE { ?entry a survey:OrderCancellation ; survey:forTechnologyCategory ?tech ; survey:hasResponseType ?responseType ; survey:participantCount ?participants . BIND(REPLACE(STR(?tech), '^.*/', '') AS ?technologyCategory) } GROUP BY ?technologyCategory ?responseType ORDER BY ?technologyCategory ?responseType",,
EFFKGQA0060,Compare order cancellation by technology category.,order_cancellation,llm_or_ranking,direct_graph_supported,auto_answer,capability_inventory,0,1,3,,"[{""participantCount"": ""3"", ""technologyCategory"": ""OrderCancellationChange_Semi_10nm_to_lt28nm""}, {""participantCount"": ""3"", ""technologyCategory"": ""OrderCancellationChange_Semi_180nm_or_greater""}, {""participantCount"": ""3"", ""technologyCategory"": ""OrderCancellationChange_Semi_28nm_to_lt45nm""}]","SELECT ?technologyCategory (SUM(?participants) AS ?participantCount) WHERE { ?entry a survey:OrderCancellation ; survey:forTechnologyCategory ?technology ; survey:participantCount ?participants . BIND(REPLACE(STR(?technology), ""^.*/"", """") AS ?technologyCategory) } GROUP BY ?technologyCategory ORDER BY ?technologyCategory",,
EFFKGQA0061,Can you what is the total semiconductor current demand for each region?,regional_demand,llm_or_ranking,direct_graph_supported,auto_answer,capability_inventory,0,1,3,,"[{""regionName"": ""Americas"", ""totalDemand"": ""35.0""}, {""regionName"": ""Asia Pacific/All Other"", ""totalDemand"": ""10.0""}, {""regionName"": ""Asia Pacific/China"", ""totalDemand"": ""20.0""}]","SELECT ?regionName (SUM(?demand) AS ?totalDemand) WHERE { BIND(""Semiconductor"" AS ?surveyGroup) ?entry a survey:DemandForRegion ; survey:hasSurveyOrigin ?origin ; survey:inRegion ?region ; survey:totalDemand ?demand . ?origin a survey:Semiconductor_Survey . ?region survey:regionName ?regionName . } GROUP BY ?regionName ORDER BY ?regionName",,
EFFKGQA0062,Use the graph to show Tier1 current demand by region.,regional_demand,llm_or_ranking,direct_graph_supported,auto_answer,capability_inventory,0,1,3,,"[{""regionName"": ""Americas"", ""totalDemand"": ""30.0""}, {""regionName"": ""Asia Pacific/All Other"", ""totalDemand"": ""10.0""}, {""regionName"": ""Asia Pacific/China"", ""totalDemand"": ""15.0""}]","SELECT ?regionName (SUM(?demand) AS ?totalDemand) WHERE { BIND(""Tier1"" AS ?surveyGroup) ?entry a survey:DemandForRegion ; survey:hasSurveyOrigin ?origin ; survey:inRegion ?region ; survey:totalDemand ?demand . ?origin a survey:Tier1_Survey . ?region survey:regionName ?regionName . } GROUP BY ?regionName ORDER BY ?regionName",,
EFFKGQA0063,Can you what is the average future demand percentage change by region?,future_demand,direct_capability,direct_graph_supported,auto_answer,capability_inventory,0,1,3,,"[{""avgPercentageChange"": ""1993696.795238095238095238095238"", ""regionName"": ""Americas""}, {""avgPercentageChange"": ""1092445.9"", ""regionName"": ""Asia Pacific/All Other""}, {""avgPercentageChange"": ""2386112.016666666666666666666667"", ""regionName"": ""Asia Pacific/China""}]",SELECT ?regionName (AVG(?pct) AS ?avgPercentageChange) WHERE { ?entry a survey:DemandForRegion ; survey:inRegion ?region ; survey:totalDemandPercentageChange ?pct . ?region survey:regionName ?regionName . } GROUP BY ?regionName ORDER BY ?regionName,,
EFFKGQA0064,Summarize vehicle sales units over month.,vehicle_sales,llm_or_ranking,direct_graph_supported,auto_answer,capability_inventory,0,1,3,,"[{""monthLabel"": ""Apr 2023"", ""unitsSold"": ""6425650""}, {""monthLabel"": ""Apr 2024"", ""unitsSold"": ""6818720""}, {""monthLabel"": ""Apr 2025"", ""unitsSold"": ""7260983""}]","SELECT ?monthLabel (SUM(?units) AS ?unitsSold) WHERE { ?obs a survey:VehicleSalesObservation ; survey:forTimePeriod ?month ; survey:unitsSold ?units . OPTIONAL { ?month survey:periodLabel ?periodLabel . } BIND(COALESCE(?periodLabel, REPLACE(STR(?month), ""^.*/"", """")) AS ?monthLabel) } GROUP BY ?monthLabel ORDER BY ?monthLabel",,
EFFKGQA0065,Give monthly results for vehicle sales units.,vehicle_sales,llm_or_ranking,direct_graph_supported,auto_answer,capability_inventory,0,1,3,,"[{""monthLabel"": ""Apr 2023"", ""unitsSold"": ""6425650""}, {""monthLabel"": ""Apr 2024"", ""unitsSold"": ""6818720""}, {""monthLabel"": ""Apr 2025"", ""unitsSold"": ""7260983""}]","SELECT ?monthLabel (SUM(?units) AS ?unitsSold) WHERE { ?obs a survey:VehicleSalesObservation ; survey:forTimePeriod ?month ; survey:unitsSold ?units . OPTIONAL { ?month survey:periodLabel ?periodLabel . } BIND(COALESCE(?periodLabel, REPLACE(STR(?month), ""^.*/"", """")) AS ?monthLabel) } GROUP BY ?monthLabel ORDER BY ?monthLabel",,
EFFKGQA0066,"For the survey data, how does future demand change by technology category?",future_demand,direct_capability,llm_ranking,llm_ranking,validated_retrieval,1,9,1,,"[{""avgFutureChange"": ""36.1225"", ""techLabel"": ""TechCategory_180nm_or_greater""}]","SELECT ?techLabel (AVG(?pct) AS ?avgFutureChange) WHERE { ?entry a survey:FutureDemandAnalysis ; survey:analyzesTechnologyCategory ?tech ; survey:percentageChange ?pct . BIND(REPLACE(STR(?tech), '^.*/', '') AS ?techLabel) } GROUP BY ?techLabel ORDER BY DESC(?avgFutureChange) LIMIT 1",,
EFFKGQA0067,Show vehicles sold by year.,vehicle_sales,llm_or_ranking,direct_graph_supported,auto_answer,capability_inventory,0,1,3,,"[{""unitsSold"": ""86125479"", ""year"": ""2023""}, {""unitsSold"": ""88109476"", ""year"": ""2024""}, {""unitsSold"": ""90166856"", ""year"": ""2025""}]","SELECT ?year (SUM(?units) AS ?unitsSold) WHERE { ?obs a survey:VehicleSalesObservation ; survey:forTimePeriod ?month ; survey:unitsSold ?units . OPTIONAL { ?month survey:periodLabel ?periodLabel . } BIND(COALESCE(?periodLabel, REPLACE(STR(?month), ""^.*/"", """")) AS ?label) BIND(REPLACE(STR(?label), ""^.*(20[0-9]{2}).*$"", ""$1"") AS ?year) } GROUP BY ?year ORDER BY ?year",,
EFFKGQA0068,"Using the True Demand KG, what is the total current demand for each quarter?",regional_demand,llm_or_ranking,llm_ranking,llm_ranking,infineon,1,5,0,,,SELECT ?quarterLabel (SUM(?demand) AS ?totalCurrentDemand) WHERE { ?analysis a survey:CurrentDemandAnalysis ; survey:forTimePeriod ?quarter ; survey:hasAggregatedResult ?entry . ?entry survey:percentageChange ?demand . ?quarter a survey:Quarter ; survey:periodLabel ?quarterLabel . } GROUP BY ?quarterLabel,,
EFFKGQA0069,Can you what is the total regional demand for each region?,regional_demand,llm_or_ranking,direct_graph_supported,auto_answer,capability_inventory,0,1,3,,"[{""regionName"": ""Americas"", ""surveyGroup"": ""OEM"", ""totalDemand"": ""67744458.0""}, {""regionName"": ""Asia Pacific/All Other"", ""surveyGroup"": ""OEM"", ""totalDemand"": ""37293303.0""}, {""regionName"": ""Asia Pacific/China"", ""surveyGroup"": ""OEM"", ""totalDemand"": ""77885298.0""}]","SELECT ?surveyGroup ?regionName (SUM(?demand) AS ?totalDemand) WHERE { VALUES (?surveyClass ?surveyGroup) { (survey:OEM_Survey ""OEM"") (survey:Tier1_Survey ""Tier1"") (survey:Semiconductor_Survey ""Semiconductor"") } ?entry a survey:DemandForRegion ; survey:hasSurveyOrigin ?origin ; survey:inRegion ?region ; survey:totalDemand ?demand . ?origin a ?surveyClass . ?region survey:regionName ?regionName . } GROUP BY ?surveyGroup ?regionName ORDER BY ?surveyGroup ?regionName",,
EFFKGQA0070,Compare autonomous driving percentage across year.,autonomous_driving,llm_or_ranking,direct_graph_supported,auto_answer,capability_inventory,0,1,3,,"[{""avgPercentage"": ""42.0"", ""year"": ""2025""}, {""avgPercentage"": ""62.0"", ""year"": ""2026""}, {""avgPercentage"": ""82.0"", ""year"": ""2027""}]",SELECT ?year (AVG(?pct) AS ?avgPercentage) WHERE { ?entry a survey:AutonomousDrivingDevelopment ; survey:hasYear ?year ; survey:hasPercentage ?pct . } GROUP BY ?year ORDER BY ?year,,
EFFKGQA0071,Show average autonomous driving percentage by year.,autonomous_driving,llm_or_ranking,direct_graph_supported,auto_answer,capability_inventory,0,1,3,,"[{""avgPercentage"": ""42.0"", ""year"": ""2025""}, {""avgPercentage"": ""62.0"", ""year"": ""2026""}, {""avgPercentage"": ""82.0"", ""year"": ""2027""}]",SELECT ?year (AVG(?pct) AS ?avgPercentage) WHERE { ?entry a survey:AutonomousDrivingDevelopment ; survey:hasYear ?year ; survey:hasPercentage ?pct . } GROUP BY ?year ORDER BY ?year,,
EFFKGQA0072,Count component inventory for each technology category.,inventory,llm_or_ranking,llm_ranking,llm_ranking,infineon,1,13,0,,,"SELECT ?techLabel (COUNT(?inv) AS ?inventoryCount) WHERE { ?inv a survey:InventoryDevelopment_Tier1 ; survey:forComponent survey:Component_EV ; survey:forTechnologyCategory ?tech . BIND(REPLACE(STR(?tech), '^.*/', '') AS ?techLabel) } GROUP BY ?techLabel ORDER BY ?techLabel",,
EFFKGQA0073,Which response type has the highest cancellation behavior?,order_cancellation,llm_or_ranking,llm_ranking,llm_ranking,infineon,1,5,1,,"[{""cancellationCount"": ""10"", ""responseType"": ""Decrease""}]",SELECT ?responseType (COUNT(?entry) AS ?cancellationCount) WHERE { ?entry a survey:OrderCancellation ; survey:hasResponseType ?responseType . } GROUP BY ?responseType ORDER BY DESC(?cancellationCount) LIMIT 1,,
EFFKGQA0074,"For the survey data, how does regional demand vary by vehicle type?",regional_demand,llm_or_ranking,llm_ranking,llm_ranking,infineon,1,6,0,,,"SELECT ?regionName ?vehicleType (SUM(?unitsSold) AS ?totalDemand) WHERE { ?demandForRegion a survey:DemandForRegion ; survey:inRegion ?region ; survey:totalDemand ?unitsSold ; survey:hasVehicleType ?vehicle . ?region a survey:Region ; survey:regionName ?regionName . BIND(REPLACE(STR(?vehicle), '^.*/', '') AS ?vehicleType) } GROUP BY ?regionName ?vehicleType ORDER BY ?regionName ?vehicleType",,
EFFKGQA0075,Summarize regional demand per survey group.,regional_demand,llm_or_ranking,direct_graph_supported,auto_answer,capability_inventory,0,1,3,,"[{""regionName"": ""Americas"", ""surveyGroup"": ""OEM"", ""totalDemand"": ""67744458.0""}, {""regionName"": ""Asia Pacific/All Other"", ""surveyGroup"": ""OEM"", ""totalDemand"": ""37293303.0""}, {""regionName"": ""Asia Pacific/China"", ""surveyGroup"": ""OEM"", ""totalDemand"": ""77885298.0""}]","SELECT ?surveyGroup ?regionName (SUM(?demand) AS ?totalDemand) WHERE { VALUES (?surveyClass ?surveyGroup) { (survey:OEM_Survey ""OEM"") (survey:Tier1_Survey ""Tier1"") (survey:Semiconductor_Survey ""Semiconductor"") } ?entry a survey:DemandForRegion ; survey:hasSurveyOrigin ?origin ; survey:inRegion ?region ; survey:totalDemand ?demand . ?origin a ?surveyClass . ?region survey:regionName ?regionName . } GROUP BY ?surveyGroup ?regionName ORDER BY ?surveyGroup ?regionName",,
EFFKGQA0076,Compare inventory responses by trend.,inventory,llm_or_ranking,llm_ranking,llm_ranking,infineon,1,7,3,,"[{""inventoryTrend"": ""Decrease"", ""totalParticipants"": ""1""}, {""inventoryTrend"": ""Increase"", ""totalParticipants"": ""1""}, {""inventoryTrend"": ""Stable"", ""totalParticipants"": ""3""}]",SELECT ?inventoryTrend (SUM(?participantCount) AS ?totalParticipants) WHERE { ?entry a survey:InventoryDevelopment_Tier1 ; survey:inventoryTrend ?inventoryTrend ; survey:participantCount ?participantCount . } GROUP BY ?inventoryTrend ORDER BY ?inventoryTrend,,
EFFKGQA0077,Can you summarize regional demand per region?,regional_demand,llm_or_ranking,direct_graph_supported,auto_answer,capability_inventory,0,1,3,,"[{""regionName"": ""Americas"", ""surveyGroup"": ""OEM"", ""totalDemand"": ""67744458.0""}, {""regionName"": ""Asia Pacific/All Other"", ""surveyGroup"": ""OEM"", ""totalDemand"": ""37293303.0""}, {""regionName"": ""Asia Pacific/China"", ""surveyGroup"": ""OEM"", ""totalDemand"": ""77885298.0""}]","SELECT ?surveyGroup ?regionName (SUM(?demand) AS ?totalDemand) WHERE { VALUES (?surveyClass ?surveyGroup) { (survey:OEM_Survey ""OEM"") (survey:Tier1_Survey ""Tier1"") (survey:Semiconductor_Survey ""Semiconductor"") } ?entry a survey:DemandForRegion ; survey:hasSurveyOrigin ?origin ; survey:inRegion ?region ; survey:totalDemand ?demand . ?origin a ?surveyClass . ?region survey:regionName ?regionName . } GROUP BY ?surveyGroup ?regionName ORDER BY ?surveyGroup ?regionName",,
EFFKGQA0078,Return the future demand analysis by quarter.,future_demand,direct_capability,direct_graph_supported,auto_answer,capability_inventory,0,1,3,,"[{""avgPercentageChange"": ""13.012777777777777777777778"", ""quarterLabel"": ""Current Quarter""}, {""avgPercentageChange"": ""10.57695652173913047826087"", ""quarterLabel"": ""Q1 2026""}, {""avgPercentageChange"": ""22.595217391304347826086957"", ""quarterLabel"": ""Q2 2025""}]",SELECT ?quarterLabel (AVG(?pct) AS ?avgPercentageChange) WHERE { ?entry a survey:FutureDemandAnalysis ; survey:forTimePeriod ?quarter ; survey:percentageChange ?pct . ?quarter survey:periodLabel ?quarterLabel . } GROUP BY ?quarterLabel ORDER BY ?quarterLabel,,
EFFKGQA0079,Compare regional demand across vehicle type.,regional_demand,llm_or_ranking,llm_ranking,llm_ranking,infineon,1,11,0,,,"SELECT ?regionName ?vehicleType (SUM(?unitsSold) AS ?totalDemand) WHERE { ?demandForRegion a survey:DemandForRegion ; survey:hasVehicleType ?vehicle ; survey:inRegion ?region ; survey:totalDemand ?unitsSold . ?region a survey:Region ; survey:regionName ?regionName . BIND(REPLACE(STR(?vehicle), '^.*/', '') AS ?vehicleType) } GROUP BY ?regionName ?vehicleType ORDER BY DESC(?totalDemand)",,
EFFKGQA0080,"Using the True Demand KG, what are the future demand changes for each technology category?",future_demand,direct_capability,direct_graph_supported,auto_answer,capability_inventory,0,1,3,,"[{""avgPercentageChange"": ""12.24875"", ""technologyCategory"": ""TechCategory_%3C%3D_7nm""}, {""avgPercentageChange"": ""3.7225"", ""technologyCategory"": ""TechCategory_10nm_to_%3C28nm""}, {""avgPercentageChange"": ""36.1225"", ""technologyCategory"": ""TechCategory_180nm_or_greater""}]","SELECT ?technologyCategory (AVG(?pct) AS ?avgPercentageChange) WHERE { ?entry a survey:FutureDemandAnalysis ; survey:analyzesTechnologyCategory ?technology ; survey:percentageChange ?pct . OPTIONAL { ?technology survey:technologyCategoryName ?technologyName . } BIND(COALESCE(?technologyName, REPLACE(STR(?technology), ""^.*/"", """")) AS ?technologyCategory) } GROUP BY ?technologyCategory ORDER BY ?technologyCategory",,
EFFKGQA0081,Count inventory trend for each component.,inventory,llm_or_ranking,direct_graph_supported,auto_answer,capability_inventory,0,1,3,,"[{""component"": ""Component_EV"", ""participantTotal"": ""1"", ""trend"": ""Decrease""}, {""component"": ""Component_EV"", ""participantTotal"": ""1"", ""trend"": ""Increase""}, {""component"": ""Component_EV"", ""participantTotal"": ""3"", ""trend"": ""Stable""}]",SELECT ?component ?trend (SUM(?participants) AS ?participantTotal) WHERE { ?entry a survey:InventoryDevelopment_Tier1 ; survey:forComponent ?component ; survey:inventoryTrend ?trend ; survey:participantCount ?participants . } GROUP BY ?component ?trend ORDER BY ?component ?trend,,
EFFKGQA0082,What is the average SAE level development for each vehicle type?,autonomous_driving,llm_or_ranking,direct_graph_supported,auto_answer,capability_inventory,0,1,3,,"[{""avgPercentage"": ""42.0"", ""saeLevel"": ""SAE_Level_1"", ""vehicleType"": ""BEHV""}, {""avgPercentage"": ""52.0"", ""saeLevel"": ""SAE_Level_2"", ""vehicleType"": ""BEHV""}, {""avgPercentage"": ""62.0"", ""saeLevel"": ""SAE_Level_3"", ""vehicleType"": ""BEHV""}]","SELECT ?vehicleType ?saeLevel (AVG(?pct) AS ?avgPercentage) WHERE { ?entry a survey:AutonomousDrivingDevelopment ; survey:hasVehicleType ?vehicle ; survey:hasSAELevel ?sae ; survey:hasPercentage ?pct . BIND(REPLACE(STR(?vehicle), ""^.*/"", """") AS ?vehicleType) BIND(REPLACE(STR(?sae), ""^.*/"", """") AS ?saeLevel) } GROUP BY ?vehicleType ?saeLevel ORDER BY ?vehicleType ?saeLevel",,
EFFKGQA0083,Show order cancellation responses by technology category.,order_cancellation,llm_or_ranking,direct_graph_supported,auto_answer,capability_inventory,0,1,3,,"[{""participantCount"": ""3"", ""technologyCategory"": ""OrderCancellationChange_Semi_10nm_to_lt28nm""}, {""participantCount"": ""3"", ""technologyCategory"": ""OrderCancellationChange_Semi_180nm_or_greater""}, {""participantCount"": ""3"", ""technologyCategory"": ""OrderCancellationChange_Semi_28nm_to_lt45nm""}]","SELECT ?technologyCategory (SUM(?participants) AS ?participantCount) WHERE { ?entry a survey:OrderCancellation ; survey:forTechnologyCategory ?technology ; survey:participantCount ?participants . BIND(REPLACE(STR(?technology), ""^.*/"", """") AS ?technologyCategory) } GROUP BY ?technologyCategory ORDER BY ?technologyCategory",,
EFFKGQA0084,Count component inventory for each trend.,inventory,llm_or_ranking,direct_graph_supported,auto_answer,capability_inventory,0,1,3,,"[{""component"": ""Component_EV"", ""participantTotal"": ""1"", ""trend"": ""Decrease""}, {""component"": ""Component_EV"", ""participantTotal"": ""1"", ""trend"": ""Increase""}, {""component"": ""Component_EV"", ""participantTotal"": ""3"", ""trend"": ""Stable""}]",SELECT ?component ?trend (SUM(?participants) AS ?participantTotal) WHERE { ?entry a survey:InventoryDevelopment_Tier1 ; survey:forComponent ?component ; survey:inventoryTrend ?trend ; survey:participantCount ?participants . } GROUP BY ?component ?trend ORDER BY ?component ?trend,,
EFFKGQA0085,Compare vehicles sold across year.,vehicle_sales,llm_or_ranking,direct_graph_supported,auto_answer,capability_inventory,0,1,3,,"[{""unitsSold"": ""86125479"", ""year"": ""2023""}, {""unitsSold"": ""88109476"", ""year"": ""2024""}, {""unitsSold"": ""90166856"", ""year"": ""2025""}]","SELECT ?year (SUM(?units) AS ?unitsSold) WHERE { ?obs a survey:VehicleSalesObservation ; survey:forTimePeriod ?month ; survey:unitsSold ?units . OPTIONAL { ?month survey:periodLabel ?periodLabel . } BIND(COALESCE(?periodLabel, REPLACE(STR(?month), ""^.*/"", """")) AS ?label) BIND(REPLACE(STR(?label), ""^.*(20[0-9]{2}).*$"", ""$1"") AS ?year) } GROUP BY ?year ORDER BY ?year",,
EFFKGQA0086,"From the graph, summarize Tier1 current demand per region?",regional_demand,llm_or_ranking,direct_graph_supported,auto_answer,capability_inventory,0,1,3,,"[{""regionName"": ""Americas"", ""totalDemand"": ""30.0""}, {""regionName"": ""Asia Pacific/All Other"", ""totalDemand"": ""10.0""}, {""regionName"": ""Asia Pacific/China"", ""totalDemand"": ""15.0""}]","SELECT ?regionName (SUM(?demand) AS ?totalDemand) WHERE { BIND(""Tier1"" AS ?surveyGroup) ?entry a survey:DemandForRegion ; survey:hasSurveyOrigin ?origin ; survey:inRegion ?region ; survey:totalDemand ?demand . ?origin a survey:Tier1_Survey . ?region survey:regionName ?regionName . } GROUP BY ?regionName ORDER BY ?regionName",,
EFFKGQA0087,"For future demand, show the result by quarter.",future_demand,direct_capability,direct_graph_supported,auto_answer,capability_inventory,0,1,3,,"[{""avgPercentageChange"": ""13.012777777777777777777778"", ""quarterLabel"": ""Current Quarter""}, {""avgPercentageChange"": ""10.57695652173913047826087"", ""quarterLabel"": ""Q1 2026""}, {""avgPercentageChange"": ""22.595217391304347826086957"", ""quarterLabel"": ""Q2 2025""}]",SELECT ?quarterLabel (AVG(?pct) AS ?avgPercentageChange) WHERE { ?entry a survey:FutureDemandAnalysis ; survey:forTimePeriod ?quarter ; survey:percentageChange ?pct . ?quarter survey:periodLabel ?quarterLabel . } GROUP BY ?quarterLabel ORDER BY ?quarterLabel,,
EFFKGQA0088,Compare inventory development by technology category.,inventory,llm_or_ranking,direct_graph_supported,auto_answer,capability_inventory,0,1,3,,"[{""entryCount"": ""1"", ""technologyCategory"": ""10nm_to_%3C28nm"", ""trend"": ""Decrease""}, {""entryCount"": ""1"", ""technologyCategory"": ""10nm_to_%3C28nm"", ""trend"": ""Increase""}, {""entryCount"": ""1"", ""technologyCategory"": ""180nm_or_greater"", ""trend"": ""Decrease""}]","SELECT ?technologyCategory ?trend (COUNT(?entry) AS ?entryCount) WHERE { ?entry a survey:InventoryDevelopment_Semi ; survey:forTechnologyCategory ?technology ; survey:hasInventoryTrend ?trend . BIND(REPLACE(STR(?technology), ""^.*/"", """") AS ?technologyCategory) } GROUP BY ?technologyCategory ?trend ORDER BY ?technologyCategory ?trend",,
EFFKGQA0089,"Using the True Demand KG, summarize Tier1 current demand per vehicle type?",regional_demand,llm_or_ranking,llm_ranking,llm_ranking,validated_retrieval,1,5,3,,"[{""pct"": ""-0.36"", ""vehicle"": ""BEV""}, {""pct"": ""3.77"", ""vehicle"": ""BEHV""}, {""pct"": ""4.59"", ""vehicle"": ""ICE""}]","SELECT ?vehicle ?pct WHERE { ?agg a survey:AggregatedDemand ; survey:hasSurveyOrigin survey:OEM_Survey_Instance ; survey:isAggregatedResult true ; survey:forVehicleType ?veh ; survey:percentageChange ?pct . BIND( IF(?veh = survey:BEV, ""BEV"", IF(?veh = survey:BEHV, ""BEHV"", IF(?veh = survey:ICE, ""ICE"", """") ) ) AS ?vehicle ) FILTER(?vehicle != """") BIND( IF(?vehicle = ""BEV"", 1, IF(?vehicle = ""BEHV"", 2, IF(?vehicle = ""ICE"", 3, 4) ) ) AS ?ord ) } ORDER BY ?ord",,
EFFKGQA0090,How is future demand distributed by vehicle type?,future_demand,direct_capability,direct_graph_supported,auto_answer,capability_inventory,0,1,3,,"[{""avgPercentageChange"": ""1.505"", ""vehicleType"": ""BEHV""}, {""avgPercentageChange"": ""4.74375"", ""vehicleType"": ""BEV""}, {""avgPercentageChange"": ""0.845"", ""vehicleType"": ""ICE""}]","SELECT ?vehicleType (AVG(?pct) AS ?avgPercentageChange) WHERE { ?entry a survey:FutureDemandAnalysis ; survey:analyzesVehicleType ?vehicle ; survey:percentageChange ?pct . BIND(REPLACE(STR(?vehicle), ""^.*/"", """") AS ?vehicleType) } GROUP BY ?vehicleType ORDER BY ?vehicleType",,
EFFKGQA0091,Give me the future demand overview by technology category.,future_demand,direct_capability,direct_graph_supported,auto_answer,capability_inventory,0,1,3,,"[{""avgPercentageChange"": ""12.24875"", ""technologyCategory"": ""TechCategory_%3C%3D_7nm""}, {""avgPercentageChange"": ""3.7225"", ""technologyCategory"": ""TechCategory_10nm_to_%3C28nm""}, {""avgPercentageChange"": ""36.1225"", ""technologyCategory"": ""TechCategory_180nm_or_greater""}]","SELECT ?technologyCategory (AVG(?pct) AS ?avgPercentageChange) WHERE { ?entry a survey:FutureDemandAnalysis ; survey:analyzesTechnologyCategory ?technology ; survey:percentageChange ?pct . OPTIONAL { ?technology survey:technologyCategoryName ?technologyName . } BIND(COALESCE(?technologyName, REPLACE(STR(?technology), ""^.*/"", """")) AS ?technologyCategory) } GROUP BY ?technologyCategory ORDER BY ?technologyCategory",,
EFFKGQA0092,Compare order cancellation responses by technology category.,order_cancellation,llm_or_ranking,direct_graph_supported,auto_answer,capability_inventory,0,1,3,,"[{""participantCount"": ""3"", ""technologyCategory"": ""OrderCancellationChange_Semi_10nm_to_lt28nm""}, {""participantCount"": ""3"", ""technologyCategory"": ""OrderCancellationChange_Semi_180nm_or_greater""}, {""participantCount"": ""3"", ""technologyCategory"": ""OrderCancellationChange_Semi_28nm_to_lt45nm""}]","SELECT ?technologyCategory (SUM(?participants) AS ?participantCount) WHERE { ?entry a survey:OrderCancellation ; survey:forTechnologyCategory ?technology ; survey:participantCount ?participants . BIND(REPLACE(STR(?technology), ""^.*/"", """") AS ?technologyCategory) } GROUP BY ?technologyCategory ORDER BY ?technologyCategory",,
EFFKGQA0093,Please analyze future demand change per vehicle type?,future_demand,direct_capability,direct_graph_supported,auto_answer,capability_inventory,0,1,3,,"[{""avgPercentageChange"": ""1.505"", ""vehicleType"": ""BEHV""}, {""avgPercentageChange"": ""4.74375"", ""vehicleType"": ""BEV""}, {""avgPercentageChange"": ""0.845"", ""vehicleType"": ""ICE""}]","SELECT ?vehicleType (AVG(?pct) AS ?avgPercentageChange) WHERE { ?entry a survey:FutureDemandAnalysis ; survey:analyzesVehicleType ?vehicle ; survey:percentageChange ?pct . BIND(REPLACE(STR(?vehicle), ""^.*/"", """") AS ?vehicleType) } GROUP BY ?vehicleType ORDER BY ?vehicleType",,
EFFKGQA0094,Give me Tier1 current demand grouped by region.,regional_demand,llm_or_ranking,direct_graph_supported,auto_answer,capability_inventory,0,1,3,,"[{""regionName"": ""Americas"", ""totalDemand"": ""30.0""}, {""regionName"": ""Asia Pacific/All Other"", ""totalDemand"": ""10.0""}, {""regionName"": ""Asia Pacific/China"", ""totalDemand"": ""15.0""}]","SELECT ?regionName (SUM(?demand) AS ?totalDemand) WHERE { BIND(""Tier1"" AS ?surveyGroup) ?entry a survey:DemandForRegion ; survey:hasSurveyOrigin ?origin ; survey:inRegion ?region ; survey:totalDemand ?demand . ?origin a survey:Tier1_Survey . ?region survey:regionName ?regionName . } GROUP BY ?regionName ORDER BY ?regionName",,
EFFKGQA0095,Count inventory development for each technology category.,inventory,llm_or_ranking,direct_graph_supported,auto_answer,capability_inventory,0,1,3,,"[{""entryCount"": ""1"", ""technologyCategory"": ""10nm_to_%3C28nm"", ""trend"": ""Decrease""}, {""entryCount"": ""1"", ""technologyCategory"": ""10nm_to_%3C28nm"", ""trend"": ""Increase""}, {""entryCount"": ""1"", ""technologyCategory"": ""180nm_or_greater"", ""trend"": ""Decrease""}]","SELECT ?technologyCategory ?trend (COUNT(?entry) AS ?entryCount) WHERE { ?entry a survey:InventoryDevelopment_Semi ; survey:forTechnologyCategory ?technology ; survey:hasInventoryTrend ?trend . BIND(REPLACE(STR(?technology), ""^.*/"", """") AS ?technologyCategory) } GROUP BY ?technologyCategory ?trend ORDER BY ?technologyCategory ?trend",,
EFFKGQA0096,Summarize vehicles sold over month.,vehicle_sales,llm_or_ranking,direct_graph_supported,auto_answer,capability_inventory,0,1,3,,"[{""monthLabel"": ""Apr 2023"", ""unitsSold"": ""6425650""}, {""monthLabel"": ""Apr 2024"", ""unitsSold"": ""6818720""}, {""monthLabel"": ""Apr 2025"", ""unitsSold"": ""7260983""}]","SELECT ?monthLabel (SUM(?units) AS ?unitsSold) WHERE { ?obs a survey:VehicleSalesObservation ; survey:forTimePeriod ?month ; survey:unitsSold ?units . OPTIONAL { ?month survey:periodLabel ?periodLabel . } BIND(COALESCE(?periodLabel, REPLACE(STR(?month), ""^.*/"", """")) AS ?monthLabel) } GROUP BY ?monthLabel ORDER BY ?monthLabel",,
EFFKGQA0097,What is the total number of actual vehicle sales for each vehicle type?,vehicle_sales,llm_or_ranking,llm_ranking,llm_ranking,infineon,1,5,0,,,"SELECT ?vehicleType (SUM(?unitsSold) AS ?totalSales) WHERE { ?obs a survey:VehicleSalesObservation ; survey:hasVehicleType ?veh ; survey:unitsSold ?unitsSold ; survey:isActualData true . BIND(REPLACE(STR(?veh), '^.*/', '') AS ?vehicleType) } GROUP BY ?vehicleType ORDER BY DESC(?totalSales)",,
EFFKGQA0098,Compare OEM current demand across vehicle type.,regional_demand,llm_or_ranking,llm_ranking,llm_ranking,validated_retrieval,1,5,3,,"[{""pct"": ""-0.36"", ""vehicle"": ""BEV""}, {""pct"": ""3.77"", ""vehicle"": ""BEHV""}, {""pct"": ""4.59"", ""vehicle"": ""ICE""}]","SELECT ?vehicle ?pct WHERE { ?agg a survey:AggregatedDemand ; survey:hasSurveyOrigin survey:OEM_Survey_Instance ; survey:isAggregatedResult true ; survey:forVehicleType ?veh ; survey:percentageChange ?pct . BIND( IF(?veh = survey:BEV, ""BEV"", IF(?veh = survey:BEHV, ""BEHV"", IF(?veh = survey:ICE, ""ICE"", """") ) ) AS ?vehicle ) FILTER(?vehicle != """") BIND( IF(?vehicle = ""BEV"", 1, IF(?vehicle = ""BEHV"", 2, IF(?vehicle = ""ICE"", 3, 4) ) ) AS ?ord ) } ORDER BY ?ord",,
EFFKGQA0099,How does OEM current demand vary by survey group?,regional_demand,llm_or_ranking,direct_graph_supported,auto_answer,capability_inventory,0,1,1,,"[{""surveyGroup"": ""OEM"", ""totalDemand"": ""248769210.0""}]","SELECT ?surveyGroup (SUM(?demand) AS ?totalDemand) WHERE { BIND(""OEM"" AS ?surveyGroup) ?entry a survey:DemandForRegion ; survey:hasSurveyOrigin ?origin ; survey:totalDemand ?demand . ?origin a survey:OEM_Survey . } GROUP BY ?surveyGroup ORDER BY ?surveyGroup",,
EFFKGQA0100,"For the survey data, return a breakdown of OEM current demand by region?",regional_demand,llm_or_ranking,direct_graph_supported,auto_answer,capability_inventory,0,1,3,,"[{""regionName"": ""Americas"", ""totalDemand"": ""67744458.0""}, {""regionName"": ""Asia Pacific/All Other"", ""totalDemand"": ""37293303.0""}, {""regionName"": ""Asia Pacific/China"", ""totalDemand"": ""77885298.0""}]","SELECT ?regionName (SUM(?demand) AS ?totalDemand) WHERE { BIND(""OEM"" AS ?surveyGroup) ?entry a survey:DemandForRegion ; survey:hasSurveyOrigin ?origin ; survey:inRegion ?region ; survey:totalDemand ?demand . ?origin a survey:OEM_Survey . ?region survey:regionName ?regionName . } GROUP BY ?regionName ORDER BY ?regionName",,
EFFKGQA0101,Which month has the highest sales volume?,vehicle_sales,llm_or_ranking,direct_graph_supported,auto_answer,capability_inventory,0,1,3,,"[{""monthLabel"": ""Apr 2023"", ""unitsSold"": ""6425650""}, {""monthLabel"": ""Apr 2024"", ""unitsSold"": ""6818720""}, {""monthLabel"": ""Apr 2025"", ""unitsSold"": ""7260983""}]","SELECT ?monthLabel (SUM(?units) AS ?unitsSold) WHERE { ?obs a survey:VehicleSalesObservation ; survey:forTimePeriod ?month ; survey:unitsSold ?units . OPTIONAL { ?month survey:periodLabel ?periodLabel . } BIND(COALESCE(?periodLabel, REPLACE(STR(?month), ""^.*/"", """")) AS ?monthLabel) } GROUP BY ?monthLabel ORDER BY ?monthLabel",,
EFFKGQA0102,"Using the True Demand KG, return a breakdown of OEM current demand by quarter?",regional_demand,llm_or_ranking,llm_ranking,llm_ranking,infineon,1,5,0,,,"SELECT ?quarterLabel (SUM(?value) AS ?totalDemand) WHERE { ?analysis a survey:CurrentDemandAnalysis ; survey:hasSurveyOrigin survey:OEM_Survey ; survey:hasAggregatedResult ?response . ?response a survey:DemandResponse ; survey:forTimePeriod ?quarter ; survey:percentageChange ?value . BIND(REPLACE(STR(?quarter), '^.*/', '') AS ?quarterLabel) } GROUP BY ?quarterLabel ORDER BY ?quarterLabel",,
EFFKGQA0103,Summarize inventory trend across component.,inventory,llm_or_ranking,direct_graph_supported,auto_answer,capability_inventory,0,1,3,,"[{""component"": ""Component_EV"", ""participantTotal"": ""1"", ""trend"": ""Decrease""}, {""component"": ""Component_EV"", ""participantTotal"": ""1"", ""trend"": ""Increase""}, {""component"": ""Component_EV"", ""participantTotal"": ""3"", ""trend"": ""Stable""}]",SELECT ?component ?trend (SUM(?participants) AS ?participantTotal) WHERE { ?entry a survey:InventoryDevelopment_Tier1 ; survey:forComponent ?component ; survey:inventoryTrend ?trend ; survey:participantCount ?participants . } GROUP BY ?component ?trend ORDER BY ?component ?trend,,
EFFKGQA0104,What is the total number of sales volume for each year?,vehicle_sales,llm_or_ranking,direct_graph_supported,auto_answer,capability_inventory,0,1,3,,"[{""unitsSold"": ""86125479"", ""year"": ""2023""}, {""unitsSold"": ""88109476"", ""year"": ""2024""}, {""unitsSold"": ""90166856"", ""year"": ""2025""}]","SELECT ?year (SUM(?units) AS ?unitsSold) WHERE { ?obs a survey:VehicleSalesObservation ; survey:forTimePeriod ?month ; survey:unitsSold ?units . OPTIONAL { ?month survey:periodLabel ?periodLabel . } BIND(COALESCE(?periodLabel, REPLACE(STR(?month), ""^.*/"", """")) AS ?label) BIND(REPLACE(STR(?label), ""^.*(20[0-9]{2}).*$"", ""$1"") AS ?year) } GROUP BY ?year ORDER BY ?year",,
EFFKGQA0105,Show inventory responses by technology category.,inventory,llm_or_ranking,direct_graph_supported,auto_answer,capability_inventory,0,1,3,,"[{""entryCount"": ""1"", ""technologyCategory"": ""10nm_to_%3C28nm"", ""trend"": ""Decrease""}, {""entryCount"": ""1"", ""technologyCategory"": ""10nm_to_%3C28nm"", ""trend"": ""Increase""}, {""entryCount"": ""1"", ""technologyCategory"": ""180nm_or_greater"", ""trend"": ""Decrease""}]","SELECT ?technologyCategory ?trend (COUNT(?entry) AS ?entryCount) WHERE { ?entry a survey:InventoryDevelopment_Semi ; survey:forTechnologyCategory ?technology ; survey:hasInventoryTrend ?trend . BIND(REPLACE(STR(?technology), ""^.*/"", """") AS ?technologyCategory) } GROUP BY ?technologyCategory ?trend ORDER BY ?technologyCategory ?trend",,
EFFKGQA0106,What is the average autonomous driving percentage for each vehicle type?,autonomous_driving,llm_or_ranking,direct_graph_supported,auto_answer,capability_inventory,0,1,3,,"[{""avgPercentage"": ""62.0"", ""vehicleType"": ""BEHV""}, {""avgPercentage"": ""62.0"", ""vehicleType"": ""BEV""}, {""avgPercentage"": ""62.0"", ""vehicleType"": ""ICE""}]","SELECT ?vehicleType (AVG(?pct) AS ?avgPercentage) WHERE { ?entry a survey:AutonomousDrivingDevelopment ; survey:hasVehicleType ?vehicle ; survey:hasPercentage ?pct . BIND(REPLACE(STR(?vehicle), ""^.*/"", """") AS ?vehicleType) } GROUP BY ?vehicleType ORDER BY ?vehicleType",,
EFFKGQA0107,How does regional demand vary by region?,regional_demand,llm_or_ranking,direct_graph_supported,auto_answer,capability_inventory,0,1,3,,"[{""regionName"": ""Americas"", ""surveyGroup"": ""OEM"", ""totalDemand"": ""67744458.0""}, {""regionName"": ""Asia Pacific/All Other"", ""surveyGroup"": ""OEM"", ""totalDemand"": ""37293303.0""}, {""regionName"": ""Asia Pacific/China"", ""surveyGroup"": ""OEM"", ""totalDemand"": ""77885298.0""}]","SELECT ?surveyGroup ?regionName (SUM(?demand) AS ?totalDemand) WHERE { VALUES (?surveyClass ?surveyGroup) { (survey:OEM_Survey ""OEM"") (survey:Tier1_Survey ""Tier1"") (survey:Semiconductor_Survey ""Semiconductor"") } ?entry a survey:DemandForRegion ; survey:hasSurveyOrigin ?origin ; survey:inRegion ?region ; survey:totalDemand ?demand . ?origin a ?surveyClass . ?region survey:regionName ?regionName . } GROUP BY ?surveyGroup ?regionName ORDER BY ?surveyGroup ?regionName",,
EFFKGQA0108,Show vehicle sales units by year.,vehicle_sales,llm_or_ranking,direct_graph_supported,auto_answer,capability_inventory,0,1,3,,"[{""unitsSold"": ""86125479"", ""year"": ""2023""}, {""unitsSold"": ""88109476"", ""year"": ""2024""}, {""unitsSold"": ""90166856"", ""year"": ""2025""}]","SELECT ?year (SUM(?units) AS ?unitsSold) WHERE { ?obs a survey:VehicleSalesObservation ; survey:forTimePeriod ?month ; survey:unitsSold ?units . OPTIONAL { ?month survey:periodLabel ?periodLabel . } BIND(COALESCE(?periodLabel, REPLACE(STR(?month), ""^.*/"", """")) AS ?label) BIND(REPLACE(STR(?label), ""^.*(20[0-9]{2}).*$"", ""$1"") AS ?year) } GROUP BY ?year ORDER BY ?year",,
EFFKGQA0109,What is the total semiconductor current demand for each survey group?,regional_demand,llm_or_ranking,direct_graph_supported,auto_answer,capability_inventory,0,1,1,,"[{""surveyGroup"": ""Semiconductor"", ""totalDemand"": ""100.0""}]","SELECT ?surveyGroup (SUM(?demand) AS ?totalDemand) WHERE { BIND(""Semiconductor"" AS ?surveyGroup) ?entry a survey:DemandForRegion ; survey:hasSurveyOrigin ?origin ; survey:totalDemand ?demand . ?origin a survey:Semiconductor_Survey . } GROUP BY ?surveyGroup ORDER BY ?surveyGroup",,
EFFKGQA0110,Summarize vehicle sales units over time period.,vehicle_sales,llm_or_ranking,llm_ranking,llm_ranking,infineon,1,5,3,,"[{""period"": ""time_Apr_2023"", ""totalUnitsSold"": ""6425650""}, {""period"": ""time_Apr_2024"", ""totalUnitsSold"": ""6818720""}, {""period"": ""time_Apr_2025"", ""totalUnitsSold"": ""7260983""}]","SELECT ?period (SUM(?unitsSold) AS ?totalUnitsSold) WHERE { ?obs a survey:VehicleSalesObservation ; survey:forTimePeriod ?tp ; survey:unitsSold ?unitsSold . BIND(REPLACE(STR(?tp), '^.*/', '') AS ?period) } GROUP BY ?period ORDER BY ?period",,
EFFKGQA0111,Return future demand values for each technology category.,future_demand,direct_capability,direct_graph_supported,auto_answer,capability_inventory,0,1,3,,"[{""avgPercentageChange"": ""12.24875"", ""technologyCategory"": ""TechCategory_%3C%3D_7nm""}, {""avgPercentageChange"": ""3.7225"", ""technologyCategory"": ""TechCategory_10nm_to_%3C28nm""}, {""avgPercentageChange"": ""36.1225"", ""technologyCategory"": ""TechCategory_180nm_or_greater""}]","SELECT ?technologyCategory (AVG(?pct) AS ?avgPercentageChange) WHERE { ?entry a survey:FutureDemandAnalysis ; survey:analyzesTechnologyCategory ?technology ; survey:percentageChange ?pct . OPTIONAL { ?technology survey:technologyCategoryName ?technologyName . } BIND(COALESCE(?technologyName, REPLACE(STR(?technology), ""^.*/"", """")) AS ?technologyCategory) } GROUP BY ?technologyCategory ORDER BY ?technologyCategory",,
EFFKGQA0112,Show average autonomous driving percentage by SAE level.,autonomous_driving,llm_or_ranking,direct_graph_supported,auto_answer,capability_inventory,0,1,3,,"[{""avgPercentage"": ""42.0"", ""saeLevel"": ""SAE_Level_1""}, {""avgPercentage"": ""52.0"", ""saeLevel"": ""SAE_Level_2""}, {""avgPercentage"": ""62.0"", ""saeLevel"": ""SAE_Level_3""}]","SELECT ?saeLevel (AVG(?pct) AS ?avgPercentage) WHERE { ?entry a survey:AutonomousDrivingDevelopment ; survey:hasSAELevel ?sae ; survey:hasPercentage ?pct . BIND(REPLACE(STR(?sae), ""^.*/"", """") AS ?saeLevel) } GROUP BY ?saeLevel ORDER BY ?saeLevel",,
EFFKGQA0113,Compare sales volume across time period.,vehicle_sales,llm_or_ranking,llm_ranking,llm_ranking,infineon,1,5,0,,,"SELECT ?timePeriodLabel (SUM(?sales) AS ?totalSales) WHERE { ?yearlyData a survey:YearlySalesData ; survey:forTimePeriod ?timePeriod ; survey:yearlySales ?sales . BIND(REPLACE(STR(?timePeriod), '^.*/', '') AS ?timePeriodLabel) } GROUP BY ?timePeriodLabel ORDER BY ?timePeriodLabel",,
EFFKGQA0114,Please what is the total OEM current demand for each vehicle type?,regional_demand,llm_or_ranking,llm_ranking,llm_ranking,infineon,1,5,0,,,"SELECT ?vehicleType (SUM(?demandValue) AS ?totalDemand) WHERE { ?entry a survey:CurrentDemandAnalysis ; survey:analyzesVehicleType ?vehicle ; survey:hasSurveyOrigin survey:OEM_Survey ; survey:percentageChange ?demandValue . BIND(REPLACE(STR(?vehicle), '^.*/', '') AS ?vehicleType) } GROUP BY ?vehicleType ORDER BY DESC(?totalDemand)",,
EFFKGQA0115,Return reported shortages grouped by shortage status.,shortage,llm_or_ranking,direct_graph_supported,auto_answer,capability_inventory,0,1,2,,"[{""companyCount"": ""3"", ""shortageStatus"": ""no""}, {""companyCount"": ""6"", ""shortageStatus"": ""yes""}]","SELECT ?shortageStatus (COUNT(?company) AS ?companyCount) WHERE { VALUES (?surveyClass ?surveyGroup) { (survey:OEM_Survey ""OEM"") (survey:Tier1_Survey ""Tier1"") (survey:Semiconductor_Survey ""Semiconductor"") } ?company a survey:Company ; survey:hasSurveyOrigin ?origin ; survey:reportsShortage ?shortage . ?origin a ?surveyClass . BIND(IF(?shortage = true, ""yes"", ""no"") AS ?shortageStatus) } GROUP BY ?shortageStatus ORDER BY ?shortageStatus",,
EFFKGQA0116,Can you use the graph to show semiconductor current demand by region?,regional_demand,llm_or_ranking,direct_graph_supported,auto_answer,capability_inventory,0,1,3,,"[{""regionName"": ""Americas"", ""totalDemand"": ""35.0""}, {""regionName"": ""Asia Pacific/All Other"", ""totalDemand"": ""10.0""}, {""regionName"": ""Asia Pacific/China"", ""totalDemand"": ""20.0""}]","SELECT ?regionName (SUM(?demand) AS ?totalDemand) WHERE { BIND(""Semiconductor"" AS ?surveyGroup) ?entry a survey:DemandForRegion ; survey:hasSurveyOrigin ?origin ; survey:inRegion ?region ; survey:totalDemand ?demand . ?origin a survey:Semiconductor_Survey . ?region survey:regionName ?regionName . } GROUP BY ?regionName ORDER BY ?regionName",,
EFFKGQA0117,Summarize actual vehicle sales over vehicle type.,vehicle_sales,llm_or_ranking,llm_ranking,llm_ranking,infineon,1,5,0,,,"SELECT ?vehicleType (SUM(?unitsSold) AS ?totalSales) WHERE { ?obs a survey:VehicleSalesObservation ; survey:hasVehicleType ?vehicle ; survey:unitsSold ?unitsSold ; survey:isActualData true . BIND(REPLACE(STR(?vehicle), '^.*/', '') AS ?vehicleType) } GROUP BY ?vehicleType ORDER BY DESC(?totalSales)",,
EFFKGQA0118,"For the survey data, how does future demand evolve across technology category?",future_demand,direct_capability,llm_ranking,llm_ranking,validated_retrieval,1,9,1,,"[{""avgFutureChange"": ""36.1225"", ""techLabel"": ""TechCategory_180nm_or_greater""}]","SELECT ?techLabel (AVG(?pct) AS ?avgFutureChange) WHERE { ?entry a survey:FutureDemandAnalysis ; survey:analyzesTechnologyCategory ?tech ; survey:percentageChange ?pct . BIND(REPLACE(STR(?tech), '^.*/', '') AS ?techLabel) } GROUP BY ?techLabel ORDER BY DESC(?avgFutureChange) LIMIT 1",,
EFFKGQA0119,"Using the True Demand KG, show the average future demand change for every region?",future_demand,direct_capability,direct_graph_supported,auto_answer,capability_inventory,0,1,3,,"[{""avgPercentageChange"": ""1993696.795238095238095238095238"", ""regionName"": ""Americas""}, {""avgPercentageChange"": ""1092445.9"", ""regionName"": ""Asia Pacific/All Other""}, {""avgPercentageChange"": ""2386112.016666666666666666666667"", ""regionName"": ""Asia Pacific/China""}]",SELECT ?regionName (AVG(?pct) AS ?avgPercentageChange) WHERE { ?entry a survey:DemandForRegion ; survey:inRegion ?region ; survey:totalDemandPercentageChange ?pct . ?region survey:regionName ?regionName . } GROUP BY ?regionName ORDER BY ?regionName,,
EFFKGQA0120,Which component appears most often in inventory development?,inventory,llm_or_ranking,direct_graph_supported,auto_answer,capability_inventory,0,1,3,,"[{""component"": ""Component_EV"", ""participantTotal"": ""1"", ""trend"": ""Decrease""}, {""component"": ""Component_EV"", ""participantTotal"": ""1"", ""trend"": ""Increase""}, {""component"": ""Component_EV"", ""participantTotal"": ""3"", ""trend"": ""Stable""}]",SELECT ?component ?trend (SUM(?participants) AS ?participantTotal) WHERE { ?entry a survey:InventoryDevelopment_Tier1 ; survey:forComponent ?component ; survey:inventoryTrend ?trend ; survey:participantCount ?participants . } GROUP BY ?component ?trend ORDER BY ?component ?trend,,
EFFKGQA0121,Compare shortage information by technology category.,shortage,llm_or_ranking,llm_ranking,llm_ranking,template,1,13,3,,"[{""count"": ""1"", ""status"": ""no"", ""surveyType"": ""OEM_Survey""}, {""count"": ""2"", ""status"": ""yes"", ""surveyType"": ""OEM_Survey""}, {""count"": ""1"", ""status"": ""no"", ""surveyType"": ""Semiconductor_Survey""}]","SELECT ?surveyType ?status (COUNT(?c) AS ?count) WHERE { ?c a survey:Company ; survey:hasSurveyOrigin ?o ; survey:reportsShortage ?flag . ?o a ?surveyType . FILTER(?surveyType IN (survey:Tier1_Survey, survey:OEM_Survey, survey:Semiconductor_Survey)) BIND(IF(?flag = true, 'yes', 'no') AS ?status) } GROUP BY ?surveyType ?status ORDER BY ?surveyType ?status",,
EFFKGQA0122,Can you compare regional demand across vehicle type?,regional_demand,llm_or_ranking,llm_ranking,llm_ranking,infineon,1,6,0,,,"SELECT ?regionName ?vehicleType (SUM(?unitsSold) AS ?totalDemand) WHERE { ?demandForRegion a survey:DemandForRegion ; survey:inRegion ?region ; survey:hasVehicleType ?vehicle ; survey:totalDemand ?unitsSold . ?region a survey:Region ; survey:regionName ?regionName . BIND(REPLACE(STR(?vehicle), '^.*/', '') AS ?vehicleType) } GROUP BY ?regionName ?vehicleType ORDER BY DESC(?totalDemand)",,
EFFKGQA0123,Show average autonomous driving development by vehicle type.,autonomous_driving,llm_or_ranking,direct_graph_supported,auto_answer,capability_inventory,0,1,3,,"[{""avgPercentage"": ""62.0"", ""vehicleType"": ""BEHV""}, {""avgPercentage"": ""62.0"", ""vehicleType"": ""BEV""}, {""avgPercentage"": ""62.0"", ""vehicleType"": ""ICE""}]","SELECT ?vehicleType (AVG(?pct) AS ?avgPercentage) WHERE { ?entry a survey:AutonomousDrivingDevelopment ; survey:hasVehicleType ?vehicle ; survey:hasPercentage ?pct . BIND(REPLACE(STR(?vehicle), ""^.*/"", """") AS ?vehicleType) } GROUP BY ?vehicleType ORDER BY ?vehicleType",,
EFFKGQA0124,Please compare Tier1 current demand across region?,regional_demand,llm_or_ranking,direct_graph_supported,auto_answer,capability_inventory,0,1,3,,"[{""regionName"": ""Americas"", ""totalDemand"": ""30.0""}, {""regionName"": ""Asia Pacific/All Other"", ""totalDemand"": ""10.0""}, {""regionName"": ""Asia Pacific/China"", ""totalDemand"": ""15.0""}]","SELECT ?regionName (SUM(?demand) AS ?totalDemand) WHERE { BIND(""Tier1"" AS ?surveyGroup) ?entry a survey:DemandForRegion ; survey:hasSurveyOrigin ?origin ; survey:inRegion ?region ; survey:totalDemand ?demand . ?origin a survey:Tier1_Survey . ?region survey:regionName ?regionName . } GROUP BY ?regionName ORDER BY ?regionName",,
EFFKGQA0125,Can you return a breakdown of Tier1 current demand by region?,regional_demand,llm_or_ranking,direct_graph_supported,auto_answer,capability_inventory,0,1,3,,"[{""regionName"": ""Americas"", ""totalDemand"": ""30.0""}, {""regionName"": ""Asia Pacific/All Other"", ""totalDemand"": ""10.0""}, {""regionName"": ""Asia Pacific/China"", ""totalDemand"": ""15.0""}]","SELECT ?regionName (SUM(?demand) AS ?totalDemand) WHERE { BIND(""Tier1"" AS ?surveyGroup) ?entry a survey:DemandForRegion ; survey:hasSurveyOrigin ?origin ; survey:inRegion ?region ; survey:totalDemand ?demand . ?origin a survey:Tier1_Survey . ?region survey:regionName ?regionName . } GROUP BY ?regionName ORDER BY ?regionName",,
EFFKGQA0126,Which vehicle type has the highest autonomous driving development?,autonomous_driving,llm_or_ranking,direct_graph_supported,auto_answer,capability_inventory,0,1,3,,"[{""avgPercentage"": ""62.0"", ""vehicleType"": ""BEHV""}, {""avgPercentage"": ""62.0"", ""vehicleType"": ""BEV""}, {""avgPercentage"": ""62.0"", ""vehicleType"": ""ICE""}]","SELECT ?vehicleType (AVG(?pct) AS ?avgPercentage) WHERE { ?entry a survey:AutonomousDrivingDevelopment ; survey:hasVehicleType ?vehicle ; survey:hasPercentage ?pct . BIND(REPLACE(STR(?vehicle), ""^.*/"", """") AS ?vehicleType) } GROUP BY ?vehicleType ORDER BY ?vehicleType",,
EFFKGQA0127,"Using the True Demand KG, use the graph to show regional demand by region?",regional_demand,llm_or_ranking,direct_graph_supported,auto_answer,capability_inventory,0,1,3,,"[{""regionName"": ""Americas"", ""surveyGroup"": ""OEM"", ""totalDemand"": ""67744458.0""}, {""regionName"": ""Asia Pacific/All Other"", ""surveyGroup"": ""OEM"", ""totalDemand"": ""37293303.0""}, {""regionName"": ""Asia Pacific/China"", ""surveyGroup"": ""OEM"", ""totalDemand"": ""77885298.0""}]","SELECT ?surveyGroup ?regionName (SUM(?demand) AS ?totalDemand) WHERE { VALUES (?surveyClass ?surveyGroup) { (survey:OEM_Survey ""OEM"") (survey:Tier1_Survey ""Tier1"") (survey:Semiconductor_Survey ""Semiconductor"") } ?entry a survey:DemandForRegion ; survey:hasSurveyOrigin ?origin ; survey:inRegion ?region ; survey:totalDemand ?demand . ?origin a ?surveyClass . ?region survey:regionName ?regionName . } GROUP BY ?surveyGroup ?regionName ORDER BY ?surveyGroup ?regionName",,
EFFKGQA0128,Use the graph to show current demand by survey group.,regional_demand,llm_or_ranking,direct_graph_supported,auto_answer,capability_inventory,0,1,3,,"[{""surveyGroup"": ""OEM"", ""totalDemand"": ""248769210.0""}, {""surveyGroup"": ""Semiconductor"", ""totalDemand"": ""100.0""}, {""surveyGroup"": ""Tier1"", ""totalDemand"": ""100.0""}]","SELECT ?surveyGroup (SUM(?demand) AS ?totalDemand) WHERE { VALUES (?surveyClass ?surveyGroup) { (survey:OEM_Survey ""OEM"") (survey:Tier1_Survey ""Tier1"") (survey:Semiconductor_Survey ""Semiconductor"") } ?entry a survey:DemandForRegion ; survey:hasSurveyOrigin ?origin ; survey:totalDemand ?demand . ?origin a ?surveyClass . } GROUP BY ?surveyGroup ORDER BY ?surveyGroup",,
EFFKGQA0129,Show total demand by quarter.,regional_demand,llm_or_ranking,llm_ranking,llm_ranking,infineon,1,10,0,,,SELECT ?quarterLabel (SUM(?totalDemand) AS ?total) WHERE { ?demandForRegion a survey:DemandForRegion ; survey:forTimePeriod ?quarter ; survey:totalDemand ?totalDemand . ?quarter a survey:Quarter ; survey:periodLabel ?quarterLabel . } GROUP BY ?quarterLabel ORDER BY ?quarterLabel,,
EFFKGQA0130,Compare self-driving development across year.,autonomous_driving,llm_or_ranking,direct_graph_supported,auto_answer,capability_inventory,0,1,3,,"[{""avgPercentage"": ""42.0"", ""year"": ""2025""}, {""avgPercentage"": ""62.0"", ""year"": ""2026""}, {""avgPercentage"": ""82.0"", ""year"": ""2027""}]",SELECT ?year (AVG(?pct) AS ?avgPercentage) WHERE { ?entry a survey:AutonomousDrivingDevelopment ; survey:hasYear ?year ; survey:hasPercentage ?pct . } GROUP BY ?year ORDER BY ?year,,
EFFKGQA0131,Use the graph to show total demand by region.,regional_demand,llm_or_ranking,direct_graph_supported,auto_answer,capability_inventory,0,1,3,,"[{""regionName"": ""Americas"", ""surveyGroup"": ""OEM"", ""totalDemand"": ""67744458.0""}, {""regionName"": ""Asia Pacific/All Other"", ""surveyGroup"": ""OEM"", ""totalDemand"": ""37293303.0""}, {""regionName"": ""Asia Pacific/China"", ""surveyGroup"": ""OEM"", ""totalDemand"": ""77885298.0""}]","SELECT ?surveyGroup ?regionName (SUM(?demand) AS ?totalDemand) WHERE { VALUES (?surveyClass ?surveyGroup) { (survey:OEM_Survey ""OEM"") (survey:Tier1_Survey ""Tier1"") (survey:Semiconductor_Survey ""Semiconductor"") } ?entry a survey:DemandForRegion ; survey:hasSurveyOrigin ?origin ; survey:inRegion ?region ; survey:totalDemand ?demand . ?origin a ?surveyClass . ?region survey:regionName ?regionName . } GROUP BY ?surveyGroup ?regionName ORDER BY ?surveyGroup ?regionName",,
EFFKGQA0132,Return a breakdown of total demand by region.,regional_demand,llm_or_ranking,direct_graph_supported,auto_answer,capability_inventory,0,1,3,,"[{""regionName"": ""Americas"", ""surveyGroup"": ""OEM"", ""totalDemand"": ""67744458.0""}, {""regionName"": ""Asia Pacific/All Other"", ""surveyGroup"": ""OEM"", ""totalDemand"": ""37293303.0""}, {""regionName"": ""Asia Pacific/China"", ""surveyGroup"": ""OEM"", ""totalDemand"": ""77885298.0""}]","SELECT ?surveyGroup ?regionName (SUM(?demand) AS ?totalDemand) WHERE { VALUES (?surveyClass ?surveyGroup) { (survey:OEM_Survey ""OEM"") (survey:Tier1_Survey ""Tier1"") (survey:Semiconductor_Survey ""Semiconductor"") } ?entry a survey:DemandForRegion ; survey:hasSurveyOrigin ?origin ; survey:inRegion ?region ; survey:totalDemand ?demand . ?origin a ?surveyClass . ?region survey:regionName ?regionName . } GROUP BY ?surveyGroup ?regionName ORDER BY ?surveyGroup ?regionName",,
EFFKGQA0133,Count semiconductor shortage responses for each survey group.,shortage,llm_or_ranking,direct_graph_supported,auto_answer,capability_inventory,0,1,2,,"[{""companyCount"": ""1"", ""shortageStatus"": ""no"", ""surveyGroup"": ""Semiconductor""}, {""companyCount"": ""2"", ""shortageStatus"": ""yes"", ""surveyGroup"": ""Semiconductor""}]","SELECT ?surveyGroup ?shortageStatus (COUNT(?company) AS ?companyCount) WHERE { BIND(""Semiconductor"" AS ?surveyGroup) ?company a survey:Company ; survey:hasSurveyOrigin ?origin ; survey:reportsShortage ?shortage . ?origin a survey:Semiconductor_Survey . BIND(IF(?shortage = true, ""yes"", ""no"") AS ?shortageStatus) } GROUP BY ?surveyGroup ?shortageStatus ORDER BY ?surveyGroup ?shortageStatus",,
EFFKGQA0134,Compare inventory trend by technology category.,inventory,llm_or_ranking,direct_graph_supported,auto_answer,capability_inventory,0,1,3,,"[{""entryCount"": ""1"", ""technologyCategory"": ""10nm_to_%3C28nm"", ""trend"": ""Decrease""}, {""entryCount"": ""1"", ""technologyCategory"": ""10nm_to_%3C28nm"", ""trend"": ""Increase""}, {""entryCount"": ""1"", ""technologyCategory"": ""180nm_or_greater"", ""trend"": ""Decrease""}]","SELECT ?technologyCategory ?trend (COUNT(?entry) AS ?entryCount) WHERE { ?entry a survey:InventoryDevelopment_Semi ; survey:forTechnologyCategory ?technology ; survey:hasInventoryTrend ?trend . BIND(REPLACE(STR(?technology), ""^.*/"", """") AS ?technologyCategory) } GROUP BY ?technologyCategory ?trend ORDER BY ?technologyCategory ?trend",,
EFFKGQA0135,What is the total regional demand for each region?,regional_demand,llm_or_ranking,direct_graph_supported,auto_answer,capability_inventory,0,1,3,,"[{""regionName"": ""Americas"", ""surveyGroup"": ""OEM"", ""totalDemand"": ""67744458.0""}, {""regionName"": ""Asia Pacific/All Other"", ""surveyGroup"": ""OEM"", ""totalDemand"": ""37293303.0""}, {""regionName"": ""Asia Pacific/China"", ""surveyGroup"": ""OEM"", ""totalDemand"": ""77885298.0""}]","SELECT ?surveyGroup ?regionName (SUM(?demand) AS ?totalDemand) WHERE { VALUES (?surveyClass ?surveyGroup) { (survey:OEM_Survey ""OEM"") (survey:Tier1_Survey ""Tier1"") (survey:Semiconductor_Survey ""Semiconductor"") } ?entry a survey:DemandForRegion ; survey:hasSurveyOrigin ?origin ; survey:inRegion ?region ; survey:totalDemand ?demand . ?origin a ?surveyClass . ?region survey:regionName ?regionName . } GROUP BY ?surveyGroup ?regionName ORDER BY ?surveyGroup ?regionName",,
EFFKGQA0136,Count shortage status for each shortage status.,shortage,llm_or_ranking,direct_graph_supported,auto_answer,capability_inventory,0,1,2,,"[{""companyCount"": ""3"", ""shortageStatus"": ""no""}, {""companyCount"": ""6"", ""shortageStatus"": ""yes""}]","SELECT ?shortageStatus (COUNT(?company) AS ?companyCount) WHERE { VALUES (?surveyClass ?surveyGroup) { (survey:OEM_Survey ""OEM"") (survey:Tier1_Survey ""Tier1"") (survey:Semiconductor_Survey ""Semiconductor"") } ?company a survey:Company ; survey:hasSurveyOrigin ?origin ; survey:reportsShortage ?shortage . ?origin a ?surveyClass . BIND(IF(?shortage = true, ""yes"", ""no"") AS ?shortageStatus) } GROUP BY ?shortageStatus ORDER BY ?shortageStatus",,
EFFKGQA0137,Give me semiconductor current demand grouped by quarter.,regional_demand,llm_or_ranking,llm_ranking,llm_ranking,infineon,1,5,0,,,SELECT ?quarterLabel ?totalDemand WHERE { ?demandForRegion a survey:DemandForRegion ; survey:hasSurveyOrigin ?origin ; survey:forTimePeriod ?quarter ; survey:totalDemand ?totalDemand . ?origin a survey:Semiconductor_Survey . ?quarter a survey:Quarter ; survey:periodLabel ?quarterLabel . } ORDER BY ?quarterLabel,,
EFFKGQA0138,Please show Tier1 current demand by quarter?,regional_demand,llm_or_ranking,llm_ranking,llm_ranking,infineon,1,5,0,,,"SELECT ?quarterLabel ?pct WHERE { survey:Tier1CurrentDemand a survey:CurrentDemandAnalysis ; survey:hasAggregatedResult ?entry . ?entry a survey:CurrentDemandAnalysis ; survey:forTimePeriod ?quarter ; survey:percentageChange ?pct . BIND(REPLACE(STR(?quarter), '^.*/', '') AS ?quarterLabel) } ORDER BY ?quarterLabel",,
EFFKGQA0139,Show average self-driving development by survey group.,autonomous_driving,llm_or_ranking,llm_ranking,llm_ranking,infineon,1,5,1,,"[{""avgPct"": ""62.0"", ""surveyType"": ""OEM""}]",SELECT ?surveyType (AVG(?pct) AS ?avgPct) WHERE { VALUES (?origin ?surveyType) { (survey:OEM_Survey 'OEM') (survey:Tier1_Survey 'Tier1') (survey:Semiconductor_Survey 'Semiconductor') } ?devClass a survey:AutonomousDrivingDevelopment_OEM ; survey:hasSurveyOrigin ?origin ; survey:hasDetail ?entry . ?entry a survey:AutonomousDrivingDevelopment ; survey:hasPercentage ?pct . } GROUP BY ?surveyType ORDER BY ?surveyType,,
EFFKGQA0140,"Using the True Demand KG, what is the total OEM current demand for each region?",regional_demand,llm_or_ranking,direct_graph_supported,auto_answer,capability_inventory,0,1,3,,"[{""regionName"": ""Americas"", ""totalDemand"": ""67744458.0""}, {""regionName"": ""Asia Pacific/All Other"", ""totalDemand"": ""37293303.0""}, {""regionName"": ""Asia Pacific/China"", ""totalDemand"": ""77885298.0""}]","SELECT ?regionName (SUM(?demand) AS ?totalDemand) WHERE { BIND(""OEM"" AS ?surveyGroup) ?entry a survey:DemandForRegion ; survey:hasSurveyOrigin ?origin ; survey:inRegion ?region ; survey:totalDemand ?demand . ?origin a survey:OEM_Survey . ?region survey:regionName ?regionName . } GROUP BY ?regionName ORDER BY ?regionName",,
EFFKGQA0141,Count order cancellation for each response type.,order_cancellation,llm_or_ranking,direct_graph_supported,auto_answer,capability_inventory,0,1,3,,"[{""participantCount"": ""5"", ""responseType"": ""Decrease""}, {""participantCount"": ""5"", ""responseType"": ""Increase""}, {""participantCount"": ""5"", ""responseType"": ""Stable""}]",SELECT ?responseType (SUM(?participants) AS ?participantCount) WHERE { ?entry a survey:OrderCancellation ; survey:hasResponseType ?responseType ; survey:participantCount ?participants . } GROUP BY ?responseType ORDER BY ?responseType,,
EFFKGQA0142,Summarize total demand per survey group.,regional_demand,llm_or_ranking,llm_ranking,llm_ranking,infineon,1,13,0,,,SELECT ?surveyType (SUM(?totalDemand) AS ?totalDemandSum) WHERE { VALUES (?origin ?surveyType) { (survey:OEM_Survey 'OEM') (survey:Tier1_Survey 'Tier1') (survey:Semiconductor_Survey 'Semiconductor') } ?demandForRegion a survey:DemandForRegion ; survey:hasSurveyOrigin ?origin ; survey:totalDemand ?totalDemand . } GROUP BY ?surveyType ORDER BY ?surveyType,,
EFFKGQA0143,How does current demand vary by survey group?,regional_demand,llm_or_ranking,direct_graph_supported,auto_answer,capability_inventory,0,1,3,,"[{""surveyGroup"": ""OEM"", ""totalDemand"": ""248769210.0""}, {""surveyGroup"": ""Semiconductor"", ""totalDemand"": ""100.0""}, {""surveyGroup"": ""Tier1"", ""totalDemand"": ""100.0""}]","SELECT ?surveyGroup (SUM(?demand) AS ?totalDemand) WHERE { VALUES (?surveyClass ?surveyGroup) { (survey:OEM_Survey ""OEM"") (survey:Tier1_Survey ""Tier1"") (survey:Semiconductor_Survey ""Semiconductor"") } ?entry a survey:DemandForRegion ; survey:hasSurveyOrigin ?origin ; survey:totalDemand ?demand . ?origin a ?surveyClass . } GROUP BY ?surveyGroup ORDER BY ?surveyGroup",,
EFFKGQA0144,Summarize forecast vehicle sales over month.,vehicle_sales,llm_or_ranking,direct_graph_supported,auto_answer,capability_inventory,0,1,3,,"[{""monthLabel"": ""Apr 2024"", ""unitsSold"": ""6818720""}, {""monthLabel"": ""Apr 2025"", ""unitsSold"": ""7260983""}, {""monthLabel"": ""Apr 2026"", ""unitsSold"": ""7009380""}]","SELECT ?monthLabel (SUM(?units) AS ?unitsSold) WHERE { ?obs a survey:VehicleSalesObservation ; survey:isForecastData true ; survey:forTimePeriod ?month ; survey:unitsSold ?units . OPTIONAL { ?month survey:periodLabel ?periodLabel . } BIND(COALESCE(?periodLabel, REPLACE(STR(?month), ""^.*/"", """")) AS ?monthLabel) } GROUP BY ?monthLabel ORDER BY ?monthLabel",,
EFFKGQA0145,How many companies are in each technology category for shortage status?,shortage,llm_or_ranking,llm_ranking,llm_ranking,infineon,1,7,0,,,"SELECT ?technologyCategoryName ?ShortageStatus (COUNT(?Company) AS ?Count) WHERE { ?Company a survey:Company ; survey:reportsShortage ?Shortage ; survey:hasComponentTypeSplit ?techType . ?techType survey:assignedTechnologyCategory ?techCategory . ?techCategory a survey:TechnologyCategory ; survey:technologyCategoryName ?technologyCategoryName . BIND(IF(?Shortage = true, ""yes"", ""no"") AS ?ShortageStatus) } GROUP BY ?technologyCategoryName ?ShortageStatus ORDER BY ?technologyCategoryName ?ShortageStatus",,
EFFKGQA0146,"From the graph, compare semiconductor current demand across survey group?",regional_demand,llm_or_ranking,direct_graph_supported,auto_answer,capability_inventory,0,1,1,,"[{""surveyGroup"": ""Semiconductor"", ""totalDemand"": ""100.0""}]","SELECT ?surveyGroup (SUM(?demand) AS ?totalDemand) WHERE { BIND(""Semiconductor"" AS ?surveyGroup) ?entry a survey:DemandForRegion ; survey:hasSurveyOrigin ?origin ; survey:totalDemand ?demand . ?origin a survey:Semiconductor_Survey . } GROUP BY ?surveyGroup ORDER BY ?surveyGroup",,
EFFKGQA0147,"From the graph, show current demand by survey group?",regional_demand,llm_or_ranking,direct_graph_supported,auto_answer,capability_inventory,0,1,3,,"[{""surveyGroup"": ""OEM"", ""totalDemand"": ""248769210.0""}, {""surveyGroup"": ""Semiconductor"", ""totalDemand"": ""100.0""}, {""surveyGroup"": ""Tier1"", ""totalDemand"": ""100.0""}]","SELECT ?surveyGroup (SUM(?demand) AS ?totalDemand) WHERE { VALUES (?surveyClass ?surveyGroup) { (survey:OEM_Survey ""OEM"") (survey:Tier1_Survey ""Tier1"") (survey:Semiconductor_Survey ""Semiconductor"") } ?entry a survey:DemandForRegion ; survey:hasSurveyOrigin ?origin ; survey:totalDemand ?demand . ?origin a ?surveyClass . } GROUP BY ?surveyGroup ORDER BY ?surveyGroup",,
EFFKGQA0148,"Can you for future demand, show the result by technology category?",future_demand,direct_capability,direct_graph_supported,auto_answer,capability_inventory,0,1,3,,"[{""avgPercentageChange"": ""12.24875"", ""technologyCategory"": ""TechCategory_%3C%3D_7nm""}, {""avgPercentageChange"": ""3.7225"", ""technologyCategory"": ""TechCategory_10nm_to_%3C28nm""}, {""avgPercentageChange"": ""36.1225"", ""technologyCategory"": ""TechCategory_180nm_or_greater""}]","SELECT ?technologyCategory (AVG(?pct) AS ?avgPercentageChange) WHERE { ?entry a survey:FutureDemandAnalysis ; survey:analyzesTechnologyCategory ?technology ; survey:percentageChange ?pct . OPTIONAL { ?technology survey:technologyCategoryName ?technologyName . } BIND(COALESCE(?technologyName, REPLACE(STR(?technology), ""^.*/"", """")) AS ?technologyCategory) } GROUP BY ?technologyCategory ORDER BY ?technologyCategory",,
EFFKGQA0149,Show average autonomous driving development by year.,autonomous_driving,llm_or_ranking,direct_graph_supported,auto_answer,capability_inventory,0,1,3,,"[{""avgPercentage"": ""42.0"", ""year"": ""2025""}, {""avgPercentage"": ""62.0"", ""year"": ""2026""}, {""avgPercentage"": ""82.0"", ""year"": ""2027""}]",SELECT ?year (AVG(?pct) AS ?avgPercentage) WHERE { ?entry a survey:AutonomousDrivingDevelopment ; survey:hasYear ?year ; survey:hasPercentage ?pct . } GROUP BY ?year ORDER BY ?year,,
EFFKGQA0150,Give a graph-backed breakdown of future demand by region.,future_demand,direct_capability,direct_graph_supported,auto_answer,capability_inventory,0,1,3,,"[{""regionName"": ""Americas"", ""surveyGroup"": ""OEM"", ""totalDemand"": ""67744458.0""}, {""regionName"": ""Asia Pacific/All Other"", ""surveyGroup"": ""OEM"", ""totalDemand"": ""37293303.0""}, {""regionName"": ""Asia Pacific/China"", ""surveyGroup"": ""OEM"", ""totalDemand"": ""77885298.0""}]","SELECT ?surveyGroup ?regionName (SUM(?demand) AS ?totalDemand) WHERE { VALUES (?surveyClass ?surveyGroup) { (survey:OEM_Survey ""OEM"") (survey:Tier1_Survey ""Tier1"") (survey:Semiconductor_Survey ""Semiconductor"") } ?entry a survey:DemandForRegion ; survey:hasSurveyOrigin ?origin ; survey:inRegion ?region ; survey:totalDemand ?demand . ?origin a ?surveyClass . ?region survey:regionName ?regionName . } GROUP BY ?surveyGroup ?regionName ORDER BY ?surveyGroup ?regionName",,
EFFKGQA0151,Use the graph to show total demand by quarter.,regional_demand,llm_or_ranking,llm_ranking,llm_ranking,infineon,1,10,0,,,"SELECT ?quarterLabel (SUM(?totalDemand) AS ?total) WHERE { ?demandForRegion a survey:DemandForRegion ; survey:forTimePeriod ?quarter ; survey:totalDemand ?totalDemand . BIND(REPLACE(STR(?quarter), '^.*/', '') AS ?quarterLabel) } GROUP BY ?quarterLabel ORDER BY ?quarterLabel",,
EFFKGQA0152,Show regional demand by quarter.,regional_demand,llm_or_ranking,direct_graph_supported,auto_answer,capability_inventory,0,1,3,,"[{""regionName"": ""Americas"", ""surveyGroup"": ""OEM"", ""totalDemand"": ""67744458.0""}, {""regionName"": ""Asia Pacific/All Other"", ""surveyGroup"": ""OEM"", ""totalDemand"": ""37293303.0""}, {""regionName"": ""Asia Pacific/China"", ""surveyGroup"": ""OEM"", ""totalDemand"": ""77885298.0""}]","SELECT ?surveyGroup ?regionName (SUM(?demand) AS ?totalDemand) WHERE { VALUES (?surveyClass ?surveyGroup) { (survey:OEM_Survey ""OEM"") (survey:Tier1_Survey ""Tier1"") (survey:Semiconductor_Survey ""Semiconductor"") } ?entry a survey:DemandForRegion ; survey:hasSurveyOrigin ?origin ; survey:inRegion ?region ; survey:totalDemand ?demand . ?origin a ?surveyClass . ?region survey:regionName ?regionName . } GROUP BY ?surveyGroup ?regionName ORDER BY ?surveyGroup ?regionName",,
EFFKGQA0153,Which SAE level has the highest self-driving development?,autonomous_driving,llm_or_ranking,direct_graph_supported,auto_answer,capability_inventory,0,1,3,,"[{""avgPercentage"": ""42.0"", ""saeLevel"": ""SAE_Level_1""}, {""avgPercentage"": ""52.0"", ""saeLevel"": ""SAE_Level_2""}, {""avgPercentage"": ""62.0"", ""saeLevel"": ""SAE_Level_3""}]","SELECT ?saeLevel (AVG(?pct) AS ?avgPercentage) WHERE { ?entry a survey:AutonomousDrivingDevelopment ; survey:hasSAELevel ?sae ; survey:hasPercentage ?pct . BIND(REPLACE(STR(?sae), ""^.*/"", """") AS ?saeLevel) } GROUP BY ?saeLevel ORDER BY ?saeLevel",,
EFFKGQA0154,Which vehicle type has the highest self-driving development?,autonomous_driving,llm_or_ranking,direct_graph_supported,auto_answer,capability_inventory,0,1,3,,"[{""avgPercentage"": ""62.0"", ""vehicleType"": ""BEHV""}, {""avgPercentage"": ""62.0"", ""vehicleType"": ""BEV""}, {""avgPercentage"": ""62.0"", ""vehicleType"": ""ICE""}]","SELECT ?vehicleType (AVG(?pct) AS ?avgPercentage) WHERE { ?entry a survey:AutonomousDrivingDevelopment ; survey:hasVehicleType ?vehicle ; survey:hasPercentage ?pct . BIND(REPLACE(STR(?vehicle), ""^.*/"", """") AS ?vehicleType) } GROUP BY ?vehicleType ORDER BY ?vehicleType",,
EFFKGQA0155,Return sales volume grouped by month.,vehicle_sales,llm_or_ranking,direct_graph_supported,auto_answer,capability_inventory,0,1,3,,"[{""monthLabel"": ""Apr 2023"", ""unitsSold"": ""6425650""}, {""monthLabel"": ""Apr 2024"", ""unitsSold"": ""6818720""}, {""monthLabel"": ""Apr 2025"", ""unitsSold"": ""7260983""}]","SELECT ?monthLabel (SUM(?units) AS ?unitsSold) WHERE { ?obs a survey:VehicleSalesObservation ; survey:forTimePeriod ?month ; survey:unitsSold ?units . OPTIONAL { ?month survey:periodLabel ?periodLabel . } BIND(COALESCE(?periodLabel, REPLACE(STR(?month), ""^.*/"", """")) AS ?monthLabel) } GROUP BY ?monthLabel ORDER BY ?monthLabel",,
EFFKGQA0156,Show order cancellation by technology category.,order_cancellation,llm_or_ranking,direct_graph_supported,auto_answer,capability_inventory,0,1,3,,"[{""participantCount"": ""3"", ""technologyCategory"": ""OrderCancellationChange_Semi_10nm_to_lt28nm""}, {""participantCount"": ""3"", ""technologyCategory"": ""OrderCancellationChange_Semi_180nm_or_greater""}, {""participantCount"": ""3"", ""technologyCategory"": ""OrderCancellationChange_Semi_28nm_to_lt45nm""}]","SELECT ?technologyCategory (SUM(?participants) AS ?participantCount) WHERE { ?entry a survey:OrderCancellation ; survey:forTechnologyCategory ?technology ; survey:participantCount ?participants . BIND(REPLACE(STR(?technology), ""^.*/"", """") AS ?technologyCategory) } GROUP BY ?technologyCategory ORDER BY ?technologyCategory",,
EFFKGQA0157,What is the total number of vehicles sold for each vehicle type?,vehicle_sales,llm_or_ranking,llm_ranking,llm_ranking,infineon,1,5,0,,,"SELECT ?vehicleType (SUM(?unitsSold) AS ?totalSold) WHERE { ?observation a survey:VehicleSalesObservation ; survey:hasVehicleType ?vehicle ; survey:unitsSold ?unitsSold . BIND(REPLACE(STR(?vehicle), '^.*/', '') AS ?vehicleType) } GROUP BY ?vehicleType",,
EFFKGQA0158,What is the average future demand percentage change by region?,future_demand,direct_capability,direct_graph_supported,auto_answer,capability_inventory,0,1,3,,"[{""avgPercentageChange"": ""1993696.795238095238095238095238"", ""regionName"": ""Americas""}, {""avgPercentageChange"": ""1092445.9"", ""regionName"": ""Asia Pacific/All Other""}, {""avgPercentageChange"": ""2386112.016666666666666666666667"", ""regionName"": ""Asia Pacific/China""}]",SELECT ?regionName (AVG(?pct) AS ?avgPercentageChange) WHERE { ?entry a survey:DemandForRegion ; survey:inRegion ?region ; survey:totalDemandPercentageChange ?pct . ?region survey:regionName ?regionName . } GROUP BY ?regionName ORDER BY ?regionName,,
EFFKGQA0159,"Using the True Demand KG, show semiconductor current demand by region?",regional_demand,llm_or_ranking,direct_graph_supported,auto_answer,capability_inventory,0,1,3,,"[{""regionName"": ""Americas"", ""totalDemand"": ""35.0""}, {""regionName"": ""Asia Pacific/All Other"", ""totalDemand"": ""10.0""}, {""regionName"": ""Asia Pacific/China"", ""totalDemand"": ""20.0""}]","SELECT ?regionName (SUM(?demand) AS ?totalDemand) WHERE { BIND(""Semiconductor"" AS ?surveyGroup) ?entry a survey:DemandForRegion ; survey:hasSurveyOrigin ?origin ; survey:inRegion ?region ; survey:totalDemand ?demand . ?origin a survey:Semiconductor_Survey . ?region survey:regionName ?regionName . } GROUP BY ?regionName ORDER BY ?regionName",,
EFFKGQA0160,"For the survey data, how does Tier1 current demand vary by survey group?",regional_demand,llm_or_ranking,direct_graph_supported,auto_answer,capability_inventory,0,1,1,,"[{""surveyGroup"": ""Tier1"", ""totalDemand"": ""100.0""}]","SELECT ?surveyGroup (SUM(?demand) AS ?totalDemand) WHERE { BIND(""Tier1"" AS ?surveyGroup) ?entry a survey:DemandForRegion ; survey:hasSurveyOrigin ?origin ; survey:totalDemand ?demand . ?origin a survey:Tier1_Survey . } GROUP BY ?surveyGroup ORDER BY ?surveyGroup",,
EFFKGQA0161,"For the survey data, what is the total current demand for each survey group?",regional_demand,llm_or_ranking,direct_graph_supported,auto_answer,capability_inventory,0,1,3,,"[{""surveyGroup"": ""OEM"", ""totalDemand"": ""248769210.0""}, {""surveyGroup"": ""Semiconductor"", ""totalDemand"": ""100.0""}, {""surveyGroup"": ""Tier1"", ""totalDemand"": ""100.0""}]","SELECT ?surveyGroup (SUM(?demand) AS ?totalDemand) WHERE { VALUES (?surveyClass ?surveyGroup) { (survey:OEM_Survey ""OEM"") (survey:Tier1_Survey ""Tier1"") (survey:Semiconductor_Survey ""Semiconductor"") } ?entry a survey:DemandForRegion ; survey:hasSurveyOrigin ?origin ; survey:totalDemand ?demand . ?origin a ?surveyClass . } GROUP BY ?surveyGroup ORDER BY ?surveyGroup",,
EFFKGQA0162,Use the True Demand KG to show future demand by quarter.,future_demand,direct_capability,direct_graph_supported,auto_answer,capability_inventory,0,1,3,,"[{""avgPercentageChange"": ""13.012777777777777777777778"", ""quarterLabel"": ""Current Quarter""}, {""avgPercentageChange"": ""10.57695652173913047826087"", ""quarterLabel"": ""Q1 2026""}, {""avgPercentageChange"": ""22.595217391304347826086957"", ""quarterLabel"": ""Q2 2025""}]",SELECT ?quarterLabel (AVG(?pct) AS ?avgPercentageChange) WHERE { ?entry a survey:FutureDemandAnalysis ; survey:forTimePeriod ?quarter ; survey:percentageChange ?pct . ?quarter survey:periodLabel ?quarterLabel . } GROUP BY ?quarterLabel ORDER BY ?quarterLabel,,
EFFKGQA0163,Count cancellation behavior for each technology category.,order_cancellation,llm_or_ranking,llm_ranking,llm_ranking,validated_retrieval,1,13,1,,"[{""count"": ""30""}]",SELECT (COUNT(?o) AS ?count) WHERE { ?o a survey:OrderCancellation },,
EFFKGQA0164,"Using the True Demand KG, how does current demand vary by survey group?",regional_demand,llm_or_ranking,direct_graph_supported,auto_answer,capability_inventory,0,1,3,,"[{""surveyGroup"": ""OEM"", ""totalDemand"": ""248769210.0""}, {""surveyGroup"": ""Semiconductor"", ""totalDemand"": ""100.0""}, {""surveyGroup"": ""Tier1"", ""totalDemand"": ""100.0""}]","SELECT ?surveyGroup (SUM(?demand) AS ?totalDemand) WHERE { VALUES (?surveyClass ?surveyGroup) { (survey:OEM_Survey ""OEM"") (survey:Tier1_Survey ""Tier1"") (survey:Semiconductor_Survey ""Semiconductor"") } ?entry a survey:DemandForRegion ; survey:hasSurveyOrigin ?origin ; survey:totalDemand ?demand . ?origin a ?surveyClass . } GROUP BY ?surveyGroup ORDER BY ?surveyGroup",,
EFFKGQA0165,"Using the True Demand KG, break down future demand by technology category?",future_demand,direct_capability,direct_graph_supported,auto_answer,capability_inventory,0,1,3,,"[{""avgPercentageChange"": ""12.24875"", ""technologyCategory"": ""TechCategory_%3C%3D_7nm""}, {""avgPercentageChange"": ""3.7225"", ""technologyCategory"": ""TechCategory_10nm_to_%3C28nm""}, {""avgPercentageChange"": ""36.1225"", ""technologyCategory"": ""TechCategory_180nm_or_greater""}]","SELECT ?technologyCategory (AVG(?pct) AS ?avgPercentageChange) WHERE { ?entry a survey:FutureDemandAnalysis ; survey:analyzesTechnologyCategory ?technology ; survey:percentageChange ?pct . OPTIONAL { ?technology survey:technologyCategoryName ?technologyName . } BIND(COALESCE(?technologyName, REPLACE(STR(?technology), ""^.*/"", """")) AS ?technologyCategory) } GROUP BY ?technologyCategory ORDER BY ?technologyCategory",,
EFFKGQA0166,Show total demand by region.,regional_demand,llm_or_ranking,direct_graph_supported,auto_answer,capability_inventory,0,1,3,,"[{""regionName"": ""Americas"", ""surveyGroup"": ""OEM"", ""totalDemand"": ""67744458.0""}, {""regionName"": ""Asia Pacific/All Other"", ""surveyGroup"": ""OEM"", ""totalDemand"": ""37293303.0""}, {""regionName"": ""Asia Pacific/China"", ""surveyGroup"": ""OEM"", ""totalDemand"": ""77885298.0""}]","SELECT ?surveyGroup ?regionName (SUM(?demand) AS ?totalDemand) WHERE { VALUES (?surveyClass ?surveyGroup) { (survey:OEM_Survey ""OEM"") (survey:Tier1_Survey ""Tier1"") (survey:Semiconductor_Survey ""Semiconductor"") } ?entry a survey:DemandForRegion ; survey:hasSurveyOrigin ?origin ; survey:inRegion ?region ; survey:totalDemand ?demand . ?origin a ?surveyClass . ?region survey:regionName ?regionName . } GROUP BY ?surveyGroup ?regionName ORDER BY ?surveyGroup ?regionName",,
EFFKGQA0167,Summarize shortage status across survey group.,shortage,llm_or_ranking,direct_graph_supported,auto_answer,capability_inventory,0,1,3,,"[{""companyCount"": ""1"", ""shortageStatus"": ""no"", ""surveyGroup"": ""OEM""}, {""companyCount"": ""2"", ""shortageStatus"": ""yes"", ""surveyGroup"": ""OEM""}, {""companyCount"": ""1"", ""shortageStatus"": ""no"", ""surveyGroup"": ""Semiconductor""}]","SELECT ?surveyGroup ?shortageStatus (COUNT(?company) AS ?companyCount) WHERE { VALUES (?surveyClass ?surveyGroup) { (survey:OEM_Survey ""OEM"") (survey:Tier1_Survey ""Tier1"") (survey:Semiconductor_Survey ""Semiconductor"") } ?company a survey:Company ; survey:hasSurveyOrigin ?origin ; survey:reportsShortage ?shortage . ?origin a ?surveyClass . BIND(IF(?shortage = true, ""yes"", ""no"") AS ?shortageStatus) } GROUP BY ?surveyGroup ?shortageStatus ORDER BY ?surveyGroup ?shortageStatus",,
EFFKGQA0168,How does future demand change by region?,future_demand,direct_capability,direct_graph_supported,auto_answer,capability_inventory,0,1,3,,"[{""avgPercentageChange"": ""1993696.795238095238095238095238"", ""regionName"": ""Americas""}, {""avgPercentageChange"": ""1092445.9"", ""regionName"": ""Asia Pacific/All Other""}, {""avgPercentageChange"": ""2386112.016666666666666666666667"", ""regionName"": ""Asia Pacific/China""}]",SELECT ?regionName (AVG(?pct) AS ?avgPercentageChange) WHERE { ?entry a survey:DemandForRegion ; survey:inRegion ?region ; survey:totalDemandPercentageChange ?pct . ?region survey:regionName ?regionName . } GROUP BY ?regionName ORDER BY ?regionName,,
EFFKGQA0169,Give me OEM current demand grouped by vehicle type.,regional_demand,llm_or_ranking,llm_ranking,llm_ranking,validated_retrieval,1,5,3,,"[{""pct"": ""-0.36"", ""vehicle"": ""BEV""}, {""pct"": ""3.77"", ""vehicle"": ""BEHV""}, {""pct"": ""4.59"", ""vehicle"": ""ICE""}]","SELECT ?vehicle ?pct WHERE { ?agg a survey:AggregatedDemand ; survey:hasSurveyOrigin survey:OEM_Survey_Instance ; survey:isAggregatedResult true ; survey:forVehicleType ?veh ; survey:percentageChange ?pct . BIND( IF(?veh = survey:BEV, ""BEV"", IF(?veh = survey:BEHV, ""BEHV"", IF(?veh = survey:ICE, ""ICE"", """") ) ) AS ?vehicle ) FILTER(?vehicle != """") BIND( IF(?vehicle = ""BEV"", 1, IF(?vehicle = ""BEHV"", 2, IF(?vehicle = ""ICE"", 3, 4) ) ) AS ?ord ) } ORDER BY ?ord",,
EFFKGQA0170,How many company instances are present?,catalog_lookup,llm_or_ranking,llm_ranking,llm_ranking,validated_retrieval,1,7,1,,"[{""count"": ""9""}]",SELECT (COUNT(?c) AS ?count) WHERE { ?c a survey:Company },,
EFFKGQA0171,Can you compare semiconductor current demand across vehicle type?,regional_demand,llm_or_ranking,llm_ranking,llm_ranking,infineon,1,5,0,,,"SELECT ?vehicleType (AVG(?pct) AS ?avgChange) WHERE { survey:SemiCurrentDemand survey:hasAggregatedResult ?entry . ?entry a survey:CurrentDemandAnalysis ; survey:analyzesVehicleType ?vehicle ; survey:percentageChange ?pct ; survey:hasSurveyOrigin survey:Semiconductor_Survey . BIND(REPLACE(STR(?vehicle), '^.*/', '') AS ?vehicleType) } GROUP BY ?vehicleType ORDER BY ?vehicleType",,
EFFKGQA0172,Can you show the future demand trend by vehicle type?,future_demand,direct_capability,direct_graph_supported,auto_answer,capability_inventory,0,1,3,,"[{""avgPercentageChange"": ""1.505"", ""vehicleType"": ""BEHV""}, {""avgPercentageChange"": ""4.74375"", ""vehicleType"": ""BEV""}, {""avgPercentageChange"": ""0.845"", ""vehicleType"": ""ICE""}]","SELECT ?vehicleType (AVG(?pct) AS ?avgPercentageChange) WHERE { ?entry a survey:FutureDemandAnalysis ; survey:analyzesVehicleType ?vehicle ; survey:percentageChange ?pct . BIND(REPLACE(STR(?vehicle), ""^.*/"", """") AS ?vehicleType) } GROUP BY ?vehicleType ORDER BY ?vehicleType",,
EFFKGQA0173,Summarize Tier1 current demand per survey group.,regional_demand,llm_or_ranking,direct_graph_supported,auto_answer,capability_inventory,0,1,1,,"[{""surveyGroup"": ""Tier1"", ""totalDemand"": ""100.0""}]","SELECT ?surveyGroup (SUM(?demand) AS ?totalDemand) WHERE { BIND(""Tier1"" AS ?surveyGroup) ?entry a survey:DemandForRegion ; survey:hasSurveyOrigin ?origin ; survey:totalDemand ?demand . ?origin a survey:Tier1_Survey . } GROUP BY ?surveyGroup ORDER BY ?surveyGroup",,
EFFKGQA0174,"For the survey data, summarize future demand across technology category?",future_demand,direct_capability,llm_ranking,llm_ranking,validated_retrieval,1,9,3,,"[{""quarterLabel"": ""Quarter_Current_Quarter"", ""techLabel"": ""TechCategory_%3C%3D_7nm"", ""totalFutureChange"": ""27.09""}, {""quarterLabel"": ""Quarter_Q1_2026"", ""techLabel"": ""TechCategory_%3C%3D_7nm"", ""totalFutureChange"": ""3.99""}, {""quarterLabel"": ""Quarter_Q2_2025"", ""techLabel"": ""TechCategory_%3C%3D_7nm"", ""totalFutureChange"": ""165.57""}]","SELECT ?techLabel ?quarterLabel (SUM(?pct) AS ?totalFutureChange) WHERE { ?entry a survey:FutureDemandAnalysis ; survey:analyzesTechnologyCategory ?tech ; survey:forTimePeriod ?quarter ; survey:percentageChange ?pct . BIND(REPLACE(STR(?tech), '^.*/', '') AS ?techLabel) BIND(REPLACE(STR(?quarter), '^.*/', '') AS ?quarterLabel) } GROUP BY ?techLabel ?quarterLabel ORDER BY ?techLabel ?quarterLabel",,
EFFKGQA0175,"For the survey data, compare regional demand across region?",regional_demand,llm_or_ranking,direct_graph_supported,auto_answer,capability_inventory,0,1,3,,"[{""regionName"": ""Americas"", ""surveyGroup"": ""OEM"", ""totalDemand"": ""67744458.0""}, {""regionName"": ""Asia Pacific/All Other"", ""surveyGroup"": ""OEM"", ""totalDemand"": ""37293303.0""}, {""regionName"": ""Asia Pacific/China"", ""surveyGroup"": ""OEM"", ""totalDemand"": ""77885298.0""}]","SELECT ?surveyGroup ?regionName (SUM(?demand) AS ?totalDemand) WHERE { VALUES (?surveyClass ?surveyGroup) { (survey:OEM_Survey ""OEM"") (survey:Tier1_Survey ""Tier1"") (survey:Semiconductor_Survey ""Semiconductor"") } ?entry a survey:DemandForRegion ; survey:hasSurveyOrigin ?origin ; survey:inRegion ?region ; survey:totalDemand ?demand . ?origin a ?surveyClass . ?region survey:regionName ?regionName . } GROUP BY ?surveyGroup ?regionName ORDER BY ?surveyGroup ?regionName",,
EFFKGQA0176,Compare reported shortages by technology category.,shortage,llm_or_ranking,llm_ranking,llm_ranking,template,1,13,3,,"[{""count"": ""1"", ""status"": ""no"", ""surveyType"": ""OEM_Survey""}, {""count"": ""2"", ""status"": ""yes"", ""surveyType"": ""OEM_Survey""}, {""count"": ""1"", ""status"": ""no"", ""surveyType"": ""Semiconductor_Survey""}]","SELECT ?surveyType ?status (COUNT(?c) AS ?count) WHERE { ?c a survey:Company ; survey:hasSurveyOrigin ?o ; survey:reportsShortage ?flag . ?o a ?surveyType . FILTER(?surveyType IN (survey:Tier1_Survey, survey:OEM_Survey, survey:Semiconductor_Survey)) BIND(IF(?flag = true, 'yes', 'no') AS ?status) } GROUP BY ?surveyType ?status ORDER BY ?surveyType ?status",,
EFFKGQA0177,Show shortage status by technology category.,shortage,llm_or_ranking,llm_ranking,llm_ranking,validated_retrieval,1,13,2,,"[{""Count"": ""1"", ""ShortageStatus"": ""no""}, {""Count"": ""2"", ""ShortageStatus"": ""yes""}]","SELECT ?ShortageStatus (COUNT(?Company) AS ?Count) WHERE { ?Company a survey:Company ; survey:hasSurveyOrigin ?origin ; survey:reportsShortage ?Shortage . ?origin a survey:Tier1_Survey . BIND(IF(?Shortage = true, ""yes"", ""no"") AS ?ShortageStatus) } GROUP BY ?ShortageStatus",,
EFFKGQA0178,"From the graph, return future demand values for each region?",future_demand,direct_capability,direct_graph_supported,auto_answer,capability_inventory,0,1,3,,"[{""avgPercentageChange"": ""1993696.795238095238095238095238"", ""regionName"": ""Americas""}, {""avgPercentageChange"": ""1092445.9"", ""regionName"": ""Asia Pacific/All Other""}, {""avgPercentageChange"": ""2386112.016666666666666666666667"", ""regionName"": ""Asia Pacific/China""}]",SELECT ?regionName (AVG(?pct) AS ?avgPercentageChange) WHERE { ?entry a survey:DemandForRegion ; survey:inRegion ?region ; survey:totalDemandPercentageChange ?pct . ?region survey:regionName ?regionName . } GROUP BY ?regionName ORDER BY ?regionName,,
EFFKGQA0179,Which SAE level has the highest autonomous driving percentage?,autonomous_driving,llm_or_ranking,direct_graph_supported,auto_answer,capability_inventory,0,1,3,,"[{""avgPercentage"": ""42.0"", ""saeLevel"": ""SAE_Level_1""}, {""avgPercentage"": ""52.0"", ""saeLevel"": ""SAE_Level_2""}, {""avgPercentage"": ""62.0"", ""saeLevel"": ""SAE_Level_3""}]","SELECT ?saeLevel (AVG(?pct) AS ?avgPercentage) WHERE { ?entry a survey:AutonomousDrivingDevelopment ; survey:hasSAELevel ?sae ; survey:hasPercentage ?pct . BIND(REPLACE(STR(?sae), ""^.*/"", """") AS ?saeLevel) } GROUP BY ?saeLevel ORDER BY ?saeLevel",,
EFFKGQA0180,How is future demand distributed by quarter?,future_demand,direct_capability,direct_graph_supported,auto_answer,capability_inventory,0,1,3,,"[{""avgPercentageChange"": ""13.012777777777777777777778"", ""quarterLabel"": ""Current Quarter""}, {""avgPercentageChange"": ""10.57695652173913047826087"", ""quarterLabel"": ""Q1 2026""}, {""avgPercentageChange"": ""22.595217391304347826086957"", ""quarterLabel"": ""Q2 2025""}]",SELECT ?quarterLabel (AVG(?pct) AS ?avgPercentageChange) WHERE { ?entry a survey:FutureDemandAnalysis ; survey:forTimePeriod ?quarter ; survey:percentageChange ?pct . ?quarter survey:periodLabel ?quarterLabel . } GROUP BY ?quarterLabel ORDER BY ?quarterLabel,,
EFFKGQA0181,Analyze future demand change per vehicle type.,future_demand,direct_capability,direct_graph_supported,auto_answer,capability_inventory,0,1,3,,"[{""avgPercentageChange"": ""1.505"", ""vehicleType"": ""BEHV""}, {""avgPercentageChange"": ""4.74375"", ""vehicleType"": ""BEV""}, {""avgPercentageChange"": ""0.845"", ""vehicleType"": ""ICE""}]","SELECT ?vehicleType (AVG(?pct) AS ?avgPercentageChange) WHERE { ?entry a survey:FutureDemandAnalysis ; survey:analyzesVehicleType ?vehicle ; survey:percentageChange ?pct . BIND(REPLACE(STR(?vehicle), ""^.*/"", """") AS ?vehicleType) } GROUP BY ?vehicleType ORDER BY ?vehicleType",,
EFFKGQA0182,Return vehicles sold grouped by year.,vehicle_sales,llm_or_ranking,direct_graph_supported,auto_answer,capability_inventory,0,1,3,,"[{""unitsSold"": ""86125479"", ""year"": ""2023""}, {""unitsSold"": ""88109476"", ""year"": ""2024""}, {""unitsSold"": ""90166856"", ""year"": ""2025""}]","SELECT ?year (SUM(?units) AS ?unitsSold) WHERE { ?obs a survey:VehicleSalesObservation ; survey:forTimePeriod ?month ; survey:unitsSold ?units . OPTIONAL { ?month survey:periodLabel ?periodLabel . } BIND(COALESCE(?periodLabel, REPLACE(STR(?month), ""^.*/"", """")) AS ?label) BIND(REPLACE(STR(?label), ""^.*(20[0-9]{2}).*$"", ""$1"") AS ?year) } GROUP BY ?year ORDER BY ?year",,
EFFKGQA0183,Which response type has the highest order cancellation responses?,order_cancellation,llm_or_ranking,direct_graph_supported,auto_answer,capability_inventory,0,1,3,,"[{""participantCount"": ""5"", ""responseType"": ""Decrease""}, {""participantCount"": ""5"", ""responseType"": ""Increase""}, {""participantCount"": ""5"", ""responseType"": ""Stable""}]",SELECT ?responseType (SUM(?participants) AS ?participantCount) WHERE { ?entry a survey:OrderCancellation ; survey:hasResponseType ?responseType ; survey:participantCount ?participants . } GROUP BY ?responseType ORDER BY ?responseType,,
EFFKGQA0184,Summarize future demand across region.,future_demand,direct_capability,direct_graph_supported,auto_answer,capability_inventory,0,1,3,,"[{""avgPercentageChange"": ""1993696.795238095238095238095238"", ""regionName"": ""Americas""}, {""avgPercentageChange"": ""1092445.9"", ""regionName"": ""Asia Pacific/All Other""}, {""avgPercentageChange"": ""2386112.016666666666666666666667"", ""regionName"": ""Asia Pacific/China""}]",SELECT ?regionName (AVG(?pct) AS ?avgPercentageChange) WHERE { ?entry a survey:DemandForRegion ; survey:inRegion ?region ; survey:totalDemandPercentageChange ?pct . ?region survey:regionName ?regionName . } GROUP BY ?regionName ORDER BY ?regionName,,
EFFKGQA0185,Return semiconductor shortage responses grouped by survey group.,shortage,llm_or_ranking,direct_graph_supported,auto_answer,capability_inventory,0,1,2,,"[{""companyCount"": ""1"", ""shortageStatus"": ""no"", ""surveyGroup"": ""Semiconductor""}, {""companyCount"": ""2"", ""shortageStatus"": ""yes"", ""surveyGroup"": ""Semiconductor""}]","SELECT ?surveyGroup ?shortageStatus (COUNT(?company) AS ?companyCount) WHERE { BIND(""Semiconductor"" AS ?surveyGroup) ?company a survey:Company ; survey:hasSurveyOrigin ?origin ; survey:reportsShortage ?shortage . ?origin a survey:Semiconductor_Survey . BIND(IF(?shortage = true, ""yes"", ""no"") AS ?shortageStatus) } GROUP BY ?surveyGroup ?shortageStatus ORDER BY ?surveyGroup ?shortageStatus",,
EFFKGQA0186,Give me regional demand grouped by quarter.,regional_demand,llm_or_ranking,direct_graph_supported,auto_answer,capability_inventory,0,1,3,,"[{""regionName"": ""Americas"", ""surveyGroup"": ""OEM"", ""totalDemand"": ""67744458.0""}, {""regionName"": ""Asia Pacific/All Other"", ""surveyGroup"": ""OEM"", ""totalDemand"": ""37293303.0""}, {""regionName"": ""Asia Pacific/China"", ""surveyGroup"": ""OEM"", ""totalDemand"": ""77885298.0""}]","SELECT ?surveyGroup ?regionName (SUM(?demand) AS ?totalDemand) WHERE { VALUES (?surveyClass ?surveyGroup) { (survey:OEM_Survey ""OEM"") (survey:Tier1_Survey ""Tier1"") (survey:Semiconductor_Survey ""Semiconductor"") } ?entry a survey:DemandForRegion ; survey:hasSurveyOrigin ?origin ; survey:inRegion ?region ; survey:totalDemand ?demand . ?origin a ?surveyClass . ?region survey:regionName ?regionName . } GROUP BY ?surveyGroup ?regionName ORDER BY ?surveyGroup ?regionName",,
EFFKGQA0187,Compare inventory responses by component.,inventory,llm_or_ranking,direct_graph_supported,auto_answer,capability_inventory,0,1,3,,"[{""component"": ""Component_EV"", ""participantTotal"": ""1"", ""trend"": ""Decrease""}, {""component"": ""Component_EV"", ""participantTotal"": ""1"", ""trend"": ""Increase""}, {""component"": ""Component_EV"", ""participantTotal"": ""3"", ""trend"": ""Stable""}]",SELECT ?component ?trend (SUM(?participants) AS ?participantTotal) WHERE { ?entry a survey:InventoryDevelopment_Tier1 ; survey:forComponent ?component ; survey:inventoryTrend ?trend ; survey:participantCount ?participants . } GROUP BY ?component ?trend ORDER BY ?component ?trend,,
EFFKGQA0188,Please how does current demand vary by vehicle type?,regional_demand,llm_or_ranking,llm_ranking,llm_ranking,infineon,1,5,0,,,"SELECT ?vehicleType (SUM(?demand) AS ?totalDemand) WHERE { ?entry a survey:CurrentDemandAnalysis ; survey:analyzesVehicleType ?vehicle ; survey:currentDemand ?demand . BIND(REPLACE(STR(?vehicle), '^.*/', '') AS ?vehicleType) } GROUP BY ?vehicleType ORDER BY DESC(?totalDemand)",,
EFFKGQA0189,Please summarize Tier1 current demand per quarter?,regional_demand,llm_or_ranking,llm_ranking,llm_ranking,infineon,1,5,0,,,"SELECT ?quarterLabel (SUM(?demand) AS ?totalDemand) WHERE { survey:Tier1CurrentDemand a survey:CurrentDemandAnalysis ; survey:hasAggregatedResult ?entry . ?entry a survey:DemandForRegion ; survey:quarter ?quarter ; survey:totalDemand ?demand . BIND(REPLACE(STR(?quarter), '^.*/', '') AS ?quarterLabel) } GROUP BY ?quarterLabel ORDER BY ?quarterLabel",,
EFFKGQA0190,Show vehicles sold by month.,vehicle_sales,llm_or_ranking,direct_graph_supported,auto_answer,capability_inventory,0,1,3,,"[{""monthLabel"": ""Apr 2023"", ""unitsSold"": ""6425650""}, {""monthLabel"": ""Apr 2024"", ""unitsSold"": ""6818720""}, {""monthLabel"": ""Apr 2025"", ""unitsSold"": ""7260983""}]","SELECT ?monthLabel (SUM(?units) AS ?unitsSold) WHERE { ?obs a survey:VehicleSalesObservation ; survey:forTimePeriod ?month ; survey:unitsSold ?units . OPTIONAL { ?month survey:periodLabel ?periodLabel . } BIND(COALESCE(?periodLabel, REPLACE(STR(?month), ""^.*/"", """")) AS ?monthLabel) } GROUP BY ?monthLabel ORDER BY ?monthLabel",,
EFFKGQA0191,Return shortage status grouped by shortage status.,shortage,llm_or_ranking,direct_graph_supported,auto_answer,capability_inventory,0,1,2,,"[{""companyCount"": ""3"", ""shortageStatus"": ""no""}, {""companyCount"": ""6"", ""shortageStatus"": ""yes""}]","SELECT ?shortageStatus (COUNT(?company) AS ?companyCount) WHERE { VALUES (?surveyClass ?surveyGroup) { (survey:OEM_Survey ""OEM"") (survey:Tier1_Survey ""Tier1"") (survey:Semiconductor_Survey ""Semiconductor"") } ?company a survey:Company ; survey:hasSurveyOrigin ?origin ; survey:reportsShortage ?shortage . ?origin a ?surveyClass . BIND(IF(?shortage = true, ""yes"", ""no"") AS ?shortageStatus) } GROUP BY ?shortageStatus ORDER BY ?shortageStatus",,
EFFKGQA0192,"From the graph, show current demand by quarter?",regional_demand,llm_or_ranking,llm_ranking,llm_ranking,infineon,1,5,0,,,"SELECT ?quarterLabel (AVG(?pct) AS ?avgCurrentDemandChange) WHERE { ?entry a survey:CurrentDemandAnalysis ; survey:forTimePeriod ?quarter ; survey:percentageChange ?pct . ?quarter a survey:Quarter . BIND(REPLACE(STR(?quarter), '^.*/', '') AS ?quarterLabel) } GROUP BY ?quarterLabel ORDER BY ?quarterLabel",,
EFFKGQA0193,Give me the future demand overview by quarter.,future_demand,direct_capability,direct_graph_supported,auto_answer,capability_inventory,0,1,3,,"[{""avgPercentageChange"": ""13.012777777777777777777778"", ""quarterLabel"": ""Current Quarter""}, {""avgPercentageChange"": ""10.57695652173913047826087"", ""quarterLabel"": ""Q1 2026""}, {""avgPercentageChange"": ""22.595217391304347826086957"", ""quarterLabel"": ""Q2 2025""}]",SELECT ?quarterLabel (AVG(?pct) AS ?avgPercentageChange) WHERE { ?entry a survey:FutureDemandAnalysis ; survey:forTimePeriod ?quarter ; survey:percentageChange ?pct . ?quarter survey:periodLabel ?quarterLabel . } GROUP BY ?quarterLabel ORDER BY ?quarterLabel,,
EFFKGQA0194,How many OrderCancellation entries exist overall?,catalog_lookup,llm_or_ranking,llm_ranking,llm_ranking,infineon,1,5,1,,"[{""count"": ""30""}]",SELECT (COUNT(*) AS ?count) WHERE { ?entry a survey:OrderCancellation . },,
EFFKGQA0195,Return forecast vehicle sales grouped by year.,vehicle_sales,llm_or_ranking,direct_graph_supported,auto_answer,capability_inventory,0,1,3,,"[{""unitsSold"": ""88109476"", ""year"": ""2024""}, {""unitsSold"": ""90166856"", ""year"": ""2025""}, {""unitsSold"": ""90471186"", ""year"": ""2026""}]","SELECT ?year (SUM(?units) AS ?unitsSold) WHERE { ?obs a survey:VehicleSalesObservation ; survey:isForecastData true ; survey:forTimePeriod ?month ; survey:unitsSold ?units . OPTIONAL { ?month survey:periodLabel ?periodLabel . } BIND(COALESCE(?periodLabel, REPLACE(STR(?month), ""^.*/"", """")) AS ?label) BIND(REPLACE(STR(?label), ""^.*(20[0-9]{2}).*$"", ""$1"") AS ?year) } GROUP BY ?year ORDER BY ?year",,
EFFKGQA0196,How does demand forecast vary by region?,future_demand,direct_capability,direct_graph_supported,auto_answer,capability_inventory,0,1,3,,"[{""avgPercentageChange"": ""1993696.795238095238095238095238"", ""regionName"": ""Americas""}, {""avgPercentageChange"": ""1092445.9"", ""regionName"": ""Asia Pacific/All Other""}, {""avgPercentageChange"": ""2386112.016666666666666666666667"", ""regionName"": ""Asia Pacific/China""}]",SELECT ?regionName (AVG(?pct) AS ?avgPercentageChange) WHERE { ?entry a survey:DemandForRegion ; survey:inRegion ?region ; survey:totalDemandPercentageChange ?pct . ?region survey:regionName ?regionName . } GROUP BY ?regionName ORDER BY ?regionName,,
EFFKGQA0197,Display future-demand percentage by technology category.,future_demand,direct_capability,direct_graph_supported,auto_answer,capability_inventory,0,1,3,,"[{""avgPercentageChange"": ""12.24875"", ""technologyCategory"": ""TechCategory_%3C%3D_7nm""}, {""avgPercentageChange"": ""3.7225"", ""technologyCategory"": ""TechCategory_10nm_to_%3C28nm""}, {""avgPercentageChange"": ""36.1225"", ""technologyCategory"": ""TechCategory_180nm_or_greater""}]","SELECT ?technologyCategory (AVG(?pct) AS ?avgPercentageChange) WHERE { ?entry a survey:FutureDemandAnalysis ; survey:analyzesTechnologyCategory ?technology ; survey:percentageChange ?pct . OPTIONAL { ?technology survey:technologyCategoryName ?technologyName . } BIND(COALESCE(?technologyName, REPLACE(STR(?technology), ""^.*/"", """")) AS ?technologyCategory) } GROUP BY ?technologyCategory ORDER BY ?technologyCategory",,
EFFKGQA0198,"For the survey data, how does demand forecast vary by quarter?",future_demand,direct_capability,llm_ranking,llm_ranking,infineon,1,5,3,,"[{""avgFutureChange"": ""9.03"", ""quarterLabel"": ""Current Quarter""}, {""avgFutureChange"": ""1.33"", ""quarterLabel"": ""Q1 2026""}, {""avgFutureChange"": ""55.19"", ""quarterLabel"": ""Q2 2025""}]","SELECT ?quarterLabel (AVG(?pct) AS ?avgFutureChange) WHERE { ?entry a survey:FutureDemandAnalysis ; survey:forTimePeriod ?quarter ; survey:percentageChange ?pct . BIND(REPLACE(STR(?quarter), '^.*/', '') AS ?quarterLabel) } GROUP BY ?quarterLabel ORDER BY ?quarterLabel",,
EFFKGQA0199,"From the graph, display future-demand percentage by technology category?",future_demand,direct_capability,direct_graph_supported,auto_answer,capability_inventory,0,1,3,,"[{""avgPercentageChange"": ""12.24875"", ""technologyCategory"": ""TechCategory_%3C%3D_7nm""}, {""avgPercentageChange"": ""3.7225"", ""technologyCategory"": ""TechCategory_10nm_to_%3C28nm""}, {""avgPercentageChange"": ""36.1225"", ""technologyCategory"": ""TechCategory_180nm_or_greater""}]","SELECT ?technologyCategory (AVG(?pct) AS ?avgPercentageChange) WHERE { ?entry a survey:FutureDemandAnalysis ; survey:analyzesTechnologyCategory ?technology ; survey:percentageChange ?pct . OPTIONAL { ?technology survey:technologyCategoryName ?technologyName . } BIND(COALESCE(?technologyName, REPLACE(STR(?technology), ""^.*/"", """")) AS ?technologyCategory) } GROUP BY ?technologyCategory ORDER BY ?technologyCategory",,
EFFKGQA0200,Compare Tier1 current demand across survey group.,regional_demand,llm_or_ranking,direct_graph_supported,auto_answer,capability_inventory,0,1,1,,"[{""surveyGroup"": ""Tier1"", ""totalDemand"": ""100.0""}]","SELECT ?surveyGroup (SUM(?demand) AS ?totalDemand) WHERE { BIND(""Tier1"" AS ?surveyGroup) ?entry a survey:DemandForRegion ; survey:hasSurveyOrigin ?origin ; survey:totalDemand ?demand . ?origin a survey:Tier1_Survey . } GROUP BY ?surveyGroup ORDER BY ?surveyGroup",,
EFFKGQA0201,What is the total OEM current demand for each survey group?,regional_demand,llm_or_ranking,direct_graph_supported,auto_answer,capability_inventory,0,1,1,,"[{""surveyGroup"": ""OEM"", ""totalDemand"": ""248769210.0""}]","SELECT ?surveyGroup (SUM(?demand) AS ?totalDemand) WHERE { BIND(""OEM"" AS ?surveyGroup) ?entry a survey:DemandForRegion ; survey:hasSurveyOrigin ?origin ; survey:totalDemand ?demand . ?origin a survey:OEM_Survey . } GROUP BY ?surveyGroup ORDER BY ?surveyGroup",,
EFFKGQA0202,Give me Tier1 current demand grouped by vehicle type.,regional_demand,llm_or_ranking,llm_ranking,llm_ranking,validated_retrieval,1,5,3,,"[{""pct"": ""-0.36"", ""vehicle"": ""BEV""}, {""pct"": ""3.77"", ""vehicle"": ""BEHV""}, {""pct"": ""4.59"", ""vehicle"": ""ICE""}]","SELECT ?vehicle ?pct WHERE { ?agg a survey:AggregatedDemand ; survey:hasSurveyOrigin survey:OEM_Survey_Instance ; survey:isAggregatedResult true ; survey:forVehicleType ?veh ; survey:percentageChange ?pct . BIND( IF(?veh = survey:BEV, ""BEV"", IF(?veh = survey:BEHV, ""BEHV"", IF(?veh = survey:ICE, ""ICE"", """") ) ) AS ?vehicle ) FILTER(?vehicle != """") BIND( IF(?vehicle = ""BEV"", 1, IF(?vehicle = ""BEHV"", 2, IF(?vehicle = ""ICE"", 3, 4) ) ) AS ?ord ) } ORDER BY ?ord",,
EFFKGQA0203,Which vehicle type has the highest vehicle sales units?,vehicle_sales,llm_or_ranking,llm_ranking,llm_ranking,infineon,1,4,0,,,"SELECT ?vehicleType (SUM(?unitsSold) AS ?totalUnits) WHERE { ?obs a survey:VehicleSalesObservation ; survey:hasVehicleType ?vehicle ; survey:unitsSold ?unitsSold . BIND(REPLACE(STR(?vehicle), '^.*/', '') AS ?vehicleType) } GROUP BY ?vehicleType ORDER BY DESC(?totalUnits) LIMIT 1",,
EFFKGQA0204,What is the average SAE level development for each survey group?,autonomous_driving,llm_or_ranking,llm_ranking,llm_ranking,infineon,1,7,0,,,"SELECT ?surveyType (AVG(?pct) AS ?avgPct) WHERE { VALUES (?surveyClass ?surveyType) { (survey:OEM_Survey 'OEM') (survey:Tier1_Survey 'Tier1') (survey:Semiconductor_Survey 'Semiconductor') } ?devClass a ?devType ; survey:hasSurveyOrigin ?origin ; survey:hasDetail ?entry . ?origin a ?surveyClass . VALUES ?devType { survey:AutonomousDrivingDevelopment_OEM survey:AutonomousDrivingDevelopment_Tier1 } ?entry a survey:AutonomousDrivingDevelopment ; survey:hasSAELevel ?sae ; survey:hasPercentage ?pct . FILTER(STR(?sae) = CONCAT(STR(survey:), 'SAE_Level_3')) } GROUP BY ?surveyType ORDER BY ?surveyType",,
EFFKGQA0205,How does Tier1 current demand vary by survey group?,regional_demand,llm_or_ranking,direct_graph_supported,auto_answer,capability_inventory,0,1,1,,"[{""surveyGroup"": ""Tier1"", ""totalDemand"": ""100.0""}]","SELECT ?surveyGroup (SUM(?demand) AS ?totalDemand) WHERE { BIND(""Tier1"" AS ?surveyGroup) ?entry a survey:DemandForRegion ; survey:hasSurveyOrigin ?origin ; survey:totalDemand ?demand . ?origin a survey:Tier1_Survey . } GROUP BY ?surveyGroup ORDER BY ?surveyGroup",,
EFFKGQA0206,Summarize current demand per survey group.,regional_demand,llm_or_ranking,direct_graph_supported,auto_answer,capability_inventory,0,1,3,,"[{""surveyGroup"": ""OEM"", ""totalDemand"": ""248769210.0""}, {""surveyGroup"": ""Semiconductor"", ""totalDemand"": ""100.0""}, {""surveyGroup"": ""Tier1"", ""totalDemand"": ""100.0""}]","SELECT ?surveyGroup (SUM(?demand) AS ?totalDemand) WHERE { VALUES (?surveyClass ?surveyGroup) { (survey:OEM_Survey ""OEM"") (survey:Tier1_Survey ""Tier1"") (survey:Semiconductor_Survey ""Semiconductor"") } ?entry a survey:DemandForRegion ; survey:hasSurveyOrigin ?origin ; survey:totalDemand ?demand . ?origin a ?surveyClass . } GROUP BY ?surveyGroup ORDER BY ?surveyGroup",,
EFFKGQA0207,What is the average autonomous driving development for each vehicle type?,autonomous_driving,llm_or_ranking,direct_graph_supported,auto_answer,capability_inventory,0,1,3,,"[{""avgPercentage"": ""62.0"", ""vehicleType"": ""BEHV""}, {""avgPercentage"": ""62.0"", ""vehicleType"": ""BEV""}, {""avgPercentage"": ""62.0"", ""vehicleType"": ""ICE""}]","SELECT ?vehicleType (AVG(?pct) AS ?avgPercentage) WHERE { ?entry a survey:AutonomousDrivingDevelopment ; survey:hasVehicleType ?vehicle ; survey:hasPercentage ?pct . BIND(REPLACE(STR(?vehicle), ""^.*/"", """") AS ?vehicleType) } GROUP BY ?vehicleType ORDER BY ?vehicleType",,
EFFKGQA0208,Compare shortage status by technology category.,shortage,llm_or_ranking,llm_ranking,llm_ranking,validated_retrieval,1,13,2,,"[{""Count"": ""1"", ""ShortageStatus"": ""no""}, {""Count"": ""2"", ""ShortageStatus"": ""yes""}]","SELECT ?ShortageStatus (COUNT(?Company) AS ?Count) WHERE { ?Company a survey:Company ; survey:hasSurveyOrigin ?origin ; survey:reportsShortage ?Shortage . ?origin a survey:Tier1_Survey . BIND(IF(?Shortage = true, ""yes"", ""no"") AS ?ShortageStatus) } GROUP BY ?ShortageStatus",,
EFFKGQA0209,Can you return a breakdown of regional demand by survey group?,regional_demand,llm_or_ranking,direct_graph_supported,auto_answer,capability_inventory,0,1,3,,"[{""regionName"": ""Americas"", ""surveyGroup"": ""OEM"", ""totalDemand"": ""67744458.0""}, {""regionName"": ""Asia Pacific/All Other"", ""surveyGroup"": ""OEM"", ""totalDemand"": ""37293303.0""}, {""regionName"": ""Asia Pacific/China"", ""surveyGroup"": ""OEM"", ""totalDemand"": ""77885298.0""}]","SELECT ?surveyGroup ?regionName (SUM(?demand) AS ?totalDemand) WHERE { VALUES (?surveyClass ?surveyGroup) { (survey:OEM_Survey ""OEM"") (survey:Tier1_Survey ""Tier1"") (survey:Semiconductor_Survey ""Semiconductor"") } ?entry a survey:DemandForRegion ; survey:hasSurveyOrigin ?origin ; survey:inRegion ?region ; survey:totalDemand ?demand . ?origin a ?surveyClass . ?region survey:regionName ?regionName . } GROUP BY ?surveyGroup ?regionName ORDER BY ?surveyGroup ?regionName",,
EFFKGQA0210,Compare future demand change across region.,future_demand,direct_capability,direct_graph_supported,auto_answer,capability_inventory,0,1,3,,"[{""avgPercentageChange"": ""1993696.795238095238095238095238"", ""regionName"": ""Americas""}, {""avgPercentageChange"": ""1092445.9"", ""regionName"": ""Asia Pacific/All Other""}, {""avgPercentageChange"": ""2386112.016666666666666666666667"", ""regionName"": ""Asia Pacific/China""}]",SELECT ?regionName (AVG(?pct) AS ?avgPercentageChange) WHERE { ?entry a survey:DemandForRegion ; survey:inRegion ?region ; survey:totalDemandPercentageChange ?pct . ?region survey:regionName ?regionName . } GROUP BY ?regionName ORDER BY ?regionName,,
EFFKGQA0211,Show future demand percentage changes by vehicle type.,future_demand,direct_capability,direct_graph_supported,auto_answer,capability_inventory,0,1,3,,"[{""avgPercentageChange"": ""1.505"", ""vehicleType"": ""BEHV""}, {""avgPercentageChange"": ""4.74375"", ""vehicleType"": ""BEV""}, {""avgPercentageChange"": ""0.845"", ""vehicleType"": ""ICE""}]","SELECT ?vehicleType (AVG(?pct) AS ?avgPercentageChange) WHERE { ?entry a survey:FutureDemandAnalysis ; survey:analyzesVehicleType ?vehicle ; survey:percentageChange ?pct . BIND(REPLACE(STR(?vehicle), ""^.*/"", """") AS ?vehicleType) } GROUP BY ?vehicleType ORDER BY ?vehicleType",,
EFFKGQA0212,Can you what is the total Tier1 current demand for each region?,regional_demand,llm_or_ranking,direct_graph_supported,auto_answer,capability_inventory,0,1,3,,"[{""regionName"": ""Americas"", ""totalDemand"": ""30.0""}, {""regionName"": ""Asia Pacific/All Other"", ""totalDemand"": ""10.0""}, {""regionName"": ""Asia Pacific/China"", ""totalDemand"": ""15.0""}]","SELECT ?regionName (SUM(?demand) AS ?totalDemand) WHERE { BIND(""Tier1"" AS ?surveyGroup) ?entry a survey:DemandForRegion ; survey:hasSurveyOrigin ?origin ; survey:inRegion ?region ; survey:totalDemand ?demand . ?origin a survey:Tier1_Survey . ?region survey:regionName ?regionName . } GROUP BY ?regionName ORDER BY ?regionName",,
EFFKGQA0213,Summarize self-driving development by SAE level.,autonomous_driving,llm_or_ranking,direct_graph_supported,auto_answer,capability_inventory,0,1,3,,"[{""avgPercentage"": ""42.0"", ""saeLevel"": ""SAE_Level_1""}, {""avgPercentage"": ""52.0"", ""saeLevel"": ""SAE_Level_2""}, {""avgPercentage"": ""62.0"", ""saeLevel"": ""SAE_Level_3""}]","SELECT ?saeLevel (AVG(?pct) AS ?avgPercentage) WHERE { ?entry a survey:AutonomousDrivingDevelopment ; survey:hasSAELevel ?sae ; survey:hasPercentage ?pct . BIND(REPLACE(STR(?sae), ""^.*/"", """") AS ?saeLevel) } GROUP BY ?saeLevel ORDER BY ?saeLevel",,
EFFKGQA0214,Show vehicle sales units by time period.,vehicle_sales,llm_or_ranking,llm_ranking,llm_ranking,infineon,1,5,3,,"[{""timePeriodLabel"": ""time_Apr_2023"", ""unitsSold"": ""304""}, {""timePeriodLabel"": ""time_Apr_2023"", ""unitsSold"": ""4390""}, {""timePeriodLabel"": ""time_Apr_2023"", ""unitsSold"": ""5""}]","SELECT ?timePeriodLabel ?unitsSold WHERE { ?obs a survey:VehicleSalesObservation ; survey:forTimePeriod ?timePeriod ; survey:unitsSold ?unitsSold . BIND(REPLACE(STR(?timePeriod), '^.*/', '') AS ?timePeriodLabel) } ORDER BY ?timePeriodLabel",,
EFFKGQA0215,Use the graph to show Tier1 current demand by vehicle type.,regional_demand,llm_or_ranking,llm_ranking,llm_ranking,validated_retrieval,1,5,3,,"[{""pct"": ""-0.36"", ""vehicle"": ""BEV""}, {""pct"": ""3.77"", ""vehicle"": ""BEHV""}, {""pct"": ""4.59"", ""vehicle"": ""ICE""}]","SELECT ?vehicle ?pct WHERE { ?agg a survey:AggregatedDemand ; survey:hasSurveyOrigin survey:OEM_Survey_Instance ; survey:isAggregatedResult true ; survey:forVehicleType ?veh ; survey:percentageChange ?pct . BIND( IF(?veh = survey:BEV, ""BEV"", IF(?veh = survey:BEHV, ""BEHV"", IF(?veh = survey:ICE, ""ICE"", """") ) ) AS ?vehicle ) FILTER(?vehicle != """") BIND( IF(?vehicle = ""BEV"", 1, IF(?vehicle = ""BEHV"", 2, IF(?vehicle = ""ICE"", 3, 4) ) ) AS ?ord ) } ORDER BY ?ord",,
EFFKGQA0216,Return order cancellation responses grouped by technology category.,order_cancellation,llm_or_ranking,direct_graph_supported,auto_answer,capability_inventory,0,1,3,,"[{""participantCount"": ""3"", ""technologyCategory"": ""OrderCancellationChange_Semi_10nm_to_lt28nm""}, {""participantCount"": ""3"", ""technologyCategory"": ""OrderCancellationChange_Semi_180nm_or_greater""}, {""participantCount"": ""3"", ""technologyCategory"": ""OrderCancellationChange_Semi_28nm_to_lt45nm""}]","SELECT ?technologyCategory (SUM(?participants) AS ?participantCount) WHERE { ?entry a survey:OrderCancellation ; survey:forTechnologyCategory ?technology ; survey:participantCount ?participants . BIND(REPLACE(STR(?technology), ""^.*/"", """") AS ?technologyCategory) } GROUP BY ?technologyCategory ORDER BY ?technologyCategory",,
EFFKGQA0217,Show semiconductor current demand by quarter.,regional_demand,llm_or_ranking,llm_ranking,llm_ranking,infineon,1,5,0,,,"SELECT ?quarterLabel ?pct WHERE { ?root a survey:CurrentDemandAnalysis ; survey:hasSurveyOrigin survey:Semiconductor_Survey ; survey:hasAggregatedResult ?entry . ?entry survey:forTimePeriod ?quarter ; survey:percentageChange ?pct . BIND(REPLACE(STR(?quarter), '^.*/', '') AS ?quarterLabel) } ORDER BY ?quarterLabel",,
EFFKGQA0218,Show current demand by region.,regional_demand,llm_or_ranking,direct_graph_supported,auto_answer,capability_inventory,0,1,3,,"[{""regionName"": ""Americas"", ""surveyGroup"": ""OEM"", ""totalDemand"": ""67744458.0""}, {""regionName"": ""Asia Pacific/All Other"", ""surveyGroup"": ""OEM"", ""totalDemand"": ""37293303.0""}, {""regionName"": ""Asia Pacific/China"", ""surveyGroup"": ""OEM"", ""totalDemand"": ""77885298.0""}]","SELECT ?surveyGroup ?regionName (SUM(?demand) AS ?totalDemand) WHERE { VALUES (?surveyClass ?surveyGroup) { (survey:OEM_Survey ""OEM"") (survey:Tier1_Survey ""Tier1"") (survey:Semiconductor_Survey ""Semiconductor"") } ?entry a survey:DemandForRegion ; survey:hasSurveyOrigin ?origin ; survey:inRegion ?region ; survey:totalDemand ?demand . ?origin a ?surveyClass . ?region survey:regionName ?regionName . } GROUP BY ?surveyGroup ?regionName ORDER BY ?surveyGroup ?regionName",,
EFFKGQA0219,Show the average future demand change for every quarter.,future_demand,direct_capability,direct_graph_supported,auto_answer,capability_inventory,0,1,3,,"[{""avgPercentageChange"": ""13.012777777777777777777778"", ""quarterLabel"": ""Current Quarter""}, {""avgPercentageChange"": ""10.57695652173913047826087"", ""quarterLabel"": ""Q1 2026""}, {""avgPercentageChange"": ""22.595217391304347826086957"", ""quarterLabel"": ""Q2 2025""}]",SELECT ?quarterLabel (AVG(?pct) AS ?avgPercentageChange) WHERE { ?entry a survey:FutureDemandAnalysis ; survey:forTimePeriod ?quarter ; survey:percentageChange ?pct . ?quarter survey:periodLabel ?quarterLabel . } GROUP BY ?quarterLabel ORDER BY ?quarterLabel,,
EFFKGQA0220,Can you give me the future demand overview by quarter?,future_demand,direct_capability,direct_graph_supported,auto_answer,capability_inventory,0,1,3,,"[{""avgPercentageChange"": ""13.012777777777777777777778"", ""quarterLabel"": ""Current Quarter""}, {""avgPercentageChange"": ""10.57695652173913047826087"", ""quarterLabel"": ""Q1 2026""}, {""avgPercentageChange"": ""22.595217391304347826086957"", ""quarterLabel"": ""Q2 2025""}]",SELECT ?quarterLabel (AVG(?pct) AS ?avgPercentageChange) WHERE { ?entry a survey:FutureDemandAnalysis ; survey:forTimePeriod ?quarter ; survey:percentageChange ?pct . ?quarter survey:periodLabel ?quarterLabel . } GROUP BY ?quarterLabel ORDER BY ?quarterLabel,,
EFFKGQA0221,Give monthly results for actual vehicle sales.,vehicle_sales,llm_or_ranking,direct_graph_supported,auto_answer,capability_inventory,0,1,3,,"[{""monthLabel"": ""Apr 2023"", ""unitsSold"": ""6425650""}, {""monthLabel"": ""Aug 2023"", ""unitsSold"": ""7057393""}, {""monthLabel"": ""Dec 2023"", ""unitsSold"": ""8093262""}]","SELECT ?monthLabel (SUM(?units) AS ?unitsSold) WHERE { ?obs a survey:VehicleSalesObservation ; survey:isActualData true ; survey:forTimePeriod ?month ; survey:unitsSold ?units . OPTIONAL { ?month survey:periodLabel ?periodLabel . } BIND(COALESCE(?periodLabel, REPLACE(STR(?month), ""^.*/"", """")) AS ?monthLabel) } GROUP BY ?monthLabel ORDER BY ?monthLabel",,
EFFKGQA0222,"From the graph, show future demand by technology category?",future_demand,direct_capability,direct_graph_supported,auto_answer,capability_inventory,0,1,3,,"[{""avgPercentageChange"": ""12.24875"", ""technologyCategory"": ""TechCategory_%3C%3D_7nm""}, {""avgPercentageChange"": ""3.7225"", ""technologyCategory"": ""TechCategory_10nm_to_%3C28nm""}, {""avgPercentageChange"": ""36.1225"", ""technologyCategory"": ""TechCategory_180nm_or_greater""}]","SELECT ?technologyCategory (AVG(?pct) AS ?avgPercentageChange) WHERE { ?entry a survey:FutureDemandAnalysis ; survey:analyzesTechnologyCategory ?technology ; survey:percentageChange ?pct . OPTIONAL { ?technology survey:technologyCategoryName ?technologyName . } BIND(COALESCE(?technologyName, REPLACE(STR(?technology), ""^.*/"", """")) AS ?technologyCategory) } GROUP BY ?technologyCategory ORDER BY ?technologyCategory",,
EFFKGQA0223,Summarize SAE level development by vehicle type.,autonomous_driving,llm_or_ranking,direct_graph_supported,auto_answer,capability_inventory,0,1,3,,"[{""avgPercentage"": ""42.0"", ""saeLevel"": ""SAE_Level_1"", ""vehicleType"": ""BEHV""}, {""avgPercentage"": ""52.0"", ""saeLevel"": ""SAE_Level_2"", ""vehicleType"": ""BEHV""}, {""avgPercentage"": ""62.0"", ""saeLevel"": ""SAE_Level_3"", ""vehicleType"": ""BEHV""}]","SELECT ?vehicleType ?saeLevel (AVG(?pct) AS ?avgPercentage) WHERE { ?entry a survey:AutonomousDrivingDevelopment ; survey:hasVehicleType ?vehicle ; survey:hasSAELevel ?sae ; survey:hasPercentage ?pct . BIND(REPLACE(STR(?vehicle), ""^.*/"", """") AS ?vehicleType) BIND(REPLACE(STR(?sae), ""^.*/"", """") AS ?saeLevel) } GROUP BY ?vehicleType ?saeLevel ORDER BY ?vehicleType ?saeLevel",,
EFFKGQA0224,"For the survey data, return a breakdown of regional demand by quarter?",regional_demand,llm_or_ranking,direct_graph_supported,auto_answer,capability_inventory,0,1,3,,"[{""regionName"": ""Americas"", ""surveyGroup"": ""OEM"", ""totalDemand"": ""67744458.0""}, {""regionName"": ""Asia Pacific/All Other"", ""surveyGroup"": ""OEM"", ""totalDemand"": ""37293303.0""}, {""regionName"": ""Asia Pacific/China"", ""surveyGroup"": ""OEM"", ""totalDemand"": ""77885298.0""}]","SELECT ?surveyGroup ?regionName (SUM(?demand) AS ?totalDemand) WHERE { VALUES (?surveyClass ?surveyGroup) { (survey:OEM_Survey ""OEM"") (survey:Tier1_Survey ""Tier1"") (survey:Semiconductor_Survey ""Semiconductor"") } ?entry a survey:DemandForRegion ; survey:hasSurveyOrigin ?origin ; survey:inRegion ?region ; survey:totalDemand ?demand . ?origin a ?surveyClass . ?region survey:regionName ?regionName . } GROUP BY ?surveyGroup ?regionName ORDER BY ?surveyGroup ?regionName",,
EFFKGQA0225,Summarize OEM current demand per survey group.,regional_demand,llm_or_ranking,direct_graph_supported,auto_answer,capability_inventory,0,1,1,,"[{""surveyGroup"": ""OEM"", ""totalDemand"": ""248769210.0""}]","SELECT ?surveyGroup (SUM(?demand) AS ?totalDemand) WHERE { BIND(""OEM"" AS ?surveyGroup) ?entry a survey:DemandForRegion ; survey:hasSurveyOrigin ?origin ; survey:totalDemand ?demand . ?origin a survey:OEM_Survey . } GROUP BY ?surveyGroup ORDER BY ?surveyGroup",,
EFFKGQA0226,Compare semiconductor shortage responses by survey group.,shortage,llm_or_ranking,direct_graph_supported,auto_answer,capability_inventory,0,1,2,,"[{""companyCount"": ""1"", ""shortageStatus"": ""no"", ""surveyGroup"": ""Semiconductor""}, {""companyCount"": ""2"", ""shortageStatus"": ""yes"", ""surveyGroup"": ""Semiconductor""}]","SELECT ?surveyGroup ?shortageStatus (COUNT(?company) AS ?companyCount) WHERE { BIND(""Semiconductor"" AS ?surveyGroup) ?company a survey:Company ; survey:hasSurveyOrigin ?origin ; survey:reportsShortage ?shortage . ?origin a survey:Semiconductor_Survey . BIND(IF(?shortage = true, ""yes"", ""no"") AS ?shortageStatus) } GROUP BY ?surveyGroup ?shortageStatus ORDER BY ?surveyGroup ?shortageStatus",,
EFFKGQA0227,Can you compare current demand across survey group?,regional_demand,llm_or_ranking,direct_graph_supported,auto_answer,capability_inventory,0,1,3,,"[{""surveyGroup"": ""OEM"", ""totalDemand"": ""248769210.0""}, {""surveyGroup"": ""Semiconductor"", ""totalDemand"": ""100.0""}, {""surveyGroup"": ""Tier1"", ""totalDemand"": ""100.0""}]","SELECT ?surveyGroup (SUM(?demand) AS ?totalDemand) WHERE { VALUES (?surveyClass ?surveyGroup) { (survey:OEM_Survey ""OEM"") (survey:Tier1_Survey ""Tier1"") (survey:Semiconductor_Survey ""Semiconductor"") } ?entry a survey:DemandForRegion ; survey:hasSurveyOrigin ?origin ; survey:totalDemand ?demand . ?origin a ?surveyClass . } GROUP BY ?surveyGroup ORDER BY ?surveyGroup",,
EFFKGQA0228,Use the True Demand KG to show future demand by technology category.,future_demand,direct_capability,direct_graph_supported,auto_answer,capability_inventory,0,1,3,,"[{""avgPercentageChange"": ""12.24875"", ""technologyCategory"": ""TechCategory_%3C%3D_7nm""}, {""avgPercentageChange"": ""3.7225"", ""technologyCategory"": ""TechCategory_10nm_to_%3C28nm""}, {""avgPercentageChange"": ""36.1225"", ""technologyCategory"": ""TechCategory_180nm_or_greater""}]","SELECT ?technologyCategory (AVG(?pct) AS ?avgPercentageChange) WHERE { ?entry a survey:FutureDemandAnalysis ; survey:analyzesTechnologyCategory ?technology ; survey:percentageChange ?pct . OPTIONAL { ?technology survey:technologyCategoryName ?technologyName . } BIND(COALESCE(?technologyName, REPLACE(STR(?technology), ""^.*/"", """")) AS ?technologyCategory) } GROUP BY ?technologyCategory ORDER BY ?technologyCategory",,
EFFKGQA0229,Summarize vehicles sold over vehicle type.,vehicle_sales,llm_or_ranking,llm_ranking,llm_ranking,infineon,1,5,0,,,"SELECT ?vehicleType (SUM(?unitsSold) AS ?total) WHERE { ?obs a survey:VehicleSalesObservation ; survey:hasVehicleType ?vehicle ; survey:unitsSold ?unitsSold . BIND(REPLACE(STR(?vehicle), '^.*/', '') AS ?vehicleType) } GROUP BY ?vehicleType",,
EFFKGQA0230,What are the future demand changes for each technology category?,future_demand,direct_capability,direct_graph_supported,auto_answer,capability_inventory,0,1,3,,"[{""avgPercentageChange"": ""12.24875"", ""technologyCategory"": ""TechCategory_%3C%3D_7nm""}, {""avgPercentageChange"": ""3.7225"", ""technologyCategory"": ""TechCategory_10nm_to_%3C28nm""}, {""avgPercentageChange"": ""36.1225"", ""technologyCategory"": ""TechCategory_180nm_or_greater""}]","SELECT ?technologyCategory (AVG(?pct) AS ?avgPercentageChange) WHERE { ?entry a survey:FutureDemandAnalysis ; survey:analyzesTechnologyCategory ?technology ; survey:percentageChange ?pct . OPTIONAL { ?technology survey:technologyCategoryName ?technologyName . } BIND(COALESCE(?technologyName, REPLACE(STR(?technology), ""^.*/"", """")) AS ?technologyCategory) } GROUP BY ?technologyCategory ORDER BY ?technologyCategory",,
EFFKGQA0231,Can you show the future demand trend by quarter?,future_demand,direct_capability,direct_graph_supported,auto_answer,capability_inventory,0,1,3,,"[{""avgPercentageChange"": ""13.012777777777777777777778"", ""quarterLabel"": ""Current Quarter""}, {""avgPercentageChange"": ""10.57695652173913047826087"", ""quarterLabel"": ""Q1 2026""}, {""avgPercentageChange"": ""22.595217391304347826086957"", ""quarterLabel"": ""Q2 2025""}]",SELECT ?quarterLabel (AVG(?pct) AS ?avgPercentageChange) WHERE { ?entry a survey:FutureDemandAnalysis ; survey:forTimePeriod ?quarter ; survey:percentageChange ?pct . ?quarter survey:periodLabel ?quarterLabel . } GROUP BY ?quarterLabel ORDER BY ?quarterLabel,,
EFFKGQA0232,Show regional demand by region.,regional_demand,llm_or_ranking,direct_graph_supported,auto_answer,capability_inventory,0,1,3,,"[{""regionName"": ""Americas"", ""surveyGroup"": ""OEM"", ""totalDemand"": ""67744458.0""}, {""regionName"": ""Asia Pacific/All Other"", ""surveyGroup"": ""OEM"", ""totalDemand"": ""37293303.0""}, {""regionName"": ""Asia Pacific/China"", ""surveyGroup"": ""OEM"", ""totalDemand"": ""77885298.0""}]","SELECT ?surveyGroup ?regionName (SUM(?demand) AS ?totalDemand) WHERE { VALUES (?surveyClass ?surveyGroup) { (survey:OEM_Survey ""OEM"") (survey:Tier1_Survey ""Tier1"") (survey:Semiconductor_Survey ""Semiconductor"") } ?entry a survey:DemandForRegion ; survey:hasSurveyOrigin ?origin ; survey:inRegion ?region ; survey:totalDemand ?demand . ?origin a ?surveyClass . ?region survey:regionName ?regionName . } GROUP BY ?surveyGroup ?regionName ORDER BY ?surveyGroup ?regionName",,
EFFKGQA0233,Compare cancellation behavior by response type.,order_cancellation,llm_or_ranking,llm_ranking,llm_ranking,infineon,1,5,3,,"[{""responseType"": ""Decrease"", ""totalParticipants"": ""5""}, {""responseType"": ""Increase"", ""totalParticipants"": ""5""}, {""responseType"": ""Stable"", ""totalParticipants"": ""5""}]",SELECT ?responseType (SUM(?participants) AS ?totalParticipants) WHERE { ?entry a survey:OrderCancellation ; survey:hasResponseType ?responseType ; survey:participantCount ?participants . } GROUP BY ?responseType,,
EFFKGQA0234,"Future demand by vehicle type, please.",future_demand,direct_capability,direct_graph_supported,auto_answer,capability_inventory,0,1,3,,"[{""avgPercentageChange"": ""1.505"", ""vehicleType"": ""BEHV""}, {""avgPercentageChange"": ""4.74375"", ""vehicleType"": ""BEV""}, {""avgPercentageChange"": ""0.845"", ""vehicleType"": ""ICE""}]","SELECT ?vehicleType (AVG(?pct) AS ?avgPercentageChange) WHERE { ?entry a survey:FutureDemandAnalysis ; survey:analyzesVehicleType ?vehicle ; survey:percentageChange ?pct . BIND(REPLACE(STR(?vehicle), ""^.*/"", """") AS ?vehicleType) } GROUP BY ?vehicleType ORDER BY ?vehicleType",,
EFFKGQA0235,What are the future demand changes for each region?,future_demand,direct_capability,direct_graph_supported,auto_answer,capability_inventory,0,1,3,,"[{""avgPercentageChange"": ""1993696.795238095238095238095238"", ""regionName"": ""Americas""}, {""avgPercentageChange"": ""1092445.9"", ""regionName"": ""Asia Pacific/All Other""}, {""avgPercentageChange"": ""2386112.016666666666666666666667"", ""regionName"": ""Asia Pacific/China""}]",SELECT ?regionName (AVG(?pct) AS ?avgPercentageChange) WHERE { ?entry a survey:DemandForRegion ; survey:inRegion ?region ; survey:totalDemandPercentageChange ?pct . ?region survey:regionName ?regionName . } GROUP BY ?regionName ORDER BY ?regionName,,
EFFKGQA0236,Return inventory responses grouped by technology category.,inventory,llm_or_ranking,direct_graph_supported,auto_answer,capability_inventory,0,1,3,,"[{""entryCount"": ""1"", ""technologyCategory"": ""10nm_to_%3C28nm"", ""trend"": ""Decrease""}, {""entryCount"": ""1"", ""technologyCategory"": ""10nm_to_%3C28nm"", ""trend"": ""Increase""}, {""entryCount"": ""1"", ""technologyCategory"": ""180nm_or_greater"", ""trend"": ""Decrease""}]","SELECT ?technologyCategory ?trend (COUNT(?entry) AS ?entryCount) WHERE { ?entry a survey:InventoryDevelopment_Semi ; survey:forTechnologyCategory ?technology ; survey:hasInventoryTrend ?trend . BIND(REPLACE(STR(?technology), ""^.*/"", """") AS ?technologyCategory) } GROUP BY ?technologyCategory ?trend ORDER BY ?technologyCategory ?trend",,
EFFKGQA0237,Show current demand by quarter.,regional_demand,llm_or_ranking,llm_ranking,llm_ranking,infineon,1,5,0,,,"SELECT ?quarterLabel ?currentDemand WHERE { ?root a survey:CurrentDemandAnalysis ; survey:hasAggregatedResult ?entry . ?entry survey:forTimePeriod ?quarter ; survey:currentDemand ?currentDemand . ?quarter a survey:Quarter . BIND(REPLACE(STR(?quarter), '^.*/', '') AS ?quarterLabel) } ORDER BY ?quarterLabel",,
EFFKGQA0238,"For the survey data, give me current demand grouped by vehicle type?",regional_demand,llm_or_ranking,llm_ranking,llm_ranking,infineon,1,5,0,,,"SELECT ?vehicleType (SUM(?demand) AS ?totalDemand) WHERE { survey:OEMCurrentDemand survey:hasAggregatedResult ?entry . ?entry a survey:CurrentDemandAnalysis ; survey:analyzesVehicleType ?vehicle ; survey:percentageChange ?demand . BIND(REPLACE(STR(?vehicle), '^.*/', '') AS ?vehicleType) } GROUP BY ?vehicleType ORDER BY ?vehicleType",,
EFFKGQA0239,Can you show the future demand trend by region?,future_demand,direct_capability,direct_graph_supported,auto_answer,capability_inventory,0,1,3,,"[{""avgPercentageChange"": ""1993696.795238095238095238095238"", ""regionName"": ""Americas""}, {""avgPercentageChange"": ""1092445.9"", ""regionName"": ""Asia Pacific/All Other""}, {""avgPercentageChange"": ""2386112.016666666666666666666667"", ""regionName"": ""Asia Pacific/China""}]",SELECT ?regionName (AVG(?pct) AS ?avgPercentageChange) WHERE { ?entry a survey:DemandForRegion ; survey:inRegion ?region ; survey:totalDemandPercentageChange ?pct . ?region survey:regionName ?regionName . } GROUP BY ?regionName ORDER BY ?regionName,,
EFFKGQA0240,Return self-driving development grouped by year.,autonomous_driving,llm_or_ranking,direct_graph_supported,auto_answer,capability_inventory,0,1,3,,"[{""avgPercentage"": ""42.0"", ""year"": ""2025""}, {""avgPercentage"": ""62.0"", ""year"": ""2026""}, {""avgPercentage"": ""82.0"", ""year"": ""2027""}]",SELECT ?year (AVG(?pct) AS ?avgPercentage) WHERE { ?entry a survey:AutonomousDrivingDevelopment ; survey:hasYear ?year ; survey:hasPercentage ?pct . } GROUP BY ?year ORDER BY ?year,,
EFFKGQA0241,How many companies are in each survey group for shortage status?,shortage,llm_or_ranking,direct_graph_supported,auto_answer,capability_inventory,0,1,3,,"[{""companyCount"": ""1"", ""shortageStatus"": ""no"", ""surveyGroup"": ""OEM""}, {""companyCount"": ""2"", ""shortageStatus"": ""yes"", ""surveyGroup"": ""OEM""}, {""companyCount"": ""1"", ""shortageStatus"": ""no"", ""surveyGroup"": ""Semiconductor""}]","SELECT ?surveyGroup ?shortageStatus (COUNT(?company) AS ?companyCount) WHERE { VALUES (?surveyClass ?surveyGroup) { (survey:OEM_Survey ""OEM"") (survey:Tier1_Survey ""Tier1"") (survey:Semiconductor_Survey ""Semiconductor"") } ?company a survey:Company ; survey:hasSurveyOrigin ?origin ; survey:reportsShortage ?shortage . ?origin a ?surveyClass . BIND(IF(?shortage = true, ""yes"", ""no"") AS ?shortageStatus) } GROUP BY ?surveyGroup ?shortageStatus ORDER BY ?surveyGroup ?shortageStatus",,
EFFKGQA0242,What is the average autonomous driving development for each year?,autonomous_driving,llm_or_ranking,direct_graph_supported,auto_answer,capability_inventory,0,1,3,,"[{""avgPercentage"": ""42.0"", ""year"": ""2025""}, {""avgPercentage"": ""62.0"", ""year"": ""2026""}, {""avgPercentage"": ""82.0"", ""year"": ""2027""}]",SELECT ?year (AVG(?pct) AS ?avgPercentage) WHERE { ?entry a survey:AutonomousDrivingDevelopment ; survey:hasYear ?year ; survey:hasPercentage ?pct . } GROUP BY ?year ORDER BY ?year,,
EFFKGQA0243,Can you summarize OEM current demand per survey group?,regional_demand,llm_or_ranking,direct_graph_supported,auto_answer,capability_inventory,0,1,1,,"[{""surveyGroup"": ""OEM"", ""totalDemand"": ""248769210.0""}]","SELECT ?surveyGroup (SUM(?demand) AS ?totalDemand) WHERE { BIND(""OEM"" AS ?surveyGroup) ?entry a survey:DemandForRegion ; survey:hasSurveyOrigin ?origin ; survey:totalDemand ?demand . ?origin a survey:OEM_Survey . } GROUP BY ?surveyGroup ORDER BY ?surveyGroup",,
EFFKGQA0244,Which SAE level has the highest autonomous driving development?,autonomous_driving,llm_or_ranking,direct_graph_supported,auto_answer,capability_inventory,0,1,3,,"[{""avgPercentage"": ""42.0"", ""saeLevel"": ""SAE_Level_1""}, {""avgPercentage"": ""52.0"", ""saeLevel"": ""SAE_Level_2""}, {""avgPercentage"": ""62.0"", ""saeLevel"": ""SAE_Level_3""}]","SELECT ?saeLevel (AVG(?pct) AS ?avgPercentage) WHERE { ?entry a survey:AutonomousDrivingDevelopment ; survey:hasSAELevel ?sae ; survey:hasPercentage ?pct . BIND(REPLACE(STR(?sae), ""^.*/"", """") AS ?saeLevel) } GROUP BY ?saeLevel ORDER BY ?saeLevel",,
EFFKGQA0245,"Using the True Demand KG, show the average future demand change for every vehicle type?",future_demand,direct_capability,direct_graph_supported,auto_answer,capability_inventory,0,1,3,,"[{""avgPercentageChange"": ""1.505"", ""vehicleType"": ""BEHV""}, {""avgPercentageChange"": ""4.74375"", ""vehicleType"": ""BEV""}, {""avgPercentageChange"": ""0.845"", ""vehicleType"": ""ICE""}]","SELECT ?vehicleType (AVG(?pct) AS ?avgPercentageChange) WHERE { ?entry a survey:FutureDemandAnalysis ; survey:analyzesVehicleType ?vehicle ; survey:percentageChange ?pct . BIND(REPLACE(STR(?vehicle), ""^.*/"", """") AS ?vehicleType) } GROUP BY ?vehicleType ORDER BY ?vehicleType",,
EFFKGQA0246,Summarize SAE level development by year.,autonomous_driving,llm_or_ranking,direct_graph_supported,auto_answer,capability_inventory,0,1,3,,"[{""avgPercentage"": ""22.0"", ""saeLevel"": ""SAE_Level_1"", ""year"": ""2025""}, {""avgPercentage"": ""42.0"", ""saeLevel"": ""SAE_Level_1"", ""year"": ""2026""}, {""avgPercentage"": ""62.0"", ""saeLevel"": ""SAE_Level_1"", ""year"": ""2027""}]","SELECT ?saeLevel ?year (AVG(?pct) AS ?avgPercentage) WHERE { ?entry a survey:AutonomousDrivingDevelopment ; survey:hasSAELevel ?sae ; survey:hasYear ?year ; survey:hasPercentage ?pct . BIND(REPLACE(STR(?sae), ""^.*/"", """") AS ?saeLevel) } GROUP BY ?saeLevel ?year ORDER BY ?saeLevel ?year",,
EFFKGQA0247,"From the graph, show future demand percentage changes by region?",future_demand,direct_capability,direct_graph_supported,auto_answer,capability_inventory,0,1,3,,"[{""avgPercentageChange"": ""1993696.795238095238095238095238"", ""regionName"": ""Americas""}, {""avgPercentageChange"": ""1092445.9"", ""regionName"": ""Asia Pacific/All Other""}, {""avgPercentageChange"": ""2386112.016666666666666666666667"", ""regionName"": ""Asia Pacific/China""}]",SELECT ?regionName (AVG(?pct) AS ?avgPercentageChange) WHERE { ?entry a survey:DemandForRegion ; survey:inRegion ?region ; survey:totalDemandPercentageChange ?pct . ?region survey:regionName ?regionName . } GROUP BY ?regionName ORDER BY ?regionName,,
EFFKGQA0248,Return vehicle sales units grouped by month.,vehicle_sales,llm_or_ranking,direct_graph_supported,auto_answer,capability_inventory,0,1,3,,"[{""monthLabel"": ""Apr 2023"", ""unitsSold"": ""6425650""}, {""monthLabel"": ""Apr 2024"", ""unitsSold"": ""6818720""}, {""monthLabel"": ""Apr 2025"", ""unitsSold"": ""7260983""}]","SELECT ?monthLabel (SUM(?units) AS ?unitsSold) WHERE { ?obs a survey:VehicleSalesObservation ; survey:forTimePeriod ?month ; survey:unitsSold ?units . OPTIONAL { ?month survey:periodLabel ?periodLabel . } BIND(COALESCE(?periodLabel, REPLACE(STR(?month), ""^.*/"", """")) AS ?monthLabel) } GROUP BY ?monthLabel ORDER BY ?monthLabel",,
EFFKGQA0249,What is the total number of vehicle sales units for each time period?,vehicle_sales,llm_or_ranking,llm_ranking,llm_ranking,infineon,1,5,3,,"[{""timePeriod"": ""time_Apr_2023"", ""totalUnits"": ""6425650""}, {""timePeriod"": ""time_Apr_2024"", ""totalUnits"": ""6818720""}, {""timePeriod"": ""time_Apr_2025"", ""totalUnits"": ""7260983""}]",SELECT ?timePeriod (SUM(?unitsSold) AS ?totalUnits) WHERE { ?obs a survey:VehicleSalesObservation ; survey:forTimePeriod ?timePeriod ; survey:unitsSold ?unitsSold . } GROUP BY ?timePeriod ORDER BY ?timePeriod,,
EFFKGQA0250,Please compare OEM current demand across vehicle type?,regional_demand,llm_or_ranking,llm_ranking,llm_ranking,validated_retrieval,1,5,3,,"[{""pct"": ""-0.36"", ""vehicle"": ""BEV""}, {""pct"": ""3.77"", ""vehicle"": ""BEHV""}, {""pct"": ""4.59"", ""vehicle"": ""ICE""}]","SELECT ?vehicle ?pct WHERE { ?agg a survey:AggregatedDemand ; survey:hasSurveyOrigin survey:OEM_Survey_Instance ; survey:isAggregatedResult true ; survey:forVehicleType ?veh ; survey:percentageChange ?pct . BIND( IF(?veh = survey:BEV, ""BEV"", IF(?veh = survey:BEHV, ""BEHV"", IF(?veh = survey:ICE, ""ICE"", """") ) ) AS ?vehicle ) FILTER(?vehicle != """") BIND( IF(?vehicle = ""BEV"", 1, IF(?vehicle = ""BEHV"", 2, IF(?vehicle = ""ICE"", 3, 4) ) ) AS ?ord ) } ORDER BY ?ord",,
EFFKGQA0251,Display future-demand percentage by region.,future_demand,direct_capability,direct_graph_supported,auto_answer,capability_inventory,0,1,3,,"[{""avgPercentageChange"": ""1993696.795238095238095238095238"", ""regionName"": ""Americas""}, {""avgPercentageChange"": ""1092445.9"", ""regionName"": ""Asia Pacific/All Other""}, {""avgPercentageChange"": ""2386112.016666666666666666666667"", ""regionName"": ""Asia Pacific/China""}]",SELECT ?regionName (AVG(?pct) AS ?avgPercentageChange) WHERE { ?entry a survey:DemandForRegion ; survey:inRegion ?region ; survey:totalDemandPercentageChange ?pct . ?region survey:regionName ?regionName . } GROUP BY ?regionName ORDER BY ?regionName,,
EFFKGQA0252,Return a breakdown of OEM current demand by region.,regional_demand,llm_or_ranking,direct_graph_supported,auto_answer,capability_inventory,0,1,3,,"[{""regionName"": ""Americas"", ""totalDemand"": ""67744458.0""}, {""regionName"": ""Asia Pacific/All Other"", ""totalDemand"": ""37293303.0""}, {""regionName"": ""Asia Pacific/China"", ""totalDemand"": ""77885298.0""}]","SELECT ?regionName (SUM(?demand) AS ?totalDemand) WHERE { BIND(""OEM"" AS ?surveyGroup) ?entry a survey:DemandForRegion ; survey:hasSurveyOrigin ?origin ; survey:inRegion ?region ; survey:totalDemand ?demand . ?origin a survey:OEM_Survey . ?region survey:regionName ?regionName . } GROUP BY ?regionName ORDER BY ?regionName",,
EFFKGQA0253,Return future demand values for each vehicle type.,future_demand,direct_capability,direct_graph_supported,auto_answer,capability_inventory,0,1,3,,"[{""avgPercentageChange"": ""1.505"", ""vehicleType"": ""BEHV""}, {""avgPercentageChange"": ""4.74375"", ""vehicleType"": ""BEV""}, {""avgPercentageChange"": ""0.845"", ""vehicleType"": ""ICE""}]","SELECT ?vehicleType (AVG(?pct) AS ?avgPercentageChange) WHERE { ?entry a survey:FutureDemandAnalysis ; survey:analyzesVehicleType ?vehicle ; survey:percentageChange ?pct . BIND(REPLACE(STR(?vehicle), ""^.*/"", """") AS ?vehicleType) } GROUP BY ?vehicleType ORDER BY ?vehicleType",,
EFFKGQA0254,"From the graph, return future demand values for each vehicle type?",future_demand,direct_capability,direct_graph_supported,auto_answer,capability_inventory,0,1,3,,"[{""avgPercentageChange"": ""1.505"", ""vehicleType"": ""BEHV""}, {""avgPercentageChange"": ""4.74375"", ""vehicleType"": ""BEV""}, {""avgPercentageChange"": ""0.845"", ""vehicleType"": ""ICE""}]","SELECT ?vehicleType (AVG(?pct) AS ?avgPercentageChange) WHERE { ?entry a survey:FutureDemandAnalysis ; survey:analyzesVehicleType ?vehicle ; survey:percentageChange ?pct . BIND(REPLACE(STR(?vehicle), ""^.*/"", """") AS ?vehicleType) } GROUP BY ?vehicleType ORDER BY ?vehicleType",,
EFFKGQA0255,Summarize SAE level development by survey group.,autonomous_driving,llm_or_ranking,llm_ranking,llm_ranking,infineon,1,8,0,,,"SELECT ?surveyType (SUM(?pct) AS ?totalPct) WHERE { VALUES (?surveyClass ?surveyType) { (survey:OEM_Survey 'OEM') (survey:Tier1_Survey 'Tier1') (survey:Semiconductor_Survey 'Semiconductor') } ?devClass a ?devType ; survey:hasSurveyOrigin ?origin ; survey:hasDetail ?entry . ?origin a ?surveyClass . FILTER(?devType IN (survey:AutonomousDrivingDevelopment_OEM, survey:AutonomousDrivingDevelopment_Tier1)) ?entry a survey:AutonomousDrivingDevelopment ; survey:hasSAELevel ?sae ; survey:hasPercentage ?pct . FILTER(REGEX(STR(?sae), 'SAE_Level_3$')) } GROUP BY ?surveyType ORDER BY ?surveyType",,
EFFKGQA0256,Return component inventory grouped by trend.,inventory,llm_or_ranking,direct_graph_supported,auto_answer,capability_inventory,0,1,3,,"[{""component"": ""Component_EV"", ""participantTotal"": ""1"", ""trend"": ""Decrease""}, {""component"": ""Component_EV"", ""participantTotal"": ""1"", ""trend"": ""Increase""}, {""component"": ""Component_EV"", ""participantTotal"": ""3"", ""trend"": ""Stable""}]",SELECT ?component ?trend (SUM(?participants) AS ?participantTotal) WHERE { ?entry a survey:InventoryDevelopment_Tier1 ; survey:forComponent ?component ; survey:inventoryTrend ?trend ; survey:participantCount ?participants . } GROUP BY ?component ?trend ORDER BY ?component ?trend,,
EFFKGQA0257,Which trend appears most often in component inventory?,inventory,llm_or_ranking,direct_graph_supported,auto_answer,capability_inventory,0,1,3,,"[{""component"": ""Component_EV"", ""participantTotal"": ""1"", ""trend"": ""Decrease""}, {""component"": ""Component_EV"", ""participantTotal"": ""1"", ""trend"": ""Increase""}, {""component"": ""Component_EV"", ""participantTotal"": ""3"", ""trend"": ""Stable""}]",SELECT ?component ?trend (SUM(?participants) AS ?participantTotal) WHERE { ?entry a survey:InventoryDevelopment_Tier1 ; survey:forComponent ?component ; survey:inventoryTrend ?trend ; survey:participantCount ?participants . } GROUP BY ?component ?trend ORDER BY ?component ?trend,,
EFFKGQA0258,Please how is future demand distributed by region?,future_demand,direct_capability,direct_graph_supported,auto_answer,capability_inventory,0,1,3,,"[{""avgPercentageChange"": ""1993696.795238095238095238095238"", ""regionName"": ""Americas""}, {""avgPercentageChange"": ""1092445.9"", ""regionName"": ""Asia Pacific/All Other""}, {""avgPercentageChange"": ""2386112.016666666666666666666667"", ""regionName"": ""Asia Pacific/China""}]",SELECT ?regionName (AVG(?pct) AS ?avgPercentageChange) WHERE { ?entry a survey:DemandForRegion ; survey:inRegion ?region ; survey:totalDemandPercentageChange ?pct . ?region survey:regionName ?regionName . } GROUP BY ?regionName ORDER BY ?regionName,,
EFFKGQA0259,Return SAE level development grouped by SAE level.,autonomous_driving,llm_or_ranking,direct_graph_supported,auto_answer,capability_inventory,0,1,3,,"[{""avgPercentage"": ""42.0"", ""saeLevel"": ""SAE_Level_1""}, {""avgPercentage"": ""52.0"", ""saeLevel"": ""SAE_Level_2""}, {""avgPercentage"": ""62.0"", ""saeLevel"": ""SAE_Level_3""}]","SELECT ?saeLevel (AVG(?pct) AS ?avgPercentage) WHERE { ?entry a survey:AutonomousDrivingDevelopment ; survey:hasSAELevel ?sae ; survey:hasPercentage ?pct . BIND(REPLACE(STR(?sae), ""^.*/"", """") AS ?saeLevel) } GROUP BY ?saeLevel ORDER BY ?saeLevel",,
EFFKGQA0260,Compare order cancellation responses by response type.,order_cancellation,llm_or_ranking,direct_graph_supported,auto_answer,capability_inventory,0,1,3,,"[{""participantCount"": ""5"", ""responseType"": ""Decrease""}, {""participantCount"": ""5"", ""responseType"": ""Increase""}, {""participantCount"": ""5"", ""responseType"": ""Stable""}]",SELECT ?responseType (SUM(?participants) AS ?participantCount) WHERE { ?entry a survey:OrderCancellation ; survey:hasResponseType ?responseType ; survey:participantCount ?participants . } GROUP BY ?responseType ORDER BY ?responseType,,
EFFKGQA0261,Compare OEM current demand across quarter.,regional_demand,llm_or_ranking,llm_ranking,llm_ranking,infineon,1,5,0,,,"SELECT ?quarterLabel (AVG(?pct) AS ?avgChange) WHERE { survey:OEMCurrentDemand survey:hasAggregatedResult ?entry . ?entry a survey:CurrentDemandAnalysis ; survey:forTimePeriod ?quarter ; survey:percentageChange ?pct . ?quarter a survey:Quarter . BIND(REPLACE(STR(?quarter), '^.*/', '') AS ?quarterLabel) } GROUP BY ?quarterLabel ORDER BY ?quarterLabel",,
EFFKGQA0262,How many companies are in each shortage status for companies reporting shortage?,shortage,llm_or_ranking,direct_graph_supported,auto_answer,capability_inventory,0,1,2,,"[{""companyCount"": ""3"", ""shortageStatus"": ""no""}, {""companyCount"": ""6"", ""shortageStatus"": ""yes""}]","SELECT ?shortageStatus (COUNT(?company) AS ?companyCount) WHERE { VALUES (?surveyClass ?surveyGroup) { (survey:OEM_Survey ""OEM"") (survey:Tier1_Survey ""Tier1"") (survey:Semiconductor_Survey ""Semiconductor"") } ?company a survey:Company ; survey:hasSurveyOrigin ?origin ; survey:reportsShortage ?shortage . ?origin a ?surveyClass . BIND(IF(?shortage = true, ""yes"", ""no"") AS ?shortageStatus) } GROUP BY ?shortageStatus ORDER BY ?shortageStatus",,
EFFKGQA0263,Show average autonomous driving development by survey group.,autonomous_driving,llm_or_ranking,llm_ranking,llm_ranking,infineon,1,11,0,,,"SELECT ?surveyType (AVG(?pct) AS ?avgPct) WHERE { VALUES (?surveyClass ?surveyType) { (survey:OEM_Survey 'OEM') (survey:Tier1_Survey 'Tier1') (survey:Semiconductor_Survey 'Semiconductor') } ?devClass a ?surveyClass ; survey:hasDetail ?entry . FILTER(?devClass IN (survey:AutonomousDrivingDevelopment_OEM, survey:AutonomousDrivingDevelopment_Tier1)) ?entry survey:hasPercentage ?pct . } GROUP BY ?surveyType ORDER BY ?surveyType",,
EFFKGQA0264,"Using the True Demand KG, summarize current demand per quarter?",regional_demand,llm_or_ranking,llm_ranking,llm_ranking,infineon,1,5,0,,,"SELECT ?quarterLabel (SUM(?demand) AS ?totalDemand) WHERE { survey:OEMCurrentDemand survey:hasAggregatedResult ?entry . ?entry a survey:CurrentDemandAnalysis ; survey:forTimePeriod ?quarter ; survey:hasMarketSegment survey:Automotive ; survey:currentDemand ?demand . ?quarter a survey:Quarter . BIND(REPLACE(STR(?quarter), '^.*/', '') AS ?quarterLabel) } GROUP BY ?quarterLabel ORDER BY ?quarterLabel",,
EFFKGQA0265,Count order cancellation responses for each technology category.,order_cancellation,llm_or_ranking,direct_graph_supported,auto_answer,capability_inventory,0,1,3,,"[{""participantCount"": ""3"", ""technologyCategory"": ""OrderCancellationChange_Semi_10nm_to_lt28nm""}, {""participantCount"": ""3"", ""technologyCategory"": ""OrderCancellationChange_Semi_180nm_or_greater""}, {""participantCount"": ""3"", ""technologyCategory"": ""OrderCancellationChange_Semi_28nm_to_lt45nm""}]","SELECT ?technologyCategory (SUM(?participants) AS ?participantCount) WHERE { ?entry a survey:OrderCancellation ; survey:forTechnologyCategory ?technology ; survey:participantCount ?participants . BIND(REPLACE(STR(?technology), ""^.*/"", """") AS ?technologyCategory) } GROUP BY ?technologyCategory ORDER BY ?technologyCategory",,
EFFKGQA0266,"From the graph, use the graph to show Tier1 current demand by quarter?",regional_demand,llm_or_ranking,llm_ranking,llm_ranking,infineon,1,5,0,,,"SELECT ?quarterLabel ?pctChange WHERE { survey:Tier1CurrentDemand a survey:CurrentDemandAnalysis ; survey:hasAggregatedResult ?entry . ?entry a survey:CurrentDemandAnalysis ; survey:forTimePeriod ?quarter ; survey:percentageChange ?pctChange . BIND(REPLACE(STR(?quarter), '^.*/', '') AS ?quarterLabel) } ORDER BY ?quarterLabel",,
EFFKGQA0267,Summarize sales volume over vehicle type.,vehicle_sales,llm_or_ranking,llm_ranking,llm_ranking,infineon,1,5,0,,,"SELECT ?vehicleType (SUM(?unitsSold) AS ?totalSales) WHERE { ?obs a survey:VehicleSalesObservation ; survey:hasVehicleType ?vehicle ; survey:unitsSold ?unitsSold . BIND(REPLACE(STR(?vehicle), '^.*/', '') AS ?vehicleType) } GROUP BY ?vehicleType ORDER BY DESC(?totalSales)",,
EFFKGQA0268,"From the graph, what is the total Tier1 current demand for each vehicle type?",regional_demand,llm_or_ranking,llm_ranking,llm_ranking,infineon,1,5,0,,,"SELECT ?vehicleType (SUM(?demand) AS ?totalDemand) WHERE { survey:Tier1CurrentDemand a survey:CurrentDemandAnalysis ; survey:hasAggregatedResult ?agg . ?agg survey:forVehicleType ?vehicle ; survey:percentageChange ?demand . BIND(REPLACE(STR(?vehicle), '^.*/', '') AS ?vehicleType) } GROUP BY ?vehicleType",,
EFFKGQA0269,Please compare semiconductor current demand across region?,regional_demand,llm_or_ranking,direct_graph_supported,auto_answer,capability_inventory,0,1,3,,"[{""regionName"": ""Americas"", ""totalDemand"": ""35.0""}, {""regionName"": ""Asia Pacific/All Other"", ""totalDemand"": ""10.0""}, {""regionName"": ""Asia Pacific/China"", ""totalDemand"": ""20.0""}]","SELECT ?regionName (SUM(?demand) AS ?totalDemand) WHERE { BIND(""Semiconductor"" AS ?surveyGroup) ?entry a survey:DemandForRegion ; survey:hasSurveyOrigin ?origin ; survey:inRegion ?region ; survey:totalDemand ?demand . ?origin a survey:Semiconductor_Survey . ?region survey:regionName ?regionName . } GROUP BY ?regionName ORDER BY ?regionName",,
EFFKGQA0270,Return actual vehicle sales grouped by month.,vehicle_sales,llm_or_ranking,direct_graph_supported,auto_answer,capability_inventory,0,1,3,,"[{""monthLabel"": ""Apr 2023"", ""unitsSold"": ""6425650""}, {""monthLabel"": ""Aug 2023"", ""unitsSold"": ""7057393""}, {""monthLabel"": ""Dec 2023"", ""unitsSold"": ""8093262""}]","SELECT ?monthLabel (SUM(?units) AS ?unitsSold) WHERE { ?obs a survey:VehicleSalesObservation ; survey:isActualData true ; survey:forTimePeriod ?month ; survey:unitsSold ?units . OPTIONAL { ?month survey:periodLabel ?periodLabel . } BIND(COALESCE(?periodLabel, REPLACE(STR(?month), ""^.*/"", """")) AS ?monthLabel) } GROUP BY ?monthLabel ORDER BY ?monthLabel",,
EFFKGQA0271,Please how does Tier1 current demand vary by region?,regional_demand,llm_or_ranking,direct_graph_supported,auto_answer,capability_inventory,0,1,3,,"[{""regionName"": ""Americas"", ""totalDemand"": ""30.0""}, {""regionName"": ""Asia Pacific/All Other"", ""totalDemand"": ""10.0""}, {""regionName"": ""Asia Pacific/China"", ""totalDemand"": ""15.0""}]","SELECT ?regionName (SUM(?demand) AS ?totalDemand) WHERE { BIND(""Tier1"" AS ?surveyGroup) ?entry a survey:DemandForRegion ; survey:hasSurveyOrigin ?origin ; survey:inRegion ?region ; survey:totalDemand ?demand . ?origin a survey:Tier1_Survey . ?region survey:regionName ?regionName . } GROUP BY ?regionName ORDER BY ?regionName",,
EFFKGQA0272,Show shortage information by technology category.,shortage,llm_or_ranking,llm_ranking,llm_ranking,validated_retrieval,1,13,1,,"[{""count"": ""2""}]",SELECT (COUNT(?c) AS ?count) WHERE { ?c a survey:Company ; survey:hasSurveyOrigin ?o ; survey:reportsShortage ?flag . ?o a survey:OEM_Survey . FILTER(?flag = true) },,
EFFKGQA0273,Give me current demand grouped by survey group.,regional_demand,llm_or_ranking,direct_graph_supported,auto_answer,capability_inventory,0,1,3,,"[{""surveyGroup"": ""OEM"", ""totalDemand"": ""248769210.0""}, {""surveyGroup"": ""Semiconductor"", ""totalDemand"": ""100.0""}, {""surveyGroup"": ""Tier1"", ""totalDemand"": ""100.0""}]","SELECT ?surveyGroup (SUM(?demand) AS ?totalDemand) WHERE { VALUES (?surveyClass ?surveyGroup) { (survey:OEM_Survey ""OEM"") (survey:Tier1_Survey ""Tier1"") (survey:Semiconductor_Survey ""Semiconductor"") } ?entry a survey:DemandForRegion ; survey:hasSurveyOrigin ?origin ; survey:totalDemand ?demand . ?origin a ?surveyClass . } GROUP BY ?surveyGroup ORDER BY ?surveyGroup",,
EFFKGQA0274,Return inventory trend grouped by technology category.,inventory,llm_or_ranking,direct_graph_supported,auto_answer,capability_inventory,0,1,3,,"[{""entryCount"": ""1"", ""technologyCategory"": ""10nm_to_%3C28nm"", ""trend"": ""Decrease""}, {""entryCount"": ""1"", ""technologyCategory"": ""10nm_to_%3C28nm"", ""trend"": ""Increase""}, {""entryCount"": ""1"", ""technologyCategory"": ""180nm_or_greater"", ""trend"": ""Decrease""}]","SELECT ?technologyCategory ?trend (COUNT(?entry) AS ?entryCount) WHERE { ?entry a survey:InventoryDevelopment_Semi ; survey:forTechnologyCategory ?technology ; survey:hasInventoryTrend ?trend . BIND(REPLACE(STR(?technology), ""^.*/"", """") AS ?technologyCategory) } GROUP BY ?technologyCategory ?trend ORDER BY ?technologyCategory ?trend",,
EFFKGQA0275,Show component inventory by trend.,inventory,llm_or_ranking,direct_graph_supported,auto_answer,capability_inventory,0,1,3,,"[{""component"": ""Component_EV"", ""participantTotal"": ""1"", ""trend"": ""Decrease""}, {""component"": ""Component_EV"", ""participantTotal"": ""1"", ""trend"": ""Increase""}, {""component"": ""Component_EV"", ""participantTotal"": ""3"", ""trend"": ""Stable""}]",SELECT ?component ?trend (SUM(?participants) AS ?participantTotal) WHERE { ?entry a survey:InventoryDevelopment_Tier1 ; survey:forComponent ?component ; survey:inventoryTrend ?trend ; survey:participantCount ?participants . } GROUP BY ?component ?trend ORDER BY ?component ?trend,,
EFFKGQA0276,"From the graph, summarize OEM current demand per quarter?",regional_demand,llm_or_ranking,llm_ranking,llm_ranking,infineon,1,5,0,,,"SELECT ?quarterLabel (SUM(?unitsSold) AS ?totalDemand) WHERE { ?oemCurrentDemand a survey:CurrentDemandAnalysis ; survey:hasSurveyOrigin survey:OEM_Survey ; survey:hasAggregatedResult ?entry . ?entry a survey:DemandForRegion ; survey:forTimePeriod ?quarter ; survey:totalDemand ?unitsSold . BIND(REPLACE(STR(?quarter), '^.*/', '') AS ?quarterLabel) } GROUP BY ?quarterLabel ORDER BY ?quarterLabel",,
EFFKGQA0277,Compare future demand change across vehicle type.,future_demand,direct_capability,direct_graph_supported,auto_answer,capability_inventory,0,1,3,,"[{""avgPercentageChange"": ""1.505"", ""vehicleType"": ""BEHV""}, {""avgPercentageChange"": ""4.74375"", ""vehicleType"": ""BEV""}, {""avgPercentageChange"": ""0.845"", ""vehicleType"": ""ICE""}]","SELECT ?vehicleType (AVG(?pct) AS ?avgPercentageChange) WHERE { ?entry a survey:FutureDemandAnalysis ; survey:analyzesVehicleType ?vehicle ; survey:percentageChange ?pct . BIND(REPLACE(STR(?vehicle), ""^.*/"", """") AS ?vehicleType) } GROUP BY ?vehicleType ORDER BY ?vehicleType",,
EFFKGQA0278,Which vehicle type has the highest sales volume?,vehicle_sales,llm_or_ranking,llm_ranking,llm_ranking,infineon,1,2,0,,,"SELECT ?vehicleType (SUM(?unitsSold) AS ?totalSales) WHERE { ?obs a survey:VehicleSalesObservation ; survey:hasVehicleType ?vehicle ; survey:unitsSold ?unitsSold . BIND(REPLACE(STR(?vehicle), '^.*/', '') AS ?vehicleType) } GROUP BY ?vehicleType ORDER BY DESC(?totalSales) LIMIT 1",,
EFFKGQA0279,Show sales volume by vehicle type.,vehicle_sales,llm_or_ranking,llm_ranking,llm_ranking,infineon,1,5,0,,,"SELECT ?vehicleType (SUM(?unitsSold) AS ?totalSales) WHERE { ?obs a survey:VehicleSalesObservation ; survey:hasVehicleType ?vehicle ; survey:unitsSold ?unitsSold . BIND(REPLACE(STR(?vehicle), '^.*/', '') AS ?vehicleType) } GROUP BY ?vehicleType ORDER BY DESC(?totalSales)",,
EFFKGQA0280,"For the survey data, summarize future demand across region?",future_demand,direct_capability,llm_ranking,llm_ranking,validated_retrieval,1,10,3,,"[{""percentShare"": ""25.54"", ""quarterLabel"": ""Q1 2026"", ""regionName"": ""Americas""}, {""percentShare"": ""15.75"", ""quarterLabel"": ""Q1 2026"", ""regionName"": ""Asia Pacific/All Other""}, {""percentShare"": ""31.64"", ""quarterLabel"": ""Q1 2026"", ""regionName"": ""Asia Pacific/China""}]",SELECT ?quarterLabel ?regionName (ROUND(((SUM(?pct) / ?grandTotal) * 100) * 100) / 100 AS ?percentShare) WHERE { BIND(survey:OEM_Survey AS ?surveyType) ?origin a ?surveyType . ?entry a survey:DemandForRegion ; survey:hasSurveyOrigin ?origin ; survey:inRegion ?region ; survey:quarter ?q ; survey:totalDemandPercentageChange ?pct . ?q survey:periodLabel ?quarterLabel . ?region survey:regionName ?regionName . { SELECT ?origin ?quarterLabel (SUM(?v) AS ?grandTotal) WHERE { ?e a survey:DemandForRegion ; survey:hasSurveyOrigin ?origin ; survey:quarter ?qq ; survey:totalDemandPercentageChange ?v . ?qq survey:periodLabel ?quarterLabel . } GROUP BY ?origin ?quarterLabel } } GROUP BY ?quarterLabel ?regionName ?grandTotal ORDER BY ?quarterLabel ?regionName,,
EFFKGQA0281,Compare current demand across quarter.,regional_demand,llm_or_ranking,llm_ranking,llm_ranking,infineon,1,5,0,,,"SELECT ?surveyType ?quarterLabel (SUM(?pct) AS ?totalChange) WHERE { VALUES (?surveyClass ?surveyType) { (survey:OEM_Survey 'OEM') (survey:Tier1_Survey 'Tier1') (survey:Semiconductor_Survey 'Semiconductor') } ?root a survey:CurrentDemandAnalysis ; survey:hasSurveyOrigin ?origin ; survey:hasAggregatedResult ?entry . ?origin a ?surveyClass . ?entry survey:forTimePeriod ?quarter ; survey:percentageChange ?pct . BIND(REPLACE(STR(?quarter), '^.*/', '') AS ?quarterLabel) } GROUP BY ?surveyType ?quarterLabel ORDER BY ?surveyType ?quarterLabel",,
EFFKGQA0282,Can you show the future demand trend by technology category?,future_demand,direct_capability,direct_graph_supported,auto_answer,capability_inventory,0,1,3,,"[{""avgPercentageChange"": ""12.24875"", ""technologyCategory"": ""TechCategory_%3C%3D_7nm""}, {""avgPercentageChange"": ""3.7225"", ""technologyCategory"": ""TechCategory_10nm_to_%3C28nm""}, {""avgPercentageChange"": ""36.1225"", ""technologyCategory"": ""TechCategory_180nm_or_greater""}]","SELECT ?technologyCategory (AVG(?pct) AS ?avgPercentageChange) WHERE { ?entry a survey:FutureDemandAnalysis ; survey:analyzesTechnologyCategory ?technology ; survey:percentageChange ?pct . OPTIONAL { ?technology survey:technologyCategoryName ?technologyName . } BIND(COALESCE(?technologyName, REPLACE(STR(?technology), ""^.*/"", """")) AS ?technologyCategory) } GROUP BY ?technologyCategory ORDER BY ?technologyCategory",,
EFFKGQA0283,Can you compare future demand change across quarter?,future_demand,direct_capability,direct_graph_supported,auto_answer,capability_inventory,0,1,3,,"[{""avgPercentageChange"": ""13.012777777777777777777778"", ""quarterLabel"": ""Current Quarter""}, {""avgPercentageChange"": ""10.57695652173913047826087"", ""quarterLabel"": ""Q1 2026""}, {""avgPercentageChange"": ""22.595217391304347826086957"", ""quarterLabel"": ""Q2 2025""}]",SELECT ?quarterLabel (AVG(?pct) AS ?avgPercentageChange) WHERE { ?entry a survey:FutureDemandAnalysis ; survey:forTimePeriod ?quarter ; survey:percentageChange ?pct . ?quarter survey:periodLabel ?quarterLabel . } GROUP BY ?quarterLabel ORDER BY ?quarterLabel,,
EFFKGQA0284,"For the survey data, give me current demand grouped by survey group?",regional_demand,llm_or_ranking,direct_graph_supported,auto_answer,capability_inventory,0,1,3,,"[{""surveyGroup"": ""OEM"", ""totalDemand"": ""248769210.0""}, {""surveyGroup"": ""Semiconductor"", ""totalDemand"": ""100.0""}, {""surveyGroup"": ""Tier1"", ""totalDemand"": ""100.0""}]","SELECT ?surveyGroup (SUM(?demand) AS ?totalDemand) WHERE { VALUES (?surveyClass ?surveyGroup) { (survey:OEM_Survey ""OEM"") (survey:Tier1_Survey ""Tier1"") (survey:Semiconductor_Survey ""Semiconductor"") } ?entry a survey:DemandForRegion ; survey:hasSurveyOrigin ?origin ; survey:totalDemand ?demand . ?origin a ?surveyClass . } GROUP BY ?surveyGroup ORDER BY ?surveyGroup",,
EFFKGQA0285,Please return the future demand analysis by region?,future_demand,direct_capability,direct_graph_supported,auto_answer,capability_inventory,0,1,3,,"[{""avgPercentageChange"": ""1993696.795238095238095238095238"", ""regionName"": ""Americas""}, {""avgPercentageChange"": ""1092445.9"", ""regionName"": ""Asia Pacific/All Other""}, {""avgPercentageChange"": ""2386112.016666666666666666666667"", ""regionName"": ""Asia Pacific/China""}]",SELECT ?regionName (AVG(?pct) AS ?avgPercentageChange) WHERE { ?entry a survey:DemandForRegion ; survey:inRegion ?region ; survey:totalDemandPercentageChange ?pct . ?region survey:regionName ?regionName . } GROUP BY ?regionName ORDER BY ?regionName,,
EFFKGQA0286,What is the total OEM current demand for each vehicle type?,regional_demand,llm_or_ranking,llm_ranking,llm_ranking,infineon,1,5,0,,,"SELECT ?vehicleType (SUM(?demand) AS ?totalDemand) WHERE { ?entry a survey:CurrentDemandAnalysis ; survey:hasSurveyOrigin survey:OEM_Survey ; survey:analyzesVehicleType ?vehicle ; survey:percentageChange ?demand . BIND(REPLACE(STR(?vehicle), '^.*/', '') AS ?vehicleType) } GROUP BY ?vehicleType",,
EFFKGQA0287,"Using the True Demand KG, use the graph to show Tier1 current demand by survey group?",regional_demand,llm_or_ranking,direct_graph_supported,auto_answer,capability_inventory,0,1,1,,"[{""surveyGroup"": ""Tier1"", ""totalDemand"": ""100.0""}]","SELECT ?surveyGroup (SUM(?demand) AS ?totalDemand) WHERE { BIND(""Tier1"" AS ?surveyGroup) ?entry a survey:DemandForRegion ; survey:hasSurveyOrigin ?origin ; survey:totalDemand ?demand . ?origin a survey:Tier1_Survey . } GROUP BY ?surveyGroup ORDER BY ?surveyGroup",,
EFFKGQA0288,Compare vehicle sales units across year.,vehicle_sales,llm_or_ranking,direct_graph_supported,auto_answer,capability_inventory,0,1,3,,"[{""unitsSold"": ""86125479"", ""year"": ""2023""}, {""unitsSold"": ""88109476"", ""year"": ""2024""}, {""unitsSold"": ""90166856"", ""year"": ""2025""}]","SELECT ?year (SUM(?units) AS ?unitsSold) WHERE { ?obs a survey:VehicleSalesObservation ; survey:forTimePeriod ?month ; survey:unitsSold ?units . OPTIONAL { ?month survey:periodLabel ?periodLabel . } BIND(COALESCE(?periodLabel, REPLACE(STR(?month), ""^.*/"", """")) AS ?label) BIND(REPLACE(STR(?label), ""^.*(20[0-9]{2}).*$"", ""$1"") AS ?year) } GROUP BY ?year ORDER BY ?year",,
EFFKGQA0289,"Using the True Demand KG, use the True Demand KG to show future demand by technology category?",future_demand,direct_capability,direct_graph_supported,auto_answer,capability_inventory,0,1,3,,"[{""avgPercentageChange"": ""12.24875"", ""technologyCategory"": ""TechCategory_%3C%3D_7nm""}, {""avgPercentageChange"": ""3.7225"", ""technologyCategory"": ""TechCategory_10nm_to_%3C28nm""}, {""avgPercentageChange"": ""36.1225"", ""technologyCategory"": ""TechCategory_180nm_or_greater""}]","SELECT ?technologyCategory (AVG(?pct) AS ?avgPercentageChange) WHERE { ?entry a survey:FutureDemandAnalysis ; survey:analyzesTechnologyCategory ?technology ; survey:percentageChange ?pct . OPTIONAL { ?technology survey:technologyCategoryName ?technologyName . } BIND(COALESCE(?technologyName, REPLACE(STR(?technology), ""^.*/"", """")) AS ?technologyCategory) } GROUP BY ?technologyCategory ORDER BY ?technologyCategory",,
EFFKGQA0290,Show component inventory by technology category.,inventory,llm_or_ranking,llm_ranking,llm_ranking,infineon,1,13,0,,,SELECT ?component ?techCategoryName WHERE { ?inv a survey:InventoryDevelopment_Tier1 ; survey:forComponent ?component ; survey:forTechnologyCategory ?techCategory . ?component a survey:Component . ?techCategory a survey:TechnologyCategory ; survey:technologyCategoryName ?techCategoryName . },,
EFFKGQA0291,Which SAE level has the highest SAE level development?,autonomous_driving,llm_or_ranking,direct_graph_supported,auto_answer,capability_inventory,0,1,3,,"[{""avgPercentage"": ""42.0"", ""saeLevel"": ""SAE_Level_1""}, {""avgPercentage"": ""52.0"", ""saeLevel"": ""SAE_Level_2""}, {""avgPercentage"": ""62.0"", ""saeLevel"": ""SAE_Level_3""}]","SELECT ?saeLevel (AVG(?pct) AS ?avgPercentage) WHERE { ?entry a survey:AutonomousDrivingDevelopment ; survey:hasSAELevel ?sae ; survey:hasPercentage ?pct . BIND(REPLACE(STR(?sae), ""^.*/"", """") AS ?saeLevel) } GROUP BY ?saeLevel ORDER BY ?saeLevel",,
EFFKGQA0292,"From the graph, return a breakdown of current demand by region?",regional_demand,llm_or_ranking,direct_graph_supported,auto_answer,capability_inventory,0,1,3,,"[{""regionName"": ""Americas"", ""surveyGroup"": ""OEM"", ""totalDemand"": ""67744458.0""}, {""regionName"": ""Asia Pacific/All Other"", ""surveyGroup"": ""OEM"", ""totalDemand"": ""37293303.0""}, {""regionName"": ""Asia Pacific/China"", ""surveyGroup"": ""OEM"", ""totalDemand"": ""77885298.0""}]","SELECT ?surveyGroup ?regionName (SUM(?demand) AS ?totalDemand) WHERE { VALUES (?surveyClass ?surveyGroup) { (survey:OEM_Survey ""OEM"") (survey:Tier1_Survey ""Tier1"") (survey:Semiconductor_Survey ""Semiconductor"") } ?entry a survey:DemandForRegion ; survey:hasSurveyOrigin ?origin ; survey:inRegion ?region ; survey:totalDemand ?demand . ?origin a ?surveyClass . ?region survey:regionName ?regionName . } GROUP BY ?surveyGroup ?regionName ORDER BY ?surveyGroup ?regionName",,
EFFKGQA0293,Return actual vehicle sales grouped by time period.,vehicle_sales,llm_or_ranking,llm_ranking,llm_ranking,validated_retrieval,1,5,3,,"[{""monthLabel"": ""time_Apr_2023"", ""unitsSold"": ""6425650""}, {""monthLabel"": ""time_Aug_2023"", ""unitsSold"": ""7057393""}, {""monthLabel"": ""time_Dec_2023"", ""unitsSold"": ""8093262""}]","SELECT ?monthLabel (SUM(?units) AS ?unitsSold) WHERE { ?obs a survey:VehicleSalesObservation ; survey:forTimePeriod ?month ; survey:isActualData true ; survey:unitsSold ?units . BIND(REPLACE(STR(?month), '^.*/', '') AS ?monthLabel) } GROUP BY ?monthLabel ORDER BY ?monthLabel",,
EFFKGQA0294,Compare vehicles sold across vehicle type.,vehicle_sales,llm_or_ranking,llm_ranking,llm_ranking,infineon,1,5,0,,,"SELECT ?vehicleType (COUNT(?obs) AS ?observationCount) WHERE { ?obs a survey:VehicleSalesObservation ; survey:hasVehicleType ?vehicle . BIND(REPLACE(STR(?vehicle), '^.*/', '') AS ?vehicleType) } GROUP BY ?vehicleType ORDER BY DESC(?observationCount)",,
EFFKGQA0295,I need future demand grouped by vehicle type.,future_demand,direct_capability,direct_graph_supported,auto_answer,capability_inventory,0,1,3,,"[{""avgPercentageChange"": ""1.505"", ""vehicleType"": ""BEHV""}, {""avgPercentageChange"": ""4.74375"", ""vehicleType"": ""BEV""}, {""avgPercentageChange"": ""0.845"", ""vehicleType"": ""ICE""}]","SELECT ?vehicleType (AVG(?pct) AS ?avgPercentageChange) WHERE { ?entry a survey:FutureDemandAnalysis ; survey:analyzesVehicleType ?vehicle ; survey:percentageChange ?pct . BIND(REPLACE(STR(?vehicle), ""^.*/"", """") AS ?vehicleType) } GROUP BY ?vehicleType ORDER BY ?vehicleType",,
EFFKGQA0296,"For the survey data, how does future demand change by quarter?",future_demand,direct_capability,llm_ranking,llm_ranking,infineon,1,10,0,,,"SELECT ?quarterLabel (AVG(?pct) AS ?avgChange) WHERE { ?entry survey:hasTechnologyCategory ?forte ; survey:hasTechnologyCategory ?futurer ; survey:forTimePeriod ?quarter ; survey:percentageChange ?pct . BIND(REPLACE(STR(?quarter), '^.*/', '') AS ?quarterLabel) } GROUP BY ?quarterLabel ORDER BY ?quarterLabel",,
EFFKGQA0297,List available survey groups.,catalog_lookup,llm_or_ranking,llm_ranking,llm_ranking,infineon,1,8,3,,"[{""surveyType"": ""OEM""}, {""surveyType"": ""Tier1""}, {""surveyType"": ""Semiconductor""}]",SELECT DISTINCT ?surveyType WHERE { VALUES (?surveyClass ?surveyType) { (survey:OEM_Survey 'OEM') (survey:Tier1_Survey 'Tier1') (survey:Semiconductor_Survey 'Semiconductor') } ?origin a ?surveyClass . },,
EFFKGQA0298,Return shortage information grouped by survey group.,shortage,llm_or_ranking,direct_graph_supported,auto_answer,capability_inventory,0,1,3,,"[{""companyCount"": ""1"", ""shortageStatus"": ""no"", ""surveyGroup"": ""OEM""}, {""companyCount"": ""2"", ""shortageStatus"": ""yes"", ""surveyGroup"": ""OEM""}, {""companyCount"": ""1"", ""shortageStatus"": ""no"", ""surveyGroup"": ""Semiconductor""}]","SELECT ?surveyGroup ?shortageStatus (COUNT(?company) AS ?companyCount) WHERE { VALUES (?surveyClass ?surveyGroup) { (survey:OEM_Survey ""OEM"") (survey:Tier1_Survey ""Tier1"") (survey:Semiconductor_Survey ""Semiconductor"") } ?company a survey:Company ; survey:hasSurveyOrigin ?origin ; survey:reportsShortage ?shortage . ?origin a ?surveyClass . BIND(IF(?shortage = true, ""yes"", ""no"") AS ?shortageStatus) } GROUP BY ?surveyGroup ?shortageStatus ORDER BY ?surveyGroup ?shortageStatus",,
EFFKGQA0299,Summarize regional demand per quarter.,regional_demand,llm_or_ranking,direct_graph_supported,auto_answer,capability_inventory,0,1,3,,"[{""regionName"": ""Americas"", ""surveyGroup"": ""OEM"", ""totalDemand"": ""67744458.0""}, {""regionName"": ""Asia Pacific/All Other"", ""surveyGroup"": ""OEM"", ""totalDemand"": ""37293303.0""}, {""regionName"": ""Asia Pacific/China"", ""surveyGroup"": ""OEM"", ""totalDemand"": ""77885298.0""}]","SELECT ?surveyGroup ?regionName (SUM(?demand) AS ?totalDemand) WHERE { VALUES (?surveyClass ?surveyGroup) { (survey:OEM_Survey ""OEM"") (survey:Tier1_Survey ""Tier1"") (survey:Semiconductor_Survey ""Semiconductor"") } ?entry a survey:DemandForRegion ; survey:hasSurveyOrigin ?origin ; survey:inRegion ?region ; survey:totalDemand ?demand . ?origin a ?surveyClass . ?region survey:regionName ?regionName . } GROUP BY ?surveyGroup ?regionName ORDER BY ?surveyGroup ?regionName",,
EFFKGQA0300,Can you show current demand by vehicle type?,regional_demand,llm_or_ranking,llm_ranking,llm_ranking,infineon,1,5,0,,,"SELECT ?vehicleType ?demand WHERE { ?root a survey:CurrentDemandAnalysis ; survey:hasAggregatedResult ?entry . ?entry a survey:CurrentDemandAnalysis ; survey:analyzesVehicleType ?vehicle ; survey:percentageChange ?demand . BIND(REPLACE(STR(?vehicle), '^.*/', '') AS ?vehicleType) } ORDER BY DESC(?demand)",,
EFFKGQA0301,What are the future demand changes for each quarter?,future_demand,direct_capability,direct_graph_supported,auto_answer,capability_inventory,0,1,3,,"[{""avgPercentageChange"": ""13.012777777777777777777778"", ""quarterLabel"": ""Current Quarter""}, {""avgPercentageChange"": ""10.57695652173913047826087"", ""quarterLabel"": ""Q1 2026""}, {""avgPercentageChange"": ""22.595217391304347826086957"", ""quarterLabel"": ""Q2 2025""}]",SELECT ?quarterLabel (AVG(?pct) AS ?avgPercentageChange) WHERE { ?entry a survey:FutureDemandAnalysis ; survey:forTimePeriod ?quarter ; survey:percentageChange ?pct . ?quarter survey:periodLabel ?quarterLabel . } GROUP BY ?quarterLabel ORDER BY ?quarterLabel,,
EFFKGQA0302,"Using the True Demand KG, use the True Demand KG to show future demand by vehicle type?",future_demand,direct_capability,direct_graph_supported,auto_answer,capability_inventory,0,1,3,,"[{""avgPercentageChange"": ""1.505"", ""vehicleType"": ""BEHV""}, {""avgPercentageChange"": ""4.74375"", ""vehicleType"": ""BEV""}, {""avgPercentageChange"": ""0.845"", ""vehicleType"": ""ICE""}]","SELECT ?vehicleType (AVG(?pct) AS ?avgPercentageChange) WHERE { ?entry a survey:FutureDemandAnalysis ; survey:analyzesVehicleType ?vehicle ; survey:percentageChange ?pct . BIND(REPLACE(STR(?vehicle), ""^.*/"", """") AS ?vehicleType) } GROUP BY ?vehicleType ORDER BY ?vehicleType",,
EFFKGQA0303,"From the graph, compare OEM current demand across region?",regional_demand,llm_or_ranking,direct_graph_supported,auto_answer,capability_inventory,0,1,3,,"[{""regionName"": ""Americas"", ""totalDemand"": ""67744458.0""}, {""regionName"": ""Asia Pacific/All Other"", ""totalDemand"": ""37293303.0""}, {""regionName"": ""Asia Pacific/China"", ""totalDemand"": ""77885298.0""}]","SELECT ?regionName (SUM(?demand) AS ?totalDemand) WHERE { BIND(""OEM"" AS ?surveyGroup) ?entry a survey:DemandForRegion ; survey:hasSurveyOrigin ?origin ; survey:inRegion ?region ; survey:totalDemand ?demand . ?origin a survey:OEM_Survey . ?region survey:regionName ?regionName . } GROUP BY ?regionName ORDER BY ?regionName",,
EFFKGQA0304,Show semiconductor shortage responses by survey group.,shortage,llm_or_ranking,direct_graph_supported,auto_answer,capability_inventory,0,1,2,,"[{""companyCount"": ""1"", ""shortageStatus"": ""no"", ""surveyGroup"": ""Semiconductor""}, {""companyCount"": ""2"", ""shortageStatus"": ""yes"", ""surveyGroup"": ""Semiconductor""}]","SELECT ?surveyGroup ?shortageStatus (COUNT(?company) AS ?companyCount) WHERE { BIND(""Semiconductor"" AS ?surveyGroup) ?company a survey:Company ; survey:hasSurveyOrigin ?origin ; survey:reportsShortage ?shortage . ?origin a survey:Semiconductor_Survey . BIND(IF(?shortage = true, ""yes"", ""no"") AS ?shortageStatus) } GROUP BY ?surveyGroup ?shortageStatus ORDER BY ?surveyGroup ?shortageStatus",,
EFFKGQA0305,Return a breakdown of current demand by survey group.,regional_demand,llm_or_ranking,direct_graph_supported,auto_answer,capability_inventory,0,1,3,,"[{""surveyGroup"": ""OEM"", ""totalDemand"": ""248769210.0""}, {""surveyGroup"": ""Semiconductor"", ""totalDemand"": ""100.0""}, {""surveyGroup"": ""Tier1"", ""totalDemand"": ""100.0""}]","SELECT ?surveyGroup (SUM(?demand) AS ?totalDemand) WHERE { VALUES (?surveyClass ?surveyGroup) { (survey:OEM_Survey ""OEM"") (survey:Tier1_Survey ""Tier1"") (survey:Semiconductor_Survey ""Semiconductor"") } ?entry a survey:DemandForRegion ; survey:hasSurveyOrigin ?origin ; survey:totalDemand ?demand . ?origin a ?surveyClass . } GROUP BY ?surveyGroup ORDER BY ?surveyGroup",,
EFFKGQA0306,"Using the True Demand KG, break down future demand by vehicle type?",future_demand,direct_capability,direct_graph_supported,auto_answer,capability_inventory,0,1,3,,"[{""avgPercentageChange"": ""1.505"", ""vehicleType"": ""BEHV""}, {""avgPercentageChange"": ""4.74375"", ""vehicleType"": ""BEV""}, {""avgPercentageChange"": ""0.845"", ""vehicleType"": ""ICE""}]","SELECT ?vehicleType (AVG(?pct) AS ?avgPercentageChange) WHERE { ?entry a survey:FutureDemandAnalysis ; survey:analyzesVehicleType ?vehicle ; survey:percentageChange ?pct . BIND(REPLACE(STR(?vehicle), ""^.*/"", """") AS ?vehicleType) } GROUP BY ?vehicleType ORDER BY ?vehicleType",,
EFFKGQA0307,"Can you for future demand, show the result by quarter?",future_demand,direct_capability,direct_graph_supported,auto_answer,capability_inventory,0,1,3,,"[{""avgPercentageChange"": ""13.012777777777777777777778"", ""quarterLabel"": ""Current Quarter""}, {""avgPercentageChange"": ""10.57695652173913047826087"", ""quarterLabel"": ""Q1 2026""}, {""avgPercentageChange"": ""22.595217391304347826086957"", ""quarterLabel"": ""Q2 2025""}]",SELECT ?quarterLabel (AVG(?pct) AS ?avgPercentageChange) WHERE { ?entry a survey:FutureDemandAnalysis ; survey:forTimePeriod ?quarter ; survey:percentageChange ?pct . ?quarter survey:periodLabel ?quarterLabel . } GROUP BY ?quarterLabel ORDER BY ?quarterLabel,,
EFFKGQA0308,Give me regional demand grouped by survey group.,regional_demand,llm_or_ranking,direct_graph_supported,auto_answer,capability_inventory,0,1,3,,"[{""regionName"": ""Americas"", ""surveyGroup"": ""OEM"", ""totalDemand"": ""67744458.0""}, {""regionName"": ""Asia Pacific/All Other"", ""surveyGroup"": ""OEM"", ""totalDemand"": ""37293303.0""}, {""regionName"": ""Asia Pacific/China"", ""surveyGroup"": ""OEM"", ""totalDemand"": ""77885298.0""}]","SELECT ?surveyGroup ?regionName (SUM(?demand) AS ?totalDemand) WHERE { VALUES (?surveyClass ?surveyGroup) { (survey:OEM_Survey ""OEM"") (survey:Tier1_Survey ""Tier1"") (survey:Semiconductor_Survey ""Semiconductor"") } ?entry a survey:DemandForRegion ; survey:hasSurveyOrigin ?origin ; survey:inRegion ?region ; survey:totalDemand ?demand . ?origin a ?surveyClass . ?region survey:regionName ?regionName . } GROUP BY ?surveyGroup ?regionName ORDER BY ?surveyGroup ?regionName",,
EFFKGQA0309,Return vehicles sold grouped by time period.,vehicle_sales,llm_or_ranking,llm_ranking,llm_ranking,infineon,1,5,3,,"[{""sold"": ""6425650"", ""tpLabel"": ""time_Apr_2023""}, {""sold"": ""6818720"", ""tpLabel"": ""time_Apr_2024""}, {""sold"": ""7260983"", ""tpLabel"": ""time_Apr_2025""}]","SELECT ?tpLabel (SUM(?unitsSold) AS ?sold) WHERE { ?obs a survey:VehicleSalesObservation ; survey:forTimePeriod ?tp ; survey:unitsSold ?unitsSold . BIND(REPLACE(STR(?tp), '^.*/', '') AS ?tpLabel) } GROUP BY ?tpLabel ORDER BY ?tpLabel",,
EFFKGQA0310,How does future demand change by quarter?,future_demand,direct_capability,direct_graph_supported,auto_answer,capability_inventory,0,1,3,,"[{""avgPercentageChange"": ""13.012777777777777777777778"", ""quarterLabel"": ""Current Quarter""}, {""avgPercentageChange"": ""10.57695652173913047826087"", ""quarterLabel"": ""Q1 2026""}, {""avgPercentageChange"": ""22.595217391304347826086957"", ""quarterLabel"": ""Q2 2025""}]",SELECT ?quarterLabel (AVG(?pct) AS ?avgPercentageChange) WHERE { ?entry a survey:FutureDemandAnalysis ; survey:forTimePeriod ?quarter ; survey:percentageChange ?pct . ?quarter survey:periodLabel ?quarterLabel . } GROUP BY ?quarterLabel ORDER BY ?quarterLabel,,
EFFKGQA0311,Return autonomous driving percentage grouped by vehicle type.,autonomous_driving,llm_or_ranking,direct_graph_supported,auto_answer,capability_inventory,0,1,3,,"[{""avgPercentage"": ""62.0"", ""vehicleType"": ""BEHV""}, {""avgPercentage"": ""62.0"", ""vehicleType"": ""BEV""}, {""avgPercentage"": ""62.0"", ""vehicleType"": ""ICE""}]","SELECT ?vehicleType (AVG(?pct) AS ?avgPercentage) WHERE { ?entry a survey:AutonomousDrivingDevelopment ; survey:hasVehicleType ?vehicle ; survey:hasPercentage ?pct . BIND(REPLACE(STR(?vehicle), ""^.*/"", """") AS ?vehicleType) } GROUP BY ?vehicleType ORDER BY ?vehicleType",,
EFFKGQA0312,Show forecast vehicle sales by time period.,vehicle_sales,llm_or_ranking,llm_ranking,llm_ranking,template,1,5,3,,"[{""forecastUnits"": ""6818720"", ""month"": ""time_Apr_2024""}, {""forecastUnits"": ""7260983"", ""month"": ""time_Apr_2025""}, {""forecastUnits"": ""7009380"", ""month"": ""time_Apr_2026""}]","SELECT ?month (SUM(?unitsSold) AS ?forecastUnits) WHERE { ?obs a survey:VehicleSalesObservation ; survey:isForecastData true ; survey:forTimePeriod ?period ; survey:unitsSold ?unitsSold . BIND(REPLACE(STR(?period), '^.*/', '') AS ?month) } GROUP BY ?month ORDER BY ?month",,
EFFKGQA0313,How does regional demand vary by survey group?,regional_demand,llm_or_ranking,direct_graph_supported,auto_answer,capability_inventory,0,1,3,,"[{""regionName"": ""Americas"", ""surveyGroup"": ""OEM"", ""totalDemand"": ""67744458.0""}, {""regionName"": ""Asia Pacific/All Other"", ""surveyGroup"": ""OEM"", ""totalDemand"": ""37293303.0""}, {""regionName"": ""Asia Pacific/China"", ""surveyGroup"": ""OEM"", ""totalDemand"": ""77885298.0""}]","SELECT ?surveyGroup ?regionName (SUM(?demand) AS ?totalDemand) WHERE { VALUES (?surveyClass ?surveyGroup) { (survey:OEM_Survey ""OEM"") (survey:Tier1_Survey ""Tier1"") (survey:Semiconductor_Survey ""Semiconductor"") } ?entry a survey:DemandForRegion ; survey:hasSurveyOrigin ?origin ; survey:inRegion ?region ; survey:totalDemand ?demand . ?origin a ?surveyClass . ?region survey:regionName ?regionName . } GROUP BY ?surveyGroup ?regionName ORDER BY ?surveyGroup ?regionName",,
EFFKGQA0314,Which component appears most often in inventory trend?,inventory,llm_or_ranking,direct_graph_supported,auto_answer,capability_inventory,0,1,3,,"[{""component"": ""Component_EV"", ""participantTotal"": ""1"", ""trend"": ""Decrease""}, {""component"": ""Component_EV"", ""participantTotal"": ""1"", ""trend"": ""Increase""}, {""component"": ""Component_EV"", ""participantTotal"": ""3"", ""trend"": ""Stable""}]",SELECT ?component ?trend (SUM(?participants) AS ?participantTotal) WHERE { ?entry a survey:InventoryDevelopment_Tier1 ; survey:forComponent ?component ; survey:inventoryTrend ?trend ; survey:participantCount ?participants . } GROUP BY ?component ?trend ORDER BY ?component ?trend,,
EFFKGQA0315,What does future demand look like for each region?,future_demand,direct_capability,direct_graph_supported,auto_answer,capability_inventory,0,1,3,,"[{""avgPercentageChange"": ""1993696.795238095238095238095238"", ""regionName"": ""Americas""}, {""avgPercentageChange"": ""1092445.9"", ""regionName"": ""Asia Pacific/All Other""}, {""avgPercentageChange"": ""2386112.016666666666666666666667"", ""regionName"": ""Asia Pacific/China""}]",SELECT ?regionName (AVG(?pct) AS ?avgPercentageChange) WHERE { ?entry a survey:DemandForRegion ; survey:inRegion ?region ; survey:totalDemandPercentageChange ?pct . ?region survey:regionName ?regionName . } GROUP BY ?regionName ORDER BY ?regionName,,
EFFKGQA0316,Show vehicles sold by time period.,vehicle_sales,llm_or_ranking,llm_ranking,llm_ranking,infineon,1,5,3,,"[{""timePeriodLabel"": ""time_Apr_2023"", ""vehiclesSold"": ""6425650""}, {""timePeriodLabel"": ""time_Apr_2024"", ""vehiclesSold"": ""6818720""}, {""timePeriodLabel"": ""time_Apr_2025"", ""vehiclesSold"": ""7260983""}]","SELECT ?timePeriodLabel (SUM(?unitsSold) AS ?vehiclesSold) WHERE { ?obs a survey:VehicleSalesObservation ; survey:forTimePeriod ?tp ; survey:unitsSold ?unitsSold . BIND(REPLACE(STR(?tp), '^.*/', '') AS ?timePeriodLabel) } GROUP BY ?timePeriodLabel ORDER BY ?timePeriodLabel",,
EFFKGQA0317,Use the graph to show regional demand by vehicle type.,regional_demand,llm_or_ranking,llm_ranking,llm_ranking,infineon,1,11,0,,,"SELECT ?regionName ?vehicleType (SUM(?unitsSold) AS ?totalDemand) WHERE { ?demandForRegion a survey:DemandForRegion ; survey:inRegion ?region ; survey:totalDemand ?unitsSold ; survey:hasVehicleType ?vehicle . ?region survey:regionName ?regionName . BIND(REPLACE(STR(?vehicle), '^.*/', '') AS ?vehicleType) } GROUP BY ?regionName ?vehicleType ORDER BY DESC(?totalDemand)",,
EFFKGQA0318,Which survey group has the highest autonomous driving development?,autonomous_driving,llm_or_ranking,llm_ranking,llm_ranking,infineon,1,5,0,,,SELECT ?surveyType (SUM(?percentage) AS ?totalPercentage) WHERE { VALUES (?surveyClass ?surveyType) { (survey:OEM_Survey 'OEM') (survey:Tier1_Survey 'Tier1') (survey:Semiconductor_Survey 'Semiconductor') } ?devClass a ?devType ; survey:hasSurveyOrigin ?origin ; survey:hasDetail ?entry . ?origin a ?surveyClass . ?entry a survey:AutonomousDrivingDevelopment ; survey:hasPercentage ?percentage . } GROUP BY ?surveyType ORDER BY DESC(?totalPercentage) LIMIT 1,,
EFFKGQA0319,Compare vehicles sold across month.,vehicle_sales,llm_or_ranking,direct_graph_supported,auto_answer,capability_inventory,0,1,3,,"[{""monthLabel"": ""Apr 2023"", ""unitsSold"": ""6425650""}, {""monthLabel"": ""Apr 2024"", ""unitsSold"": ""6818720""}, {""monthLabel"": ""Apr 2025"", ""unitsSold"": ""7260983""}]","SELECT ?monthLabel (SUM(?units) AS ?unitsSold) WHERE { ?obs a survey:VehicleSalesObservation ; survey:forTimePeriod ?month ; survey:unitsSold ?units . OPTIONAL { ?month survey:periodLabel ?periodLabel . } BIND(COALESCE(?periodLabel, REPLACE(STR(?month), ""^.*/"", """")) AS ?monthLabel) } GROUP BY ?monthLabel ORDER BY ?monthLabel",,
EFFKGQA0320,Return autonomous driving percentage grouped by SAE level.,autonomous_driving,llm_or_ranking,direct_graph_supported,auto_answer,capability_inventory,0,1,3,,"[{""avgPercentage"": ""42.0"", ""saeLevel"": ""SAE_Level_1""}, {""avgPercentage"": ""52.0"", ""saeLevel"": ""SAE_Level_2""}, {""avgPercentage"": ""62.0"", ""saeLevel"": ""SAE_Level_3""}]","SELECT ?saeLevel (AVG(?pct) AS ?avgPercentage) WHERE { ?entry a survey:AutonomousDrivingDevelopment ; survey:hasSAELevel ?sae ; survey:hasPercentage ?pct . BIND(REPLACE(STR(?sae), ""^.*/"", """") AS ?saeLevel) } GROUP BY ?saeLevel ORDER BY ?saeLevel",,
EFFKGQA0321,Please i need future demand grouped by technology category?,future_demand,direct_capability,direct_graph_supported,auto_answer,capability_inventory,0,1,3,,"[{""avgPercentageChange"": ""12.24875"", ""technologyCategory"": ""TechCategory_%3C%3D_7nm""}, {""avgPercentageChange"": ""3.7225"", ""technologyCategory"": ""TechCategory_10nm_to_%3C28nm""}, {""avgPercentageChange"": ""36.1225"", ""technologyCategory"": ""TechCategory_180nm_or_greater""}]","SELECT ?technologyCategory (AVG(?pct) AS ?avgPercentageChange) WHERE { ?entry a survey:FutureDemandAnalysis ; survey:analyzesTechnologyCategory ?technology ; survey:percentageChange ?pct . OPTIONAL { ?technology survey:technologyCategoryName ?technologyName . } BIND(COALESCE(?technologyName, REPLACE(STR(?technology), ""^.*/"", """")) AS ?technologyCategory) } GROUP BY ?technologyCategory ORDER BY ?technologyCategory",,
EFFKGQA0322,Count inventory responses for each technology category.,inventory,llm_or_ranking,direct_graph_supported,auto_answer,capability_inventory,0,1,3,,"[{""entryCount"": ""1"", ""technologyCategory"": ""10nm_to_%3C28nm"", ""trend"": ""Decrease""}, {""entryCount"": ""1"", ""technologyCategory"": ""10nm_to_%3C28nm"", ""trend"": ""Increase""}, {""entryCount"": ""1"", ""technologyCategory"": ""180nm_or_greater"", ""trend"": ""Decrease""}]","SELECT ?technologyCategory ?trend (COUNT(?entry) AS ?entryCount) WHERE { ?entry a survey:InventoryDevelopment_Semi ; survey:forTechnologyCategory ?technology ; survey:hasInventoryTrend ?trend . BIND(REPLACE(STR(?technology), ""^.*/"", """") AS ?technologyCategory) } GROUP BY ?technologyCategory ?trend ORDER BY ?technologyCategory ?trend",,
EFFKGQA0323,Count inventory responses for each trend.,inventory,llm_or_ranking,llm_ranking,llm_ranking,infineon,1,7,3,,"[{""count"": ""4"", ""trend"": ""Decrease""}, {""count"": ""4"", ""trend"": ""Increase""}, {""count"": ""4"", ""trend"": ""Stable""}]",SELECT ?trend (COUNT(?response) AS ?count) WHERE { ?response a survey:InventoryDevelopment_Tier1 ; survey:inventoryTrend ?trend . } GROUP BY ?trend ORDER BY ?trend,,
EFFKGQA0324,Count inventory trend for each trend.,inventory,llm_or_ranking,llm_ranking,llm_ranking,infineon,1,10,3,,"[{""count"": ""4"", ""trend"": ""Decrease""}, {""count"": ""4"", ""trend"": ""Increase""}, {""count"": ""4"", ""trend"": ""Stable""}]",SELECT ?trend (COUNT(?inv) AS ?count) WHERE { ?inv a survey:InventoryDevelopment_Tier1 ; survey:inventoryTrend ?trend . } GROUP BY ?trend,,
EFFKGQA0325,Show companies reporting shortage by technology category.,shortage,llm_or_ranking,llm_ranking,llm_ranking,validated_retrieval,1,13,3,,"[{""companyName"": ""Company1_OEM"", ""surveyType"": ""OEM""}, {""companyName"": ""Company2_OEM"", ""surveyType"": ""OEM""}, {""companyName"": ""Company1_semi"", ""surveyType"": ""Semiconductor""}]",SELECT ?companyName ?surveyType WHERE { VALUES (?surveyClass ?surveyType) { (survey:OEM_Survey 'OEM') (survey:Tier1_Survey 'Tier1') (survey:Semiconductor_Survey 'Semiconductor') } ?company a survey:Company ; survey:companyName ?companyName ; survey:hasSurveyOrigin ?origin ; survey:reportsShortage true . ?origin a ?surveyClass . } ORDER BY ?surveyType ?companyName,,
EFFKGQA0326,Return inventory development grouped by technology category.,inventory,llm_or_ranking,direct_graph_supported,auto_answer,capability_inventory,0,1,3,,"[{""entryCount"": ""1"", ""technologyCategory"": ""10nm_to_%3C28nm"", ""trend"": ""Decrease""}, {""entryCount"": ""1"", ""technologyCategory"": ""10nm_to_%3C28nm"", ""trend"": ""Increase""}, {""entryCount"": ""1"", ""technologyCategory"": ""180nm_or_greater"", ""trend"": ""Decrease""}]","SELECT ?technologyCategory ?trend (COUNT(?entry) AS ?entryCount) WHERE { ?entry a survey:InventoryDevelopment_Semi ; survey:forTechnologyCategory ?technology ; survey:hasInventoryTrend ?trend . BIND(REPLACE(STR(?technology), ""^.*/"", """") AS ?technologyCategory) } GROUP BY ?technologyCategory ?trend ORDER BY ?technologyCategory ?trend",,
EFFKGQA0327,"For the survey data, return a breakdown of semiconductor current demand by region?",regional_demand,llm_or_ranking,direct_graph_supported,auto_answer,capability_inventory,0,1,3,,"[{""regionName"": ""Americas"", ""totalDemand"": ""35.0""}, {""regionName"": ""Asia Pacific/All Other"", ""totalDemand"": ""10.0""}, {""regionName"": ""Asia Pacific/China"", ""totalDemand"": ""20.0""}]","SELECT ?regionName (SUM(?demand) AS ?totalDemand) WHERE { BIND(""Semiconductor"" AS ?surveyGroup) ?entry a survey:DemandForRegion ; survey:hasSurveyOrigin ?origin ; survey:inRegion ?region ; survey:totalDemand ?demand . ?origin a survey:Semiconductor_Survey . ?region survey:regionName ?regionName . } GROUP BY ?regionName ORDER BY ?regionName",,
EFFKGQA0328,Show shortage information by survey group.,shortage,llm_or_ranking,direct_graph_supported,auto_answer,capability_inventory,0,1,3,,"[{""companyCount"": ""1"", ""shortageStatus"": ""no"", ""surveyGroup"": ""OEM""}, {""companyCount"": ""2"", ""shortageStatus"": ""yes"", ""surveyGroup"": ""OEM""}, {""companyCount"": ""1"", ""shortageStatus"": ""no"", ""surveyGroup"": ""Semiconductor""}]","SELECT ?surveyGroup ?shortageStatus (COUNT(?company) AS ?companyCount) WHERE { VALUES (?surveyClass ?surveyGroup) { (survey:OEM_Survey ""OEM"") (survey:Tier1_Survey ""Tier1"") (survey:Semiconductor_Survey ""Semiconductor"") } ?company a survey:Company ; survey:hasSurveyOrigin ?origin ; survey:reportsShortage ?shortage . ?origin a ?surveyClass . BIND(IF(?shortage = true, ""yes"", ""no"") AS ?shortageStatus) } GROUP BY ?surveyGroup ?shortageStatus ORDER BY ?surveyGroup ?shortageStatus",,
EFFKGQA0329,Return a breakdown of current demand by quarter.,regional_demand,llm_or_ranking,llm_ranking,llm_ranking,infineon,1,5,0,,,SELECT ?quarterLabel (SUM(?currentDemand) AS ?totalDemand) WHERE { ?root a survey:CurrentDemandAnalysis ; survey:hasAggregatedResult ?entry . ?entry survey:forTimePeriod ?quarter ; survey:currentDemand ?currentDemand . ?quarter a survey:Quarter ; survey:periodLabel ?quarterLabel . } GROUP BY ?quarterLabel ORDER BY ?quarterLabel,,
EFFKGQA0330,Can you give me the future demand overview by region?,future_demand,direct_capability,direct_graph_supported,auto_answer,capability_inventory,0,1,3,,"[{""avgPercentageChange"": ""1993696.795238095238095238095238"", ""regionName"": ""Americas""}, {""avgPercentageChange"": ""1092445.9"", ""regionName"": ""Asia Pacific/All Other""}, {""avgPercentageChange"": ""2386112.016666666666666666666667"", ""regionName"": ""Asia Pacific/China""}]",SELECT ?regionName (AVG(?pct) AS ?avgPercentageChange) WHERE { ?entry a survey:DemandForRegion ; survey:inRegion ?region ; survey:totalDemandPercentageChange ?pct . ?region survey:regionName ?regionName . } GROUP BY ?regionName ORDER BY ?regionName,,
EFFKGQA0331,"For the survey data, show semiconductor current demand by survey group?",regional_demand,llm_or_ranking,direct_graph_supported,auto_answer,capability_inventory,0,1,1,,"[{""surveyGroup"": ""Semiconductor"", ""totalDemand"": ""100.0""}]","SELECT ?surveyGroup (SUM(?demand) AS ?totalDemand) WHERE { BIND(""Semiconductor"" AS ?surveyGroup) ?entry a survey:DemandForRegion ; survey:hasSurveyOrigin ?origin ; survey:totalDemand ?demand . ?origin a survey:Semiconductor_Survey . } GROUP BY ?surveyGroup ORDER BY ?surveyGroup",,
EFFKGQA0332,Which year has the highest vehicles sold?,vehicle_sales,llm_or_ranking,direct_graph_supported,auto_answer,capability_inventory,0,1,3,,"[{""unitsSold"": ""86125479"", ""year"": ""2023""}, {""unitsSold"": ""88109476"", ""year"": ""2024""}, {""unitsSold"": ""90166856"", ""year"": ""2025""}]","SELECT ?year (SUM(?units) AS ?unitsSold) WHERE { ?obs a survey:VehicleSalesObservation ; survey:forTimePeriod ?month ; survey:unitsSold ?units . OPTIONAL { ?month survey:periodLabel ?periodLabel . } BIND(COALESCE(?periodLabel, REPLACE(STR(?month), ""^.*/"", """")) AS ?label) BIND(REPLACE(STR(?label), ""^.*(20[0-9]{2}).*$"", ""$1"") AS ?year) } GROUP BY ?year ORDER BY ?year",,
EFFKGQA0333,Summarize shortage status across technology category.,shortage,llm_or_ranking,llm_ranking,llm_ranking,validated_retrieval,1,13,2,,"[{""Count"": ""1"", ""ShortageStatus"": ""no""}, {""Count"": ""2"", ""ShortageStatus"": ""yes""}]","SELECT ?ShortageStatus (COUNT(?Company) AS ?Count) WHERE { ?Company a survey:Company ; survey:hasSurveyOrigin ?origin ; survey:reportsShortage ?Shortage . ?origin a survey:Tier1_Survey . BIND(IF(?Shortage = true, ""yes"", ""no"") AS ?ShortageStatus) } GROUP BY ?ShortageStatus",,
EFFKGQA0334,"From the graph, use the graph to show total demand by region?",regional_demand,llm_or_ranking,direct_graph_supported,auto_answer,capability_inventory,0,1,3,,"[{""regionName"": ""Americas"", ""surveyGroup"": ""OEM"", ""totalDemand"": ""67744458.0""}, {""regionName"": ""Asia Pacific/All Other"", ""surveyGroup"": ""OEM"", ""totalDemand"": ""37293303.0""}, {""regionName"": ""Asia Pacific/China"", ""surveyGroup"": ""OEM"", ""totalDemand"": ""77885298.0""}]","SELECT ?surveyGroup ?regionName (SUM(?demand) AS ?totalDemand) WHERE { VALUES (?surveyClass ?surveyGroup) { (survey:OEM_Survey ""OEM"") (survey:Tier1_Survey ""Tier1"") (survey:Semiconductor_Survey ""Semiconductor"") } ?entry a survey:DemandForRegion ; survey:hasSurveyOrigin ?origin ; survey:inRegion ?region ; survey:totalDemand ?demand . ?origin a ?surveyClass . ?region survey:regionName ?regionName . } GROUP BY ?surveyGroup ?regionName ORDER BY ?surveyGroup ?regionName",,
EFFKGQA0335,"From the graph, show future demand by region?",future_demand,direct_capability,direct_graph_supported,auto_answer,capability_inventory,0,1,3,,"[{""regionName"": ""Americas"", ""surveyGroup"": ""OEM"", ""totalDemand"": ""67744458.0""}, {""regionName"": ""Asia Pacific/All Other"", ""surveyGroup"": ""OEM"", ""totalDemand"": ""37293303.0""}, {""regionName"": ""Asia Pacific/China"", ""surveyGroup"": ""OEM"", ""totalDemand"": ""77885298.0""}]","SELECT ?surveyGroup ?regionName (SUM(?demand) AS ?totalDemand) WHERE { VALUES (?surveyClass ?surveyGroup) { (survey:OEM_Survey ""OEM"") (survey:Tier1_Survey ""Tier1"") (survey:Semiconductor_Survey ""Semiconductor"") } ?entry a survey:DemandForRegion ; survey:hasSurveyOrigin ?origin ; survey:inRegion ?region ; survey:totalDemand ?demand . ?origin a ?surveyClass . ?region survey:regionName ?regionName . } GROUP BY ?surveyGroup ?regionName ORDER BY ?surveyGroup ?regionName",,
EFFKGQA0336,What is the average autonomous driving percentage for each survey group?,autonomous_driving,llm_or_ranking,llm_ranking,llm_ranking,infineon,1,5,0,,,SELECT ?surveyType (AVG(?pct) AS ?avgPercentage) WHERE { VALUES (?surveyClass ?surveyType) { (survey:OEM_Survey 'OEM') (survey:Tier1_Survey 'Tier1') (survey:Semiconductor_Survey 'Semiconductor') } ?devClass a ?devType ; survey:hasSurveyOrigin ?origin ; survey:hasDetail ?entry . ?origin a ?surveyClass . VALUES ?devType { survey:AutonomousDrivingDevelopment_OEM survey:AutonomousDrivingDevelopment_Tier1 } ?entry a survey:AutonomousDrivingDevelopment ; survey:hasPercentage ?pct . } GROUP BY ?surveyType,,
EFFKGQA0337,Summarize future demand across technology category.,future_demand,direct_capability,direct_graph_supported,auto_answer,capability_inventory,0,1,3,,"[{""avgPercentageChange"": ""12.24875"", ""technologyCategory"": ""TechCategory_%3C%3D_7nm""}, {""avgPercentageChange"": ""3.7225"", ""technologyCategory"": ""TechCategory_10nm_to_%3C28nm""}, {""avgPercentageChange"": ""36.1225"", ""technologyCategory"": ""TechCategory_180nm_or_greater""}]","SELECT ?technologyCategory (AVG(?pct) AS ?avgPercentageChange) WHERE { ?entry a survey:FutureDemandAnalysis ; survey:analyzesTechnologyCategory ?technology ; survey:percentageChange ?pct . OPTIONAL { ?technology survey:technologyCategoryName ?technologyName . } BIND(COALESCE(?technologyName, REPLACE(STR(?technology), ""^.*/"", """")) AS ?technologyCategory) } GROUP BY ?technologyCategory ORDER BY ?technologyCategory",,
EFFKGQA0338,"For the survey data, compare OEM current demand across quarter?",regional_demand,llm_or_ranking,llm_ranking,llm_ranking,infineon,1,5,0,,,SELECT ?quarterLabel (SUM(?unitsSold) AS ?totalDemand) WHERE { ?demandForRegion a survey:DemandForRegion ; survey:hasSurveyOrigin survey:OEM_Survey ; survey:totalDemand ?unitsSold ; survey:quarter ?quarter . ?quarter a survey:Quarter ; survey:periodLabel ?quarterLabel . } GROUP BY ?quarterLabel ORDER BY ?quarterLabel,,
EFFKGQA0339,Summarize vehicles sold over time period.,vehicle_sales,llm_or_ranking,llm_ranking,llm_ranking,infineon,1,6,3,,"[{""timePeriod"": ""time_Apr_2023"", ""totalSold"": ""6425650""}, {""timePeriod"": ""time_Apr_2024"", ""totalSold"": ""6818720""}, {""timePeriod"": ""time_Apr_2025"", ""totalSold"": ""7260983""}]","SELECT ?timePeriod (SUM(?unitsSold) AS ?totalSold) WHERE { ?obs a survey:VehicleSalesObservation ; survey:forTimePeriod ?tp ; survey:unitsSold ?unitsSold . BIND(REPLACE(STR(?tp), '^.*/', '') AS ?timePeriod) } GROUP BY ?timePeriod ORDER BY ?timePeriod",,
EFFKGQA0340,How does semiconductor current demand vary by survey group?,regional_demand,llm_or_ranking,direct_graph_supported,auto_answer,capability_inventory,0,1,1,,"[{""surveyGroup"": ""Semiconductor"", ""totalDemand"": ""100.0""}]","SELECT ?surveyGroup (SUM(?demand) AS ?totalDemand) WHERE { BIND(""Semiconductor"" AS ?surveyGroup) ?entry a survey:DemandForRegion ; survey:hasSurveyOrigin ?origin ; survey:totalDemand ?demand . ?origin a survey:Semiconductor_Survey . } GROUP BY ?surveyGroup ORDER BY ?surveyGroup",,
EFFKGQA0341,Break down future demand by region.,future_demand,direct_capability,direct_graph_supported,auto_answer,capability_inventory,0,1,3,,"[{""regionName"": ""Americas"", ""surveyGroup"": ""OEM"", ""totalDemand"": ""67744458.0""}, {""regionName"": ""Asia Pacific/All Other"", ""surveyGroup"": ""OEM"", ""totalDemand"": ""37293303.0""}, {""regionName"": ""Asia Pacific/China"", ""surveyGroup"": ""OEM"", ""totalDemand"": ""77885298.0""}]","SELECT ?surveyGroup ?regionName (SUM(?demand) AS ?totalDemand) WHERE { VALUES (?surveyClass ?surveyGroup) { (survey:OEM_Survey ""OEM"") (survey:Tier1_Survey ""Tier1"") (survey:Semiconductor_Survey ""Semiconductor"") } ?entry a survey:DemandForRegion ; survey:hasSurveyOrigin ?origin ; survey:inRegion ?region ; survey:totalDemand ?demand . ?origin a ?surveyClass . ?region survey:regionName ?regionName . } GROUP BY ?surveyGroup ?regionName ORDER BY ?surveyGroup ?regionName",,
EFFKGQA0342,Compare SAE level development across vehicle type.,autonomous_driving,llm_or_ranking,direct_graph_supported,auto_answer,capability_inventory,0,1,3,,"[{""avgPercentage"": ""42.0"", ""saeLevel"": ""SAE_Level_1"", ""vehicleType"": ""BEHV""}, {""avgPercentage"": ""52.0"", ""saeLevel"": ""SAE_Level_2"", ""vehicleType"": ""BEHV""}, {""avgPercentage"": ""62.0"", ""saeLevel"": ""SAE_Level_3"", ""vehicleType"": ""BEHV""}]","SELECT ?vehicleType ?saeLevel (AVG(?pct) AS ?avgPercentage) WHERE { ?entry a survey:AutonomousDrivingDevelopment ; survey:hasVehicleType ?vehicle ; survey:hasSAELevel ?sae ; survey:hasPercentage ?pct . BIND(REPLACE(STR(?vehicle), ""^.*/"", """") AS ?vehicleType) BIND(REPLACE(STR(?sae), ""^.*/"", """") AS ?saeLevel) } GROUP BY ?vehicleType ?saeLevel ORDER BY ?vehicleType ?saeLevel",,
EFFKGQA0343,"Using the True Demand KG, break down future demand by quarter?",future_demand,direct_capability,direct_graph_supported,auto_answer,capability_inventory,0,1,3,,"[{""avgPercentageChange"": ""13.012777777777777777777778"", ""quarterLabel"": ""Current Quarter""}, {""avgPercentageChange"": ""10.57695652173913047826087"", ""quarterLabel"": ""Q1 2026""}, {""avgPercentageChange"": ""22.595217391304347826086957"", ""quarterLabel"": ""Q2 2025""}]",SELECT ?quarterLabel (AVG(?pct) AS ?avgPercentageChange) WHERE { ?entry a survey:FutureDemandAnalysis ; survey:forTimePeriod ?quarter ; survey:percentageChange ?pct . ?quarter survey:periodLabel ?quarterLabel . } GROUP BY ?quarterLabel ORDER BY ?quarterLabel,,
EFFKGQA0344,Return a breakdown of semiconductor current demand by region.,regional_demand,llm_or_ranking,direct_graph_supported,auto_answer,capability_inventory,0,1,3,,"[{""regionName"": ""Americas"", ""totalDemand"": ""35.0""}, {""regionName"": ""Asia Pacific/All Other"", ""totalDemand"": ""10.0""}, {""regionName"": ""Asia Pacific/China"", ""totalDemand"": ""20.0""}]","SELECT ?regionName (SUM(?demand) AS ?totalDemand) WHERE { BIND(""Semiconductor"" AS ?surveyGroup) ?entry a survey:DemandForRegion ; survey:hasSurveyOrigin ?origin ; survey:inRegion ?region ; survey:totalDemand ?demand . ?origin a survey:Semiconductor_Survey . ?region survey:regionName ?regionName . } GROUP BY ?regionName ORDER BY ?regionName",,
EFFKGQA0345,Please how does OEM current demand vary by survey group?,regional_demand,llm_or_ranking,direct_graph_supported,auto_answer,capability_inventory,0,1,1,,"[{""surveyGroup"": ""OEM"", ""totalDemand"": ""248769210.0""}]","SELECT ?surveyGroup (SUM(?demand) AS ?totalDemand) WHERE { BIND(""OEM"" AS ?surveyGroup) ?entry a survey:DemandForRegion ; survey:hasSurveyOrigin ?origin ; survey:totalDemand ?demand . ?origin a survey:OEM_Survey . } GROUP BY ?surveyGroup ORDER BY ?surveyGroup",,
EFFKGQA0346,Which year has the highest forecast vehicle sales?,vehicle_sales,llm_or_ranking,direct_graph_supported,auto_answer,capability_inventory,0,1,3,,"[{""unitsSold"": ""88109476"", ""year"": ""2024""}, {""unitsSold"": ""90166856"", ""year"": ""2025""}, {""unitsSold"": ""90471186"", ""year"": ""2026""}]","SELECT ?year (SUM(?units) AS ?unitsSold) WHERE { ?obs a survey:VehicleSalesObservation ; survey:isForecastData true ; survey:forTimePeriod ?month ; survey:unitsSold ?units . OPTIONAL { ?month survey:periodLabel ?periodLabel . } BIND(COALESCE(?periodLabel, REPLACE(STR(?month), ""^.*/"", """")) AS ?label) BIND(REPLACE(STR(?label), ""^.*(20[0-9]{2}).*$"", ""$1"") AS ?year) } GROUP BY ?year ORDER BY ?year",,
EFFKGQA0347,List quarter labels in the data.,catalog_lookup,llm_or_ranking,llm_ranking,llm_ranking,infineon,1,5,3,,"[{""quarterLabel"": ""Current Quarter""}, {""quarterLabel"": ""Q1 2026""}, {""quarterLabel"": ""Q2 2025""}]",SELECT DISTINCT ?quarterLabel WHERE { ?q a survey:Quarter . ?q survey:periodLabel ?quarterLabel } ORDER BY ?quarterLabel,,
EFFKGQA0348,Please i need future demand grouped by region?,future_demand,direct_capability,direct_graph_supported,auto_answer,capability_inventory,0,1,3,,"[{""avgPercentageChange"": ""1993696.795238095238095238095238"", ""regionName"": ""Americas""}, {""avgPercentageChange"": ""1092445.9"", ""regionName"": ""Asia Pacific/All Other""}, {""avgPercentageChange"": ""2386112.016666666666666666666667"", ""regionName"": ""Asia Pacific/China""}]",SELECT ?regionName (AVG(?pct) AS ?avgPercentageChange) WHERE { ?entry a survey:DemandForRegion ; survey:inRegion ?region ; survey:totalDemandPercentageChange ?pct . ?region survey:regionName ?regionName . } GROUP BY ?regionName ORDER BY ?regionName,,
EFFKGQA0349,"From the graph, use the graph to show OEM current demand by survey group?",regional_demand,llm_or_ranking,direct_graph_supported,auto_answer,capability_inventory,0,1,1,,"[{""surveyGroup"": ""OEM"", ""totalDemand"": ""248769210.0""}]","SELECT ?surveyGroup (SUM(?demand) AS ?totalDemand) WHERE { BIND(""OEM"" AS ?surveyGroup) ?entry a survey:DemandForRegion ; survey:hasSurveyOrigin ?origin ; survey:totalDemand ?demand . ?origin a survey:OEM_Survey . } GROUP BY ?surveyGroup ORDER BY ?surveyGroup",,
EFFKGQA0350,Summarize inventory trend across trend.,inventory,llm_or_ranking,llm_ranking,llm_ranking,validated_retrieval,1,9,3,,"[{""component"": ""Component_EV"", ""responses"": ""1"", ""trend"": ""Decrease""}, {""component"": ""Component_EV"", ""responses"": ""1"", ""trend"": ""Increase""}, {""component"": ""Component_EV"", ""responses"": ""3"", ""trend"": ""Stable""}]",SELECT ?component ?trend (SUM(xsd:integer(?cnt)) AS ?responses) WHERE { ?entry a survey:InventoryDevelopment_Tier1 ; survey:forComponent ?component ; survey:inventoryTrend ?trend ; survey:participantCount ?cnt . } GROUP BY ?component ?trend ORDER BY ?component ?trend,,
EFFKGQA0351,"Using the True Demand KG, can you show the future demand trend by vehicle type?",future_demand,direct_capability,direct_graph_supported,auto_answer,capability_inventory,0,1,3,,"[{""avgPercentageChange"": ""1.505"", ""vehicleType"": ""BEHV""}, {""avgPercentageChange"": ""4.74375"", ""vehicleType"": ""BEV""}, {""avgPercentageChange"": ""0.845"", ""vehicleType"": ""ICE""}]","SELECT ?vehicleType (AVG(?pct) AS ?avgPercentageChange) WHERE { ?entry a survey:FutureDemandAnalysis ; survey:analyzesVehicleType ?vehicle ; survey:percentageChange ?pct . BIND(REPLACE(STR(?vehicle), ""^.*/"", """") AS ?vehicleType) } GROUP BY ?vehicleType ORDER BY ?vehicleType",,
EFFKGQA0352,"Using the True Demand KG, can you show the future demand trend by region?",future_demand,direct_capability,direct_graph_supported,auto_answer,capability_inventory,0,1,3,,"[{""avgPercentageChange"": ""1993696.795238095238095238095238"", ""regionName"": ""Americas""}, {""avgPercentageChange"": ""1092445.9"", ""regionName"": ""Asia Pacific/All Other""}, {""avgPercentageChange"": ""2386112.016666666666666666666667"", ""regionName"": ""Asia Pacific/China""}]",SELECT ?regionName (AVG(?pct) AS ?avgPercentageChange) WHERE { ?entry a survey:DemandForRegion ; survey:inRegion ?region ; survey:totalDemandPercentageChange ?pct . ?region survey:regionName ?regionName . } GROUP BY ?regionName ORDER BY ?regionName,,
EFFKGQA0353,"For the survey data, how does future demand evolve across vehicle type?",future_demand,direct_capability,llm_ranking,llm_ranking,validated_retrieval,1,5,1,,"[{""avgFutureChange"": ""4.74375"", ""vehicleType"": ""BEV""}]","SELECT ?vehicleType (AVG(?pct) AS ?avgFutureChange) WHERE { ?entry a survey:FutureDemandAnalysis ; survey:analyzesVehicleType ?vehicle ; survey:percentageChange ?pct . BIND(REPLACE(STR(?vehicle), '^.*/', '') AS ?vehicleType) } GROUP BY ?vehicleType ORDER BY DESC(?avgFutureChange) LIMIT 1",,
EFFKGQA0354,What is the total number of forecast vehicle sales for each month?,vehicle_sales,llm_or_ranking,direct_graph_supported,auto_answer,capability_inventory,0,1,3,,"[{""monthLabel"": ""Apr 2024"", ""unitsSold"": ""6818720""}, {""monthLabel"": ""Apr 2025"", ""unitsSold"": ""7260983""}, {""monthLabel"": ""Apr 2026"", ""unitsSold"": ""7009380""}]","SELECT ?monthLabel (SUM(?units) AS ?unitsSold) WHERE { ?obs a survey:VehicleSalesObservation ; survey:isForecastData true ; survey:forTimePeriod ?month ; survey:unitsSold ?units . OPTIONAL { ?month survey:periodLabel ?periodLabel . } BIND(COALESCE(?periodLabel, REPLACE(STR(?month), ""^.*/"", """")) AS ?monthLabel) } GROUP BY ?monthLabel ORDER BY ?monthLabel",,
EFFKGQA0355,Count companies reporting shortage for each survey group.,shortage,llm_or_ranking,direct_graph_supported,auto_answer,capability_inventory,0,1,3,,"[{""companyCount"": ""1"", ""shortageStatus"": ""no"", ""surveyGroup"": ""OEM""}, {""companyCount"": ""2"", ""shortageStatus"": ""yes"", ""surveyGroup"": ""OEM""}, {""companyCount"": ""1"", ""shortageStatus"": ""no"", ""surveyGroup"": ""Semiconductor""}]","SELECT ?surveyGroup ?shortageStatus (COUNT(?company) AS ?companyCount) WHERE { VALUES (?surveyClass ?surveyGroup) { (survey:OEM_Survey ""OEM"") (survey:Tier1_Survey ""Tier1"") (survey:Semiconductor_Survey ""Semiconductor"") } ?company a survey:Company ; survey:hasSurveyOrigin ?origin ; survey:reportsShortage ?shortage . ?origin a ?surveyClass . BIND(IF(?shortage = true, ""yes"", ""no"") AS ?shortageStatus) } GROUP BY ?surveyGroup ?shortageStatus ORDER BY ?surveyGroup ?shortageStatus",,
EFFKGQA0356,Summarize inventory development across trend.,inventory,llm_or_ranking,llm_ranking,llm_ranking,validated_retrieval,1,11,3,,"[{""component"": ""Component_EV"", ""responses"": ""1"", ""trend"": ""Decrease""}, {""component"": ""Component_EV"", ""responses"": ""1"", ""trend"": ""Increase""}, {""component"": ""Component_EV"", ""responses"": ""3"", ""trend"": ""Stable""}]",SELECT ?component ?trend (SUM(xsd:integer(?cnt)) AS ?responses) WHERE { ?entry a survey:InventoryDevelopment_Tier1 ; survey:forComponent ?component ; survey:inventoryTrend ?trend ; survey:participantCount ?cnt . } GROUP BY ?component ?trend ORDER BY ?component ?trend,,
EFFKGQA0357,Return self-driving development grouped by vehicle type.,autonomous_driving,llm_or_ranking,direct_graph_supported,auto_answer,capability_inventory,0,1,3,,"[{""avgPercentage"": ""62.0"", ""vehicleType"": ""BEHV""}, {""avgPercentage"": ""62.0"", ""vehicleType"": ""BEV""}, {""avgPercentage"": ""62.0"", ""vehicleType"": ""ICE""}]","SELECT ?vehicleType (AVG(?pct) AS ?avgPercentage) WHERE { ?entry a survey:AutonomousDrivingDevelopment ; survey:hasVehicleType ?vehicle ; survey:hasPercentage ?pct . BIND(REPLACE(STR(?vehicle), ""^.*/"", """") AS ?vehicleType) } GROUP BY ?vehicleType ORDER BY ?vehicleType",,
EFFKGQA0358,Show the average future demand change for every technology category.,future_demand,direct_capability,direct_graph_supported,auto_answer,capability_inventory,0,1,3,,"[{""avgPercentageChange"": ""12.24875"", ""technologyCategory"": ""TechCategory_%3C%3D_7nm""}, {""avgPercentageChange"": ""3.7225"", ""technologyCategory"": ""TechCategory_10nm_to_%3C28nm""}, {""avgPercentageChange"": ""36.1225"", ""technologyCategory"": ""TechCategory_180nm_or_greater""}]","SELECT ?technologyCategory (AVG(?pct) AS ?avgPercentageChange) WHERE { ?entry a survey:FutureDemandAnalysis ; survey:analyzesTechnologyCategory ?technology ; survey:percentageChange ?pct . OPTIONAL { ?technology survey:technologyCategoryName ?technologyName . } BIND(COALESCE(?technologyName, REPLACE(STR(?technology), ""^.*/"", """")) AS ?technologyCategory) } GROUP BY ?technologyCategory ORDER BY ?technologyCategory",,
EFFKGQA0359,Which trend appears most often in inventory responses?,inventory,llm_or_ranking,llm_ranking,llm_ranking,validated_retrieval,1,7,3,,"[{""component"": ""Component_EV"", ""responses"": ""1"", ""trend"": ""Decrease""}, {""component"": ""Component_EV"", ""responses"": ""1"", ""trend"": ""Increase""}, {""component"": ""Component_EV"", ""responses"": ""3"", ""trend"": ""Stable""}]",SELECT ?component ?trend (SUM(xsd:integer(?cnt)) AS ?responses) WHERE { ?entry a survey:InventoryDevelopment_Tier1 ; survey:forComponent ?component ; survey:inventoryTrend ?trend ; survey:participantCount ?cnt . } GROUP BY ?component ?trend ORDER BY ?component ?trend,,
EFFKGQA0360,I need future demand grouped by technology category.,future_demand,direct_capability,direct_graph_supported,auto_answer,capability_inventory,0,1,3,,"[{""avgPercentageChange"": ""12.24875"", ""technologyCategory"": ""TechCategory_%3C%3D_7nm""}, {""avgPercentageChange"": ""3.7225"", ""technologyCategory"": ""TechCategory_10nm_to_%3C28nm""}, {""avgPercentageChange"": ""36.1225"", ""technologyCategory"": ""TechCategory_180nm_or_greater""}]","SELECT ?technologyCategory (AVG(?pct) AS ?avgPercentageChange) WHERE { ?entry a survey:FutureDemandAnalysis ; survey:analyzesTechnologyCategory ?technology ; survey:percentageChange ?pct . OPTIONAL { ?technology survey:technologyCategoryName ?technologyName . } BIND(COALESCE(?technologyName, REPLACE(STR(?technology), ""^.*/"", """")) AS ?technologyCategory) } GROUP BY ?technologyCategory ORDER BY ?technologyCategory",,
EFFKGQA0361,"For the survey data, how does current demand vary by quarter?",regional_demand,llm_or_ranking,llm_ranking,llm_ranking,infineon,1,5,0,,,"SELECT ?quarterLabel (SUM(?pct) AS ?totalCurrentChange) WHERE { ?entry a survey:CurrentDemandAnalysis ; survey:forTimePeriod ?quarter ; survey:percentageChange ?pct . ?quarter a survey:Quarter . BIND(REPLACE(STR(?quarter), '^.*/', '') AS ?quarterLabel) } GROUP BY ?quarterLabel ORDER BY ?quarterLabel",,
EFFKGQA0362,"Using the True Demand KG, compare OEM current demand across survey group?",regional_demand,llm_or_ranking,direct_graph_supported,auto_answer,capability_inventory,0,1,1,,"[{""surveyGroup"": ""OEM"", ""totalDemand"": ""248769210.0""}]","SELECT ?surveyGroup (SUM(?demand) AS ?totalDemand) WHERE { BIND(""OEM"" AS ?surveyGroup) ?entry a survey:DemandForRegion ; survey:hasSurveyOrigin ?origin ; survey:totalDemand ?demand . ?origin a survey:OEM_Survey . } GROUP BY ?surveyGroup ORDER BY ?surveyGroup",,
EFFKGQA0363,Show cancellation participant counts by technology category.,order_cancellation,llm_or_ranking,llm_ranking,llm_ranking,infineon,1,13,0,,,SELECT ?technologyCategoryName ?participantCount WHERE { ?entry a survey:OrderCancellation ; survey:forTechnologyCategory ?tech ; survey:participantCount ?participantCount . ?tech survey:technologyCategoryName ?technologyCategoryName . } ORDER BY ?technologyCategoryName,,
EFFKGQA0364,Give me total demand grouped by survey group.,regional_demand,llm_or_ranking,llm_ranking,llm_ranking,infineon,1,11,0,,,"SELECT ?surveyType (SUM(?totalDemand) AS ?total) WHERE { ?demandForRegion a survey:DemandForRegion ; survey:hasSurveyOrigin ?origin ; survey:totalDemand ?totalDemand . BIND(REPLACE(STR(?origin), '^.*/', '') AS ?surveyType) FILTER(?surveyType IN ('OEM_Survey','Tier1_Survey','Semiconductor_Survey')) } GROUP BY ?surveyType ORDER BY ?surveyType",,
EFFKGQA0365,Give me current demand grouped by quarter.,regional_demand,llm_or_ranking,llm_ranking,llm_ranking,infineon,1,5,0,,,"SELECT ?quarterLabel ?demand WHERE { ?root a survey:CurrentDemandAnalysis ; survey:hasAggregatedResult ?entry . ?entry survey:forTimePeriod ?quarter ; survey:currentDemand ?demand . ?quarter a survey:Quarter . BIND(REPLACE(STR(?quarter), '^.*/', '') AS ?quarterLabel) } ORDER BY ?quarterLabel",,
EFFKGQA0366,Return autonomous driving development grouped by survey group.,autonomous_driving,llm_or_ranking,llm_ranking,llm_ranking,infineon,1,5,0,,,"SELECT ?surveyType (COUNT(?devClass) AS ?developmentCount) WHERE { VALUES (?surveyClass ?surveyType) { (survey:OEM_Survey 'OEM') (survey:Tier1_Survey 'Tier1') (survey:Semiconductor_Survey 'Semiconductor') } ?devClass a survey:AutonomousDrivingDevelopment_OEM, survey:AutonomousDrivingDevelopment_Tier1 ; survey:hasSurveyOrigin ?origin . ?origin a ?surveyClass . } GROUP BY ?surveyType ORDER BY ?surveyType",,
EFFKGQA0367,Return a breakdown of Tier1 current demand by quarter.,regional_demand,llm_or_ranking,llm_ranking,llm_ranking,infineon,1,5,0,,,"SELECT ?quarterLabel ?pct WHERE { survey:Tier1CurrentDemand a survey:CurrentDemandAnalysis ; survey:hasAggregatedResult ?entry . ?entry survey:forTimePeriod ?quarter ; survey:percentageChange ?pct . BIND(REPLACE(STR(?quarter), '^.*/', '') AS ?quarterLabel) } ORDER BY ?quarterLabel",,
EFFKGQA0368,Summarize OEM current demand per quarter.,regional_demand,llm_or_ranking,llm_ranking,llm_ranking,infineon,1,5,0,,,"SELECT ?quarterLabel (SUM(?currentDemand) AS ?totalDemand) WHERE { ?entry a survey:CurrentDemandAnalysis ; survey:hasSurveyOrigin survey:OEM_Survey ; survey:forTimePeriod ?quarter ; survey:currentDemand ?currentDemand . ?quarter a survey:Quarter . BIND(REPLACE(STR(?quarter), '^.*/', '') AS ?quarterLabel) } GROUP BY ?quarterLabel ORDER BY ?quarterLabel",,
EFFKGQA0369,Which technology category has the highest order cancellation responses?,order_cancellation,llm_or_ranking,direct_graph_supported,auto_answer,capability_inventory,0,1,3,,"[{""participantCount"": ""3"", ""technologyCategory"": ""OrderCancellationChange_Semi_10nm_to_lt28nm""}, {""participantCount"": ""3"", ""technologyCategory"": ""OrderCancellationChange_Semi_180nm_or_greater""}, {""participantCount"": ""3"", ""technologyCategory"": ""OrderCancellationChange_Semi_28nm_to_lt45nm""}]","SELECT ?technologyCategory (SUM(?participants) AS ?participantCount) WHERE { ?entry a survey:OrderCancellation ; survey:forTechnologyCategory ?technology ; survey:participantCount ?participants . BIND(REPLACE(STR(?technology), ""^.*/"", """") AS ?technologyCategory) } GROUP BY ?technologyCategory ORDER BY ?technologyCategory",,
EFFKGQA0370,Show regional demand by vehicle type.,regional_demand,llm_or_ranking,llm_ranking,llm_ranking,infineon,1,11,0,,,"SELECT ?regionName ?vehicleType (SUM(?unitsSold) AS ?totalDemand) WHERE { ?demandForRegion a survey:DemandForRegion ; survey:inRegion ?region ; survey:totalDemand ?unitsSold ; survey:hasVehicleType ?vehicle . ?region survey:regionName ?regionName . BIND(REPLACE(STR(?vehicle), '^.*/', '') AS ?vehicleType) } GROUP BY ?regionName ?vehicleType ORDER BY ?regionName ?vehicleType",,
EFFKGQA0371,What is the average future demand percentage change by quarter?,future_demand,direct_capability,direct_graph_supported,auto_answer,capability_inventory,0,1,3,,"[{""avgPercentageChange"": ""13.012777777777777777777778"", ""quarterLabel"": ""Current Quarter""}, {""avgPercentageChange"": ""10.57695652173913047826087"", ""quarterLabel"": ""Q1 2026""}, {""avgPercentageChange"": ""22.595217391304347826086957"", ""quarterLabel"": ""Q2 2025""}]",SELECT ?quarterLabel (AVG(?pct) AS ?avgPercentageChange) WHERE { ?entry a survey:FutureDemandAnalysis ; survey:forTimePeriod ?quarter ; survey:percentageChange ?pct . ?quarter survey:periodLabel ?quarterLabel . } GROUP BY ?quarterLabel ORDER BY ?quarterLabel,,
EFFKGQA0372,Use the graph to show OEM current demand by region.,regional_demand,llm_or_ranking,direct_graph_supported,auto_answer,capability_inventory,0,1,3,,"[{""regionName"": ""Americas"", ""totalDemand"": ""67744458.0""}, {""regionName"": ""Asia Pacific/All Other"", ""totalDemand"": ""37293303.0""}, {""regionName"": ""Asia Pacific/China"", ""totalDemand"": ""77885298.0""}]","SELECT ?regionName (SUM(?demand) AS ?totalDemand) WHERE { BIND(""OEM"" AS ?surveyGroup) ?entry a survey:DemandForRegion ; survey:hasSurveyOrigin ?origin ; survey:inRegion ?region ; survey:totalDemand ?demand . ?origin a survey:OEM_Survey . ?region survey:regionName ?regionName . } GROUP BY ?regionName ORDER BY ?regionName",,
EFFKGQA0373,Give me the future demand overview by region.,future_demand,direct_capability,direct_graph_supported,auto_answer,capability_inventory,0,1,3,,"[{""avgPercentageChange"": ""1993696.795238095238095238095238"", ""regionName"": ""Americas""}, {""avgPercentageChange"": ""1092445.9"", ""regionName"": ""Asia Pacific/All Other""}, {""avgPercentageChange"": ""2386112.016666666666666666666667"", ""regionName"": ""Asia Pacific/China""}]",SELECT ?regionName (AVG(?pct) AS ?avgPercentageChange) WHERE { ?entry a survey:DemandForRegion ; survey:inRegion ?region ; survey:totalDemandPercentageChange ?pct . ?region survey:regionName ?regionName . } GROUP BY ?regionName ORDER BY ?regionName,,
EFFKGQA0374,Compare autonomous driving development across year.,autonomous_driving,llm_or_ranking,direct_graph_supported,auto_answer,capability_inventory,0,1,3,,"[{""avgPercentage"": ""42.0"", ""year"": ""2025""}, {""avgPercentage"": ""62.0"", ""year"": ""2026""}, {""avgPercentage"": ""82.0"", ""year"": ""2027""}]",SELECT ?year (AVG(?pct) AS ?avgPercentage) WHERE { ?entry a survey:AutonomousDrivingDevelopment ; survey:hasYear ?year ; survey:hasPercentage ?pct . } GROUP BY ?year ORDER BY ?year,,
EFFKGQA0375,What is the total regional demand for each vehicle type?,regional_demand,llm_or_ranking,llm_ranking,llm_ranking,infineon,1,11,0,,,"SELECT ?regionName ?vehicleType (SUM(?unitsSold) AS ?totalDemand) WHERE { ?demandForRegion a survey:DemandForRegion ; survey:inRegion ?region ; survey:totalDemand ?unitsSold ; survey:hasVehicleType ?vehicle . ?region a survey:Region ; survey:regionName ?regionName . BIND(REPLACE(STR(?vehicle), '^.*/', '') AS ?vehicleType) } GROUP BY ?regionName ?vehicleType ORDER BY DESC(?totalDemand)",,
EFFKGQA0376,"Using the True Demand KG, what are the future demand changes for each vehicle type?",future_demand,direct_capability,direct_graph_supported,auto_answer,capability_inventory,0,1,3,,"[{""avgPercentageChange"": ""1.505"", ""vehicleType"": ""BEHV""}, {""avgPercentageChange"": ""4.74375"", ""vehicleType"": ""BEV""}, {""avgPercentageChange"": ""0.845"", ""vehicleType"": ""ICE""}]","SELECT ?vehicleType (AVG(?pct) AS ?avgPercentageChange) WHERE { ?entry a survey:FutureDemandAnalysis ; survey:analyzesVehicleType ?vehicle ; survey:percentageChange ?pct . BIND(REPLACE(STR(?vehicle), ""^.*/"", """") AS ?vehicleType) } GROUP BY ?vehicleType ORDER BY ?vehicleType",,
EFFKGQA0377,Can you give me regional demand grouped by quarter?,regional_demand,llm_or_ranking,direct_graph_supported,auto_answer,capability_inventory,0,1,3,,"[{""regionName"": ""Americas"", ""surveyGroup"": ""OEM"", ""totalDemand"": ""67744458.0""}, {""regionName"": ""Asia Pacific/All Other"", ""surveyGroup"": ""OEM"", ""totalDemand"": ""37293303.0""}, {""regionName"": ""Asia Pacific/China"", ""surveyGroup"": ""OEM"", ""totalDemand"": ""77885298.0""}]","SELECT ?surveyGroup ?regionName (SUM(?demand) AS ?totalDemand) WHERE { VALUES (?surveyClass ?surveyGroup) { (survey:OEM_Survey ""OEM"") (survey:Tier1_Survey ""Tier1"") (survey:Semiconductor_Survey ""Semiconductor"") } ?entry a survey:DemandForRegion ; survey:hasSurveyOrigin ?origin ; survey:inRegion ?region ; survey:totalDemand ?demand . ?origin a ?surveyClass . ?region survey:regionName ?regionName . } GROUP BY ?surveyGroup ?regionName ORDER BY ?surveyGroup ?regionName",,
EFFKGQA0378,Summarize Tier1 current demand per quarter.,regional_demand,llm_or_ranking,llm_ranking,llm_ranking,infineon,1,5,0,,,"SELECT ?quarterLabel (SUM(?unitsSold) AS ?totalDemand) WHERE { ?entry a survey:DemandResponse ; survey:forTimePeriod ?quarter ; survey:percentageChange ?unitsSold ; survey:fromCompany ?company . ?company survey:hasSurveyOrigin survey:Tier1_Survey . BIND(REPLACE(STR(?quarter), '^.*/', '') AS ?quarterLabel) } GROUP BY ?quarterLabel ORDER BY ?quarterLabel",,
EFFKGQA0379,Can you how does semiconductor current demand vary by survey group?,regional_demand,llm_or_ranking,direct_graph_supported,auto_answer,capability_inventory,0,1,1,,"[{""surveyGroup"": ""Semiconductor"", ""totalDemand"": ""100.0""}]","SELECT ?surveyGroup (SUM(?demand) AS ?totalDemand) WHERE { BIND(""Semiconductor"" AS ?surveyGroup) ?entry a survey:DemandForRegion ; survey:hasSurveyOrigin ?origin ; survey:totalDemand ?demand . ?origin a survey:Semiconductor_Survey . } GROUP BY ?surveyGroup ORDER BY ?surveyGroup",,
EFFKGQA0380,Can you compare future demand change across technology category?,future_demand,direct_capability,direct_graph_supported,auto_answer,capability_inventory,0,1,3,,"[{""avgPercentageChange"": ""12.24875"", ""technologyCategory"": ""TechCategory_%3C%3D_7nm""}, {""avgPercentageChange"": ""3.7225"", ""technologyCategory"": ""TechCategory_10nm_to_%3C28nm""}, {""avgPercentageChange"": ""36.1225"", ""technologyCategory"": ""TechCategory_180nm_or_greater""}]","SELECT ?technologyCategory (AVG(?pct) AS ?avgPercentageChange) WHERE { ?entry a survey:FutureDemandAnalysis ; survey:analyzesTechnologyCategory ?technology ; survey:percentageChange ?pct . OPTIONAL { ?technology survey:technologyCategoryName ?technologyName . } BIND(COALESCE(?technologyName, REPLACE(STR(?technology), ""^.*/"", """")) AS ?technologyCategory) } GROUP BY ?technologyCategory ORDER BY ?technologyCategory",,
EFFKGQA0381,Compare forecast vehicle sales across year.,vehicle_sales,llm_or_ranking,direct_graph_supported,auto_answer,capability_inventory,0,1,3,,"[{""unitsSold"": ""88109476"", ""year"": ""2024""}, {""unitsSold"": ""90166856"", ""year"": ""2025""}, {""unitsSold"": ""90471186"", ""year"": ""2026""}]","SELECT ?year (SUM(?units) AS ?unitsSold) WHERE { ?obs a survey:VehicleSalesObservation ; survey:isForecastData true ; survey:forTimePeriod ?month ; survey:unitsSold ?units . OPTIONAL { ?month survey:periodLabel ?periodLabel . } BIND(COALESCE(?periodLabel, REPLACE(STR(?month), ""^.*/"", """")) AS ?label) BIND(REPLACE(STR(?label), ""^.*(20[0-9]{2}).*$"", ""$1"") AS ?year) } GROUP BY ?year ORDER BY ?year",,
EFFKGQA0382,How does future demand change by vehicle type?,future_demand,direct_capability,direct_graph_supported,auto_answer,capability_inventory,0,1,3,,"[{""avgPercentageChange"": ""1.505"", ""vehicleType"": ""BEHV""}, {""avgPercentageChange"": ""4.74375"", ""vehicleType"": ""BEV""}, {""avgPercentageChange"": ""0.845"", ""vehicleType"": ""ICE""}]","SELECT ?vehicleType (AVG(?pct) AS ?avgPercentageChange) WHERE { ?entry a survey:FutureDemandAnalysis ; survey:analyzesVehicleType ?vehicle ; survey:percentageChange ?pct . BIND(REPLACE(STR(?vehicle), ""^.*/"", """") AS ?vehicleType) } GROUP BY ?vehicleType ORDER BY ?vehicleType",,
EFFKGQA0383,Show Tier1 current demand by quarter.,regional_demand,llm_or_ranking,llm_ranking,llm_ranking,infineon,1,5,0,,,"SELECT ?quarterLabel ?pct WHERE { survey:Tier1CurrentDemand a survey:CurrentDemandAnalysis ; survey:hasAggregatedResult ?entry . ?entry survey:forTimePeriod ?quarter ; survey:percentageChange ?pct . BIND(REPLACE(STR(?quarter), '^.*/', '') AS ?quarterLabel) } ORDER BY ?quarterLabel",,
EFFKGQA0384,Which response type has the highest order cancellation?,order_cancellation,llm_or_ranking,direct_graph_supported,auto_answer,capability_inventory,0,1,3,,"[{""participantCount"": ""5"", ""responseType"": ""Decrease""}, {""participantCount"": ""5"", ""responseType"": ""Increase""}, {""participantCount"": ""5"", ""responseType"": ""Stable""}]",SELECT ?responseType (SUM(?participants) AS ?participantCount) WHERE { ?entry a survey:OrderCancellation ; survey:hasResponseType ?responseType ; survey:participantCount ?participants . } GROUP BY ?responseType ORDER BY ?responseType,,
EFFKGQA0385,Summarize component inventory across trend.,inventory,llm_or_ranking,direct_graph_supported,auto_answer,capability_inventory,0,1,3,,"[{""component"": ""Component_EV"", ""participantTotal"": ""1"", ""trend"": ""Decrease""}, {""component"": ""Component_EV"", ""participantTotal"": ""1"", ""trend"": ""Increase""}, {""component"": ""Component_EV"", ""participantTotal"": ""3"", ""trend"": ""Stable""}]",SELECT ?component ?trend (SUM(?participants) AS ?participantTotal) WHERE { ?entry a survey:InventoryDevelopment_Tier1 ; survey:forComponent ?component ; survey:inventoryTrend ?trend ; survey:participantCount ?participants . } GROUP BY ?component ?trend ORDER BY ?component ?trend,,
EFFKGQA0386,Show average autonomous driving development by SAE level.,autonomous_driving,llm_or_ranking,direct_graph_supported,auto_answer,capability_inventory,0,1,3,,"[{""avgPercentage"": ""42.0"", ""saeLevel"": ""SAE_Level_1""}, {""avgPercentage"": ""52.0"", ""saeLevel"": ""SAE_Level_2""}, {""avgPercentage"": ""62.0"", ""saeLevel"": ""SAE_Level_3""}]","SELECT ?saeLevel (AVG(?pct) AS ?avgPercentage) WHERE { ?entry a survey:AutonomousDrivingDevelopment ; survey:hasSAELevel ?sae ; survey:hasPercentage ?pct . BIND(REPLACE(STR(?sae), ""^.*/"", """") AS ?saeLevel) } GROUP BY ?saeLevel ORDER BY ?saeLevel",,
EFFKGQA0387,What is the total regional demand for each survey group?,regional_demand,llm_or_ranking,direct_graph_supported,auto_answer,capability_inventory,0,1,3,,"[{""regionName"": ""Americas"", ""surveyGroup"": ""OEM"", ""totalDemand"": ""67744458.0""}, {""regionName"": ""Asia Pacific/All Other"", ""surveyGroup"": ""OEM"", ""totalDemand"": ""37293303.0""}, {""regionName"": ""Asia Pacific/China"", ""surveyGroup"": ""OEM"", ""totalDemand"": ""77885298.0""}]","SELECT ?surveyGroup ?regionName (SUM(?demand) AS ?totalDemand) WHERE { VALUES (?surveyClass ?surveyGroup) { (survey:OEM_Survey ""OEM"") (survey:Tier1_Survey ""Tier1"") (survey:Semiconductor_Survey ""Semiconductor"") } ?entry a survey:DemandForRegion ; survey:hasSurveyOrigin ?origin ; survey:inRegion ?region ; survey:totalDemand ?demand . ?origin a ?surveyClass . ?region survey:regionName ?regionName . } GROUP BY ?surveyGroup ?regionName ORDER BY ?surveyGroup ?regionName",,
EFFKGQA0388,Which year has the highest vehicle sales units?,vehicle_sales,llm_or_ranking,direct_graph_supported,auto_answer,capability_inventory,0,1,3,,"[{""unitsSold"": ""86125479"", ""year"": ""2023""}, {""unitsSold"": ""88109476"", ""year"": ""2024""}, {""unitsSold"": ""90166856"", ""year"": ""2025""}]","SELECT ?year (SUM(?units) AS ?unitsSold) WHERE { ?obs a survey:VehicleSalesObservation ; survey:forTimePeriod ?month ; survey:unitsSold ?units . OPTIONAL { ?month survey:periodLabel ?periodLabel . } BIND(COALESCE(?periodLabel, REPLACE(STR(?month), ""^.*/"", """")) AS ?label) BIND(REPLACE(STR(?label), ""^.*(20[0-9]{2}).*$"", ""$1"") AS ?year) } GROUP BY ?year ORDER BY ?year",,
EFFKGQA0389,Which response type has the highest cancellation participant counts?,order_cancellation,llm_or_ranking,llm_ranking,llm_ranking,infineon,1,5,1,,"[{""responseType"": ""Decrease"", ""totalCount"": ""5""}]",SELECT ?responseType (SUM(?participantCount) AS ?totalCount) WHERE { ?entry a survey:OrderCancellation ; survey:hasResponseType ?responseType ; survey:participantCount ?participantCount . } GROUP BY ?responseType ORDER BY DESC(?totalCount) LIMIT 1,,
EFFKGQA0390,What is the average autonomous driving development for each SAE level?,autonomous_driving,llm_or_ranking,direct_graph_supported,auto_answer,capability_inventory,0,1,3,,"[{""avgPercentage"": ""42.0"", ""saeLevel"": ""SAE_Level_1""}, {""avgPercentage"": ""52.0"", ""saeLevel"": ""SAE_Level_2""}, {""avgPercentage"": ""62.0"", ""saeLevel"": ""SAE_Level_3""}]","SELECT ?saeLevel (AVG(?pct) AS ?avgPercentage) WHERE { ?entry a survey:AutonomousDrivingDevelopment ; survey:hasSAELevel ?sae ; survey:hasPercentage ?pct . BIND(REPLACE(STR(?sae), ""^.*/"", """") AS ?saeLevel) } GROUP BY ?saeLevel ORDER BY ?saeLevel",,
EFFKGQA0391,Please give me total demand grouped by region?,regional_demand,llm_or_ranking,llm_ranking,llm_ranking,infineon,1,13,3,,"[{""regionName"": ""Japan"", ""totalDemand"": ""14117173.0""}, {""regionName"": ""Asia Pacific/China"", ""totalDemand"": ""77885333.0""}, {""regionName"": ""Americas"", ""totalDemand"": ""67744523.0""}]",SELECT ?regionName (SUM(?value) AS ?totalDemand) WHERE { ?demandForRegion a survey:DemandForRegion ; survey:inRegion ?region ; survey:totalDemand ?value . ?region a survey:Region ; survey:regionName ?regionName . } GROUP BY ?regionName,,
EFFKGQA0392,What is the total number of actual vehicle sales for each time period?,vehicle_sales,llm_or_ranking,llm_ranking,llm_ranking,validated_retrieval,1,5,2,,"[{""dataType"": ""actual"", ""observationCount"": ""21811""}, {""dataType"": ""forecast"", ""observationCount"": ""73048""}]","SELECT ?dataType (COUNT(?obs) AS ?observationCount) WHERE { ?obs a survey:VehicleSalesObservation . OPTIONAL { ?obs survey:isActualData ?actual . } OPTIONAL { ?obs survey:isForecastData ?forecast . } BIND(IF(BOUND(?actual) && ?actual = true, 'actual', IF(BOUND(?forecast) && ?forecast = true, 'forecast', 'unknown')) AS ?dataType) } GROUP BY ?dataType ORDER BY ?dataType",,
EFFKGQA0393,Please how is future demand distributed by technology category?,future_demand,direct_capability,direct_graph_supported,auto_answer,capability_inventory,0,1,3,,"[{""avgPercentageChange"": ""12.24875"", ""technologyCategory"": ""TechCategory_%3C%3D_7nm""}, {""avgPercentageChange"": ""3.7225"", ""technologyCategory"": ""TechCategory_10nm_to_%3C28nm""}, {""avgPercentageChange"": ""36.1225"", ""technologyCategory"": ""TechCategory_180nm_or_greater""}]","SELECT ?technologyCategory (AVG(?pct) AS ?avgPercentageChange) WHERE { ?entry a survey:FutureDemandAnalysis ; survey:analyzesTechnologyCategory ?technology ; survey:percentageChange ?pct . OPTIONAL { ?technology survey:technologyCategoryName ?technologyName . } BIND(COALESCE(?technologyName, REPLACE(STR(?technology), ""^.*/"", """")) AS ?technologyCategory) } GROUP BY ?technologyCategory ORDER BY ?technologyCategory",,
EFFKGQA0394,Which technology category has the highest cancellation behavior?,order_cancellation,llm_or_ranking,llm_ranking,llm_ranking,infineon,1,12,0,,,SELECT ?technologyCategoryName (SUM(?participants) AS ?totalCancellations) WHERE { ?entry a survey:OrderCancellation ; survey:forTechnologyCategory ?tech ; survey:participantCount ?participants . ?tech survey:technologyCategoryName ?technologyCategoryName . } GROUP BY ?technologyCategoryName ORDER BY DESC(?totalCancellations) LIMIT 1,,
EFFKGQA0395,Which technology categories are available in the graph?,catalog_lookup,llm_or_ranking,llm_ranking,llm_ranking,validated_retrieval,1,6,3,,"[{""currentDemand"": ""3155484"", ""percentChangeB1"": ""8.82003719660506"", ""percentChangeB2"": ""17.07867287036923"", ""technologyCategory"": ""10-16 nm""}, {""currentDemand"": ""56083"", ""percentChangeB1"": ""8.107639223548007"", ""percentChangeB2"": ""-10.31562956003758"", ""technologyCategory"": ""180-500 nm""}, {""currentDemand"": ""721730"", ""percentChangeB1"": ""12.543993562944516"", ""percentChangeB2"": ""42.87752857423543"", ""technologyCategory"": ""2-7 nm""}]",SELECT ?technologyCategory ?currentDemand ?percentChangeB1 ?percentChangeB2 WHERE { ?tech a survey:TechnologyCategory ; survey:technologyCategoryName ?technologyCategory ; survey:currentDemand ?currentDemand ; survey:percentChangeB1 ?percentChangeB1 ; survey:percentChangeB2 ?percentChangeB2 . } ORDER BY ?technologyCategory,,
EFFKGQA0396,"For the survey data, summarize future demand across quarter?",future_demand,direct_capability,llm_ranking,llm_ranking,validated_retrieval,1,13,3,,"[{""percentShare"": ""25.54"", ""quarterLabel"": ""Q1 2026"", ""regionName"": ""Americas""}, {""percentShare"": ""15.75"", ""quarterLabel"": ""Q1 2026"", ""regionName"": ""Asia Pacific/All Other""}, {""percentShare"": ""31.64"", ""quarterLabel"": ""Q1 2026"", ""regionName"": ""Asia Pacific/China""}]",SELECT ?quarterLabel ?regionName (ROUND(((SUM(?pct) / ?grandTotal) * 100) * 100) / 100 AS ?percentShare) WHERE { BIND(survey:OEM_Survey AS ?surveyType) ?origin a ?surveyType . ?entry a survey:DemandForRegion ; survey:hasSurveyOrigin ?origin ; survey:inRegion ?region ; survey:quarter ?q ; survey:totalDemandPercentageChange ?pct . ?q survey:periodLabel ?quarterLabel . ?region survey:regionName ?regionName . { SELECT ?origin ?quarterLabel (SUM(?v) AS ?grandTotal) WHERE { ?e a survey:DemandForRegion ; survey:hasSurveyOrigin ?origin ; survey:quarter ?qq ; survey:totalDemandPercentageChange ?v . ?qq survey:periodLabel ?quarterLabel . } GROUP BY ?origin ?quarterLabel } } GROUP BY ?quarterLabel ?regionName ?grandTotal ORDER BY ?quarterLabel ?regionName,,
EFFKGQA0397,Give monthly results for vehicles sold.,vehicle_sales,llm_or_ranking,direct_graph_supported,auto_answer,capability_inventory,0,1,3,,"[{""monthLabel"": ""Apr 2023"", ""unitsSold"": ""6425650""}, {""monthLabel"": ""Apr 2024"", ""unitsSold"": ""6818720""}, {""monthLabel"": ""Apr 2025"", ""unitsSold"": ""7260983""}]","SELECT ?monthLabel (SUM(?units) AS ?unitsSold) WHERE { ?obs a survey:VehicleSalesObservation ; survey:forTimePeriod ?month ; survey:unitsSold ?units . OPTIONAL { ?month survey:periodLabel ?periodLabel . } BIND(COALESCE(?periodLabel, REPLACE(STR(?month), ""^.*/"", """")) AS ?monthLabel) } GROUP BY ?monthLabel ORDER BY ?monthLabel",,
EFFKGQA0398,Show forecast vehicle sales by month.,vehicle_sales,llm_or_ranking,direct_graph_supported,auto_answer,capability_inventory,0,1,3,,"[{""monthLabel"": ""Apr 2024"", ""unitsSold"": ""6818720""}, {""monthLabel"": ""Apr 2025"", ""unitsSold"": ""7260983""}, {""monthLabel"": ""Apr 2026"", ""unitsSold"": ""7009380""}]","SELECT ?monthLabel (SUM(?units) AS ?unitsSold) WHERE { ?obs a survey:VehicleSalesObservation ; survey:isForecastData true ; survey:forTimePeriod ?month ; survey:unitsSold ?units . OPTIONAL { ?month survey:periodLabel ?periodLabel . } BIND(COALESCE(?periodLabel, REPLACE(STR(?month), ""^.*/"", """")) AS ?monthLabel) } GROUP BY ?monthLabel ORDER BY ?monthLabel",,
EFFKGQA0399,Compare companies reporting shortage by shortage status.,shortage,llm_or_ranking,direct_graph_supported,auto_answer,capability_inventory,0,1,2,,"[{""companyCount"": ""3"", ""shortageStatus"": ""no""}, {""companyCount"": ""6"", ""shortageStatus"": ""yes""}]","SELECT ?shortageStatus (COUNT(?company) AS ?companyCount) WHERE { VALUES (?surveyClass ?surveyGroup) { (survey:OEM_Survey ""OEM"") (survey:Tier1_Survey ""Tier1"") (survey:Semiconductor_Survey ""Semiconductor"") } ?company a survey:Company ; survey:hasSurveyOrigin ?origin ; survey:reportsShortage ?shortage . ?origin a ?surveyClass . BIND(IF(?shortage = true, ""yes"", ""no"") AS ?shortageStatus) } GROUP BY ?shortageStatus ORDER BY ?shortageStatus",,
EFFKGQA0400,Return a breakdown of OEM current demand by quarter.,regional_demand,llm_or_ranking,llm_ranking,llm_ranking,infineon,1,5,0,,,SELECT ?quarterLabel (SUM(?unitsSold) AS ?totalDemand) WHERE { ?entry a survey:CurrentDemandAnalysis ; survey:hasSurveyOrigin survey:OEM_Survey ; survey:forTimePeriod ?quarter ; survey:hasYearlySales ?sales . ?sales survey:yearlySales ?unitsSold . ?quarter a survey:Quarter ; survey:periodLabel ?quarterLabel . } GROUP BY ?quarterLabel ORDER BY ?quarterLabel,,
EFFKGQA0401,Can you give a graph-backed breakdown of future demand by region?,future_demand,direct_capability,direct_graph_supported,auto_answer,capability_inventory,0,1,3,,"[{""regionName"": ""Americas"", ""surveyGroup"": ""OEM"", ""totalDemand"": ""67744458.0""}, {""regionName"": ""Asia Pacific/All Other"", ""surveyGroup"": ""OEM"", ""totalDemand"": ""37293303.0""}, {""regionName"": ""Asia Pacific/China"", ""surveyGroup"": ""OEM"", ""totalDemand"": ""77885298.0""}]","SELECT ?surveyGroup ?regionName (SUM(?demand) AS ?totalDemand) WHERE { VALUES (?surveyClass ?surveyGroup) { (survey:OEM_Survey ""OEM"") (survey:Tier1_Survey ""Tier1"") (survey:Semiconductor_Survey ""Semiconductor"") } ?entry a survey:DemandForRegion ; survey:hasSurveyOrigin ?origin ; survey:inRegion ?region ; survey:totalDemand ?demand . ?origin a ?surveyClass . ?region survey:regionName ?regionName . } GROUP BY ?surveyGroup ?regionName ORDER BY ?surveyGroup ?regionName",,
EFFKGQA0402,Can you show total demand by region?,regional_demand,llm_or_ranking,direct_graph_supported,auto_answer,capability_inventory,0,1,3,,"[{""regionName"": ""Americas"", ""surveyGroup"": ""OEM"", ""totalDemand"": ""67744458.0""}, {""regionName"": ""Asia Pacific/All Other"", ""surveyGroup"": ""OEM"", ""totalDemand"": ""37293303.0""}, {""regionName"": ""Asia Pacific/China"", ""surveyGroup"": ""OEM"", ""totalDemand"": ""77885298.0""}]","SELECT ?surveyGroup ?regionName (SUM(?demand) AS ?totalDemand) WHERE { VALUES (?surveyClass ?surveyGroup) { (survey:OEM_Survey ""OEM"") (survey:Tier1_Survey ""Tier1"") (survey:Semiconductor_Survey ""Semiconductor"") } ?entry a survey:DemandForRegion ; survey:hasSurveyOrigin ?origin ; survey:inRegion ?region ; survey:totalDemand ?demand . ?origin a ?surveyClass . ?region survey:regionName ?regionName . } GROUP BY ?surveyGroup ?regionName ORDER BY ?surveyGroup ?regionName",,
EFFKGQA0403,Summarize OEM current demand per region.,regional_demand,llm_or_ranking,direct_graph_supported,auto_answer,capability_inventory,0,1,3,,"[{""regionName"": ""Americas"", ""totalDemand"": ""67744458.0""}, {""regionName"": ""Asia Pacific/All Other"", ""totalDemand"": ""37293303.0""}, {""regionName"": ""Asia Pacific/China"", ""totalDemand"": ""77885298.0""}]","SELECT ?regionName (SUM(?demand) AS ?totalDemand) WHERE { BIND(""OEM"" AS ?surveyGroup) ?entry a survey:DemandForRegion ; survey:hasSurveyOrigin ?origin ; survey:inRegion ?region ; survey:totalDemand ?demand . ?origin a survey:OEM_Survey . ?region survey:regionName ?regionName . } GROUP BY ?regionName ORDER BY ?regionName",,
EFFKGQA0404,Summarize inventory responses across technology category.,inventory,llm_or_ranking,direct_graph_supported,auto_answer,capability_inventory,0,1,3,,"[{""entryCount"": ""1"", ""technologyCategory"": ""10nm_to_%3C28nm"", ""trend"": ""Decrease""}, {""entryCount"": ""1"", ""technologyCategory"": ""10nm_to_%3C28nm"", ""trend"": ""Increase""}, {""entryCount"": ""1"", ""technologyCategory"": ""180nm_or_greater"", ""trend"": ""Decrease""}]","SELECT ?technologyCategory ?trend (COUNT(?entry) AS ?entryCount) WHERE { ?entry a survey:InventoryDevelopment_Semi ; survey:forTechnologyCategory ?technology ; survey:hasInventoryTrend ?trend . BIND(REPLACE(STR(?technology), ""^.*/"", """") AS ?technologyCategory) } GROUP BY ?technologyCategory ?trend ORDER BY ?technologyCategory ?trend",,
EFFKGQA0405,"From the graph, show future demand by quarter?",future_demand,direct_capability,direct_graph_supported,auto_answer,capability_inventory,0,1,3,,"[{""avgPercentageChange"": ""13.012777777777777777777778"", ""quarterLabel"": ""Current Quarter""}, {""avgPercentageChange"": ""10.57695652173913047826087"", ""quarterLabel"": ""Q1 2026""}, {""avgPercentageChange"": ""22.595217391304347826086957"", ""quarterLabel"": ""Q2 2025""}]",SELECT ?quarterLabel (AVG(?pct) AS ?avgPercentageChange) WHERE { ?entry a survey:FutureDemandAnalysis ; survey:forTimePeriod ?quarter ; survey:percentageChange ?pct . ?quarter survey:periodLabel ?quarterLabel . } GROUP BY ?quarterLabel ORDER BY ?quarterLabel,,
EFFKGQA0406,"For the survey data, how does demand forecast vary by technology category?",future_demand,direct_capability,llm_ranking,llm_ranking,infineon,1,5,3,,"[{""avgFutureChange"": ""12.24875"", ""techLabel"": ""TechCategory_%3C%3D_7nm""}, {""avgFutureChange"": ""3.7225"", ""techLabel"": ""TechCategory_10nm_to_%3C28nm""}, {""avgFutureChange"": ""36.1225"", ""techLabel"": ""TechCategory_180nm_or_greater""}]","SELECT ?techLabel (AVG(?pct) AS ?avgFutureChange) WHERE { ?entry a survey:FutureDemandAnalysis ; survey:analyzesTechnologyCategory ?tech ; survey:percentageChange ?pct . BIND(REPLACE(STR(?tech), '^.*/', '') AS ?techLabel) } GROUP BY ?techLabel ORDER BY ?techLabel",,
EFFKGQA0407,Summarize vehicle sales units over year.,vehicle_sales,llm_or_ranking,direct_graph_supported,auto_answer,capability_inventory,0,1,3,,"[{""unitsSold"": ""86125479"", ""year"": ""2023""}, {""unitsSold"": ""88109476"", ""year"": ""2024""}, {""unitsSold"": ""90166856"", ""year"": ""2025""}]","SELECT ?year (SUM(?units) AS ?unitsSold) WHERE { ?obs a survey:VehicleSalesObservation ; survey:forTimePeriod ?month ; survey:unitsSold ?units . OPTIONAL { ?month survey:periodLabel ?periodLabel . } BIND(COALESCE(?periodLabel, REPLACE(STR(?month), ""^.*/"", """")) AS ?label) BIND(REPLACE(STR(?label), ""^.*(20[0-9]{2}).*$"", ""$1"") AS ?year) } GROUP BY ?year ORDER BY ?year",,
EFFKGQA0408,"From the graph, show future demand percentage changes by technology category?",future_demand,direct_capability,direct_graph_supported,auto_answer,capability_inventory,0,1,3,,"[{""avgPercentageChange"": ""12.24875"", ""technologyCategory"": ""TechCategory_%3C%3D_7nm""}, {""avgPercentageChange"": ""3.7225"", ""technologyCategory"": ""TechCategory_10nm_to_%3C28nm""}, {""avgPercentageChange"": ""36.1225"", ""technologyCategory"": ""TechCategory_180nm_or_greater""}]","SELECT ?technologyCategory (AVG(?pct) AS ?avgPercentageChange) WHERE { ?entry a survey:FutureDemandAnalysis ; survey:analyzesTechnologyCategory ?technology ; survey:percentageChange ?pct . OPTIONAL { ?technology survey:technologyCategoryName ?technologyName . } BIND(COALESCE(?technologyName, REPLACE(STR(?technology), ""^.*/"", """")) AS ?technologyCategory) } GROUP BY ?technologyCategory ORDER BY ?technologyCategory",,
EFFKGQA0409,Return a breakdown of OEM current demand by survey group.,regional_demand,llm_or_ranking,direct_graph_supported,auto_answer,capability_inventory,0,1,1,,"[{""surveyGroup"": ""OEM"", ""totalDemand"": ""248769210.0""}]","SELECT ?surveyGroup (SUM(?demand) AS ?totalDemand) WHERE { BIND(""OEM"" AS ?surveyGroup) ?entry a survey:DemandForRegion ; survey:hasSurveyOrigin ?origin ; survey:totalDemand ?demand . ?origin a survey:OEM_Survey . } GROUP BY ?surveyGroup ORDER BY ?surveyGroup",,
EFFKGQA0410,Compare regional demand across region.,regional_demand,llm_or_ranking,direct_graph_supported,auto_answer,capability_inventory,0,1,3,,"[{""regionName"": ""Americas"", ""surveyGroup"": ""OEM"", ""totalDemand"": ""67744458.0""}, {""regionName"": ""Asia Pacific/All Other"", ""surveyGroup"": ""OEM"", ""totalDemand"": ""37293303.0""}, {""regionName"": ""Asia Pacific/China"", ""surveyGroup"": ""OEM"", ""totalDemand"": ""77885298.0""}]","SELECT ?surveyGroup ?regionName (SUM(?demand) AS ?totalDemand) WHERE { VALUES (?surveyClass ?surveyGroup) { (survey:OEM_Survey ""OEM"") (survey:Tier1_Survey ""Tier1"") (survey:Semiconductor_Survey ""Semiconductor"") } ?entry a survey:DemandForRegion ; survey:hasSurveyOrigin ?origin ; survey:inRegion ?region ; survey:totalDemand ?demand . ?origin a ?surveyClass . ?region survey:regionName ?regionName . } GROUP BY ?surveyGroup ?regionName ORDER BY ?surveyGroup ?regionName",,
EFFKGQA0411,Return sales volume grouped by year.,vehicle_sales,llm_or_ranking,direct_graph_supported,auto_answer,capability_inventory,0,1,3,,"[{""unitsSold"": ""86125479"", ""year"": ""2023""}, {""unitsSold"": ""88109476"", ""year"": ""2024""}, {""unitsSold"": ""90166856"", ""year"": ""2025""}]","SELECT ?year (SUM(?units) AS ?unitsSold) WHERE { ?obs a survey:VehicleSalesObservation ; survey:forTimePeriod ?month ; survey:unitsSold ?units . OPTIONAL { ?month survey:periodLabel ?periodLabel . } BIND(COALESCE(?periodLabel, REPLACE(STR(?month), ""^.*/"", """")) AS ?label) BIND(REPLACE(STR(?label), ""^.*(20[0-9]{2}).*$"", ""$1"") AS ?year) } GROUP BY ?year ORDER BY ?year",,
EFFKGQA0412,Can you what is the total semiconductor current demand for each survey group?,regional_demand,llm_or_ranking,direct_graph_supported,auto_answer,capability_inventory,0,1,1,,"[{""surveyGroup"": ""Semiconductor"", ""totalDemand"": ""100.0""}]","SELECT ?surveyGroup (SUM(?demand) AS ?totalDemand) WHERE { BIND(""Semiconductor"" AS ?surveyGroup) ?entry a survey:DemandForRegion ; survey:hasSurveyOrigin ?origin ; survey:totalDemand ?demand . ?origin a survey:Semiconductor_Survey . } GROUP BY ?surveyGroup ORDER BY ?surveyGroup",,
EFFKGQA0413,Give a graph-backed breakdown of future demand by quarter.,future_demand,direct_capability,direct_graph_supported,auto_answer,capability_inventory,0,1,3,,"[{""avgPercentageChange"": ""13.012777777777777777777778"", ""quarterLabel"": ""Current Quarter""}, {""avgPercentageChange"": ""10.57695652173913047826087"", ""quarterLabel"": ""Q1 2026""}, {""avgPercentageChange"": ""22.595217391304347826086957"", ""quarterLabel"": ""Q2 2025""}]",SELECT ?quarterLabel (AVG(?pct) AS ?avgPercentageChange) WHERE { ?entry a survey:FutureDemandAnalysis ; survey:forTimePeriod ?quarter ; survey:percentageChange ?pct . ?quarter survey:periodLabel ?quarterLabel . } GROUP BY ?quarterLabel ORDER BY ?quarterLabel,,
EFFKGQA0414,"From the graph, give me semiconductor current demand grouped by vehicle type?",regional_demand,llm_or_ranking,llm_ranking,llm_ranking,infineon,1,5,0,,,"SELECT ?vehicleType (SUM(?demand) AS ?totalDemand) WHERE { ?entry a survey:CurrentDemandAnalysis ; survey:hasSurveyOrigin survey:Semiconductor_Survey ; survey:analyzesVehicleType ?vehicle ; survey:currentDemand ?demand . BIND(REPLACE(STR(?vehicle), '^.*/', '') AS ?vehicleType) } GROUP BY ?vehicleType ORDER BY ?vehicleType",,
EFFKGQA0415,Can you what is the total regional demand for each vehicle type?,regional_demand,llm_or_ranking,llm_ranking,llm_ranking,infineon,1,6,0,,,"SELECT ?regionName ?vehicleType (SUM(?unitsSold) AS ?totalDemand) WHERE { ?dfr a survey:DemandForRegion ; survey:inRegion ?region ; survey:totalDemand ?unitsSold ; survey:hasVehicleType ?vehicle . ?region survey:regionName ?regionName . BIND(REPLACE(STR(?vehicle), '^.*/', '') AS ?vehicleType) } GROUP BY ?regionName ?vehicleType ORDER BY ?regionName DESC(?totalDemand)",,
EFFKGQA0416,Use the graph to show Tier1 current demand by survey group.,regional_demand,llm_or_ranking,direct_graph_supported,auto_answer,capability_inventory,0,1,1,,"[{""surveyGroup"": ""Tier1"", ""totalDemand"": ""100.0""}]","SELECT ?surveyGroup (SUM(?demand) AS ?totalDemand) WHERE { BIND(""Tier1"" AS ?surveyGroup) ?entry a survey:DemandForRegion ; survey:hasSurveyOrigin ?origin ; survey:totalDemand ?demand . ?origin a survey:Tier1_Survey . } GROUP BY ?surveyGroup ORDER BY ?surveyGroup",,
EFFKGQA0417,Which survey group has the highest self-driving development?,autonomous_driving,llm_or_ranking,llm_ranking,llm_ranking,infineon,1,5,0,,,"SELECT ?surveyType (AVG(?pct) AS ?avgPercentage) WHERE { VALUES (?surveyClass ?surveyType) { (survey:OEM_Survey 'OEM') (survey:Tier1_Survey 'Tier1') } ?devClass a ?devType ; survey:hasSurveyOrigin ?origin ; survey:hasDetail ?entry . ?origin a ?surveyClass . FILTER(?devType IN (survey:AutonomousDrivingDevelopment_OEM, survey:AutonomousDrivingDevelopment_Tier1)) ?entry a survey:AutonomousDrivingDevelopment ; survey:hasPercentage ?pct . } GROUP BY ?surveyType ORDER BY DESC(?avgPercentage) LIMIT 1",,
EFFKGQA0418,Summarize order cancellation responses across technology category.,order_cancellation,llm_or_ranking,direct_graph_supported,auto_answer,capability_inventory,0,1,3,,"[{""participantCount"": ""3"", ""technologyCategory"": ""OrderCancellationChange_Semi_10nm_to_lt28nm""}, {""participantCount"": ""3"", ""technologyCategory"": ""OrderCancellationChange_Semi_180nm_or_greater""}, {""participantCount"": ""3"", ""technologyCategory"": ""OrderCancellationChange_Semi_28nm_to_lt45nm""}]","SELECT ?technologyCategory (SUM(?participants) AS ?participantCount) WHERE { ?entry a survey:OrderCancellation ; survey:forTechnologyCategory ?technology ; survey:participantCount ?participants . BIND(REPLACE(STR(?technology), ""^.*/"", """") AS ?technologyCategory) } GROUP BY ?technologyCategory ORDER BY ?technologyCategory",,
EFFKGQA0419,How is future demand distributed by region?,future_demand,direct_capability,direct_graph_supported,auto_answer,capability_inventory,0,1,3,,"[{""avgPercentageChange"": ""1993696.795238095238095238095238"", ""regionName"": ""Americas""}, {""avgPercentageChange"": ""1092445.9"", ""regionName"": ""Asia Pacific/All Other""}, {""avgPercentageChange"": ""2386112.016666666666666666666667"", ""regionName"": ""Asia Pacific/China""}]",SELECT ?regionName (AVG(?pct) AS ?avgPercentageChange) WHERE { ?entry a survey:DemandForRegion ; survey:inRegion ?region ; survey:totalDemandPercentageChange ?pct . ?region survey:regionName ?regionName . } GROUP BY ?regionName ORDER BY ?regionName,,
EFFKGQA0420,Return shortage status grouped by survey group.,shortage,llm_or_ranking,direct_graph_supported,auto_answer,capability_inventory,0,1,3,,"[{""companyCount"": ""1"", ""shortageStatus"": ""no"", ""surveyGroup"": ""OEM""}, {""companyCount"": ""2"", ""shortageStatus"": ""yes"", ""surveyGroup"": ""OEM""}, {""companyCount"": ""1"", ""shortageStatus"": ""no"", ""surveyGroup"": ""Semiconductor""}]","SELECT ?surveyGroup ?shortageStatus (COUNT(?company) AS ?companyCount) WHERE { VALUES (?surveyClass ?surveyGroup) { (survey:OEM_Survey ""OEM"") (survey:Tier1_Survey ""Tier1"") (survey:Semiconductor_Survey ""Semiconductor"") } ?company a survey:Company ; survey:hasSurveyOrigin ?origin ; survey:reportsShortage ?shortage . ?origin a ?surveyClass . BIND(IF(?shortage = true, ""yes"", ""no"") AS ?shortageStatus) } GROUP BY ?surveyGroup ?shortageStatus ORDER BY ?surveyGroup ?shortageStatus",,
EFFKGQA0421,How does total demand vary by survey group?,regional_demand,llm_or_ranking,llm_ranking,llm_ranking,infineon,1,11,0,,,"SELECT ?surveyType (SUM(?totalDemand) AS ?grandTotal) WHERE { ?demandForRegion a survey:DemandForRegion ; survey:hasSurveyOrigin ?origin ; survey:totalDemand ?totalDemand . BIND(REPLACE(STR(?origin), '^.*/', '') AS ?surveyType) FILTER(?surveyType IN ('OEM_Survey','Tier1_Survey','Semiconductor_Survey')) } GROUP BY ?surveyType ORDER BY DESC(?grandTotal)",,
EFFKGQA0422,Summarize autonomous driving percentage by SAE level.,autonomous_driving,llm_or_ranking,direct_graph_supported,auto_answer,capability_inventory,0,1,3,,"[{""avgPercentage"": ""42.0"", ""saeLevel"": ""SAE_Level_1""}, {""avgPercentage"": ""52.0"", ""saeLevel"": ""SAE_Level_2""}, {""avgPercentage"": ""62.0"", ""saeLevel"": ""SAE_Level_3""}]","SELECT ?saeLevel (AVG(?pct) AS ?avgPercentage) WHERE { ?entry a survey:AutonomousDrivingDevelopment ; survey:hasSAELevel ?sae ; survey:hasPercentage ?pct . BIND(REPLACE(STR(?sae), ""^.*/"", """") AS ?saeLevel) } GROUP BY ?saeLevel ORDER BY ?saeLevel",,
EFFKGQA0423,"Using the True Demand KG, use the graph to show OEM current demand by quarter?",regional_demand,llm_or_ranking,llm_ranking,llm_ranking,infineon,1,5,0,,,"SELECT ?quarterLabel (SUM(?unitsSold) AS ?totalDemand) WHERE { ?demandForRegion a survey:DemandForRegion ; survey:hasSurveyOrigin survey:OEM_Survey ; survey:quarter ?quarter ; survey:totalDemand ?unitsSold . BIND(REPLACE(STR(?quarter), '^.*/', '') AS ?quarterLabel) } GROUP BY ?quarterLabel ORDER BY ?quarterLabel",,
EFFKGQA0424,"From the graph, how does regional demand vary by quarter?",regional_demand,llm_or_ranking,direct_graph_supported,auto_answer,capability_inventory,0,1,3,,"[{""regionName"": ""Americas"", ""surveyGroup"": ""OEM"", ""totalDemand"": ""67744458.0""}, {""regionName"": ""Asia Pacific/All Other"", ""surveyGroup"": ""OEM"", ""totalDemand"": ""37293303.0""}, {""regionName"": ""Asia Pacific/China"", ""surveyGroup"": ""OEM"", ""totalDemand"": ""77885298.0""}]","SELECT ?surveyGroup ?regionName (SUM(?demand) AS ?totalDemand) WHERE { VALUES (?surveyClass ?surveyGroup) { (survey:OEM_Survey ""OEM"") (survey:Tier1_Survey ""Tier1"") (survey:Semiconductor_Survey ""Semiconductor"") } ?entry a survey:DemandForRegion ; survey:hasSurveyOrigin ?origin ; survey:inRegion ?region ; survey:totalDemand ?demand . ?origin a ?surveyClass . ?region survey:regionName ?regionName . } GROUP BY ?surveyGroup ?regionName ORDER BY ?surveyGroup ?regionName",,
EFFKGQA0425,Count cancellation behavior for each response type.,order_cancellation,llm_or_ranking,llm_ranking,llm_ranking,infineon,1,5,3,,"[{""cancellationCount"": ""10"", ""responseType"": ""Decrease""}, {""cancellationCount"": ""10"", ""responseType"": ""Increase""}, {""cancellationCount"": ""10"", ""responseType"": ""Stable""}]",SELECT ?responseType (COUNT(?entry) AS ?cancellationCount) WHERE { ?entry a survey:OrderCancellation ; survey:hasResponseType ?responseType . } GROUP BY ?responseType ORDER BY ?responseType,,
EFFKGQA0426,Which year has the highest actual vehicle sales?,vehicle_sales,llm_or_ranking,direct_graph_supported,auto_answer,capability_inventory,0,1,1,,"[{""unitsSold"": ""86125479"", ""year"": ""2023""}]","SELECT ?year (SUM(?units) AS ?unitsSold) WHERE { ?obs a survey:VehicleSalesObservation ; survey:isActualData true ; survey:forTimePeriod ?month ; survey:unitsSold ?units . OPTIONAL { ?month survey:periodLabel ?periodLabel . } BIND(COALESCE(?periodLabel, REPLACE(STR(?month), ""^.*/"", """")) AS ?label) BIND(REPLACE(STR(?label), ""^.*(20[0-9]{2}).*$"", ""$1"") AS ?year) } GROUP BY ?year ORDER BY ?year",,
EFFKGQA0427,Compare cancellation participant counts by response type.,order_cancellation,llm_or_ranking,llm_ranking,llm_ranking,infineon,1,5,3,,"[{""participantCount"": ""5"", ""responseType"": ""Decrease""}, {""participantCount"": ""5"", ""responseType"": ""Increase""}, {""participantCount"": ""5"", ""responseType"": ""Stable""}]",SELECT ?responseType (SUM(?participants) AS ?participantCount) WHERE { ?entry a survey:OrderCancellation ; survey:hasResponseType ?responseType ; survey:participantCount ?participants . } GROUP BY ?responseType ORDER BY ?responseType,,
EFFKGQA0428,Show the average future demand change for every vehicle type.,future_demand,direct_capability,direct_graph_supported,auto_answer,capability_inventory,0,1,3,,"[{""avgPercentageChange"": ""1.505"", ""vehicleType"": ""BEHV""}, {""avgPercentageChange"": ""4.74375"", ""vehicleType"": ""BEV""}, {""avgPercentageChange"": ""0.845"", ""vehicleType"": ""ICE""}]","SELECT ?vehicleType (AVG(?pct) AS ?avgPercentageChange) WHERE { ?entry a survey:FutureDemandAnalysis ; survey:analyzesVehicleType ?vehicle ; survey:percentageChange ?pct . BIND(REPLACE(STR(?vehicle), ""^.*/"", """") AS ?vehicleType) } GROUP BY ?vehicleType ORDER BY ?vehicleType",,
EFFKGQA0429,"For future demand, show the result by region.",future_demand,direct_capability,direct_graph_supported,auto_answer,capability_inventory,0,1,3,,"[{""avgPercentageChange"": ""1993696.795238095238095238095238"", ""regionName"": ""Americas""}, {""avgPercentageChange"": ""1092445.9"", ""regionName"": ""Asia Pacific/All Other""}, {""avgPercentageChange"": ""2386112.016666666666666666666667"", ""regionName"": ""Asia Pacific/China""}]",SELECT ?regionName (AVG(?pct) AS ?avgPercentageChange) WHERE { ?entry a survey:DemandForRegion ; survey:inRegion ?region ; survey:totalDemandPercentageChange ?pct . ?region survey:regionName ?regionName . } GROUP BY ?regionName ORDER BY ?regionName,,
EFFKGQA0430,"For the survey data, give me current demand grouped by quarter?",regional_demand,llm_or_ranking,llm_ranking,llm_ranking,infineon,1,5,0,,,"SELECT ?quarterLabel ?demand WHERE { ?root a survey:CurrentDemandAnalysis ; survey:hasAggregatedResult ?entry . ?entry survey:forTimePeriod ?quarter ; survey:percentageChange ?demand . BIND(REPLACE(STR(?quarter), '^.*/', '') AS ?quarterLabel) } ORDER BY ?quarterLabel",,
EFFKGQA0431,"Using the True Demand KG, show the average future demand change for every technology category?",future_demand,direct_capability,direct_graph_supported,auto_answer,capability_inventory,0,1,3,,"[{""avgPercentageChange"": ""12.24875"", ""technologyCategory"": ""TechCategory_%3C%3D_7nm""}, {""avgPercentageChange"": ""3.7225"", ""technologyCategory"": ""TechCategory_10nm_to_%3C28nm""}, {""avgPercentageChange"": ""36.1225"", ""technologyCategory"": ""TechCategory_180nm_or_greater""}]","SELECT ?technologyCategory (AVG(?pct) AS ?avgPercentageChange) WHERE { ?entry a survey:FutureDemandAnalysis ; survey:analyzesTechnologyCategory ?technology ; survey:percentageChange ?pct . OPTIONAL { ?technology survey:technologyCategoryName ?technologyName . } BIND(COALESCE(?technologyName, REPLACE(STR(?technology), ""^.*/"", """")) AS ?technologyCategory) } GROUP BY ?technologyCategory ORDER BY ?technologyCategory",,
EFFKGQA0432,Which vehicle type has the highest forecast vehicle sales?,vehicle_sales,llm_or_ranking,llm_ranking,llm_ranking,infineon,1,5,0,,,"SELECT ?vehicleType (SUM(?unitsSold) AS ?totalSales) WHERE { ?obs a survey:VehicleSalesObservation ; survey:hasVehicleType ?vehicle ; survey:unitsSold ?unitsSold ; survey:isForecastData true . BIND(REPLACE(STR(?vehicle), '^.*/', '') AS ?vehicleType) } GROUP BY ?vehicleType ORDER BY DESC(?totalSales) LIMIT 1",,
EFFKGQA0433,Please show regional demand by region?,regional_demand,llm_or_ranking,direct_graph_supported,auto_answer,capability_inventory,0,1,3,,"[{""regionName"": ""Americas"", ""surveyGroup"": ""OEM"", ""totalDemand"": ""67744458.0""}, {""regionName"": ""Asia Pacific/All Other"", ""surveyGroup"": ""OEM"", ""totalDemand"": ""37293303.0""}, {""regionName"": ""Asia Pacific/China"", ""surveyGroup"": ""OEM"", ""totalDemand"": ""77885298.0""}]","SELECT ?surveyGroup ?regionName (SUM(?demand) AS ?totalDemand) WHERE { VALUES (?surveyClass ?surveyGroup) { (survey:OEM_Survey ""OEM"") (survey:Tier1_Survey ""Tier1"") (survey:Semiconductor_Survey ""Semiconductor"") } ?entry a survey:DemandForRegion ; survey:hasSurveyOrigin ?origin ; survey:inRegion ?region ; survey:totalDemand ?demand . ?origin a ?surveyClass . ?region survey:regionName ?regionName . } GROUP BY ?surveyGroup ?regionName ORDER BY ?surveyGroup ?regionName",,
EFFKGQA0434,Compare sales volume across vehicle type.,vehicle_sales,llm_or_ranking,llm_ranking,llm_ranking,infineon,1,5,0,,,"SELECT ?vehicleType (AVG(?unitsSold) AS ?avgSales) WHERE { ?obs a survey:VehicleSalesObservation ; survey:hasVehicleType ?vehicle ; survey:unitsSold ?unitsSold . BIND(REPLACE(STR(?vehicle), '^.*/', '') AS ?vehicleType) } GROUP BY ?vehicleType ORDER BY DESC(?avgSales)",,
EFFKGQA0435,What is the total number of forecast vehicle sales for each time period?,vehicle_sales,llm_or_ranking,llm_ranking,llm_ranking,validated_retrieval,1,5,2,,"[{""dataType"": ""actual"", ""observationCount"": ""21811""}, {""dataType"": ""forecast"", ""observationCount"": ""73048""}]","SELECT ?dataType (COUNT(?obs) AS ?observationCount) WHERE { ?obs a survey:VehicleSalesObservation . OPTIONAL { ?obs survey:isActualData ?actual . } OPTIONAL { ?obs survey:isForecastData ?forecast . } BIND(IF(BOUND(?actual) && ?actual = true, 'actual', IF(BOUND(?forecast) && ?forecast = true, 'forecast', 'unknown')) AS ?dataType) } GROUP BY ?dataType ORDER BY ?dataType",,
EFFKGQA0436,Return cancellation participant counts grouped by response type.,order_cancellation,llm_or_ranking,llm_ranking,llm_ranking,validated_retrieval,1,5,3,,"[{""participants"": ""1"", ""responseType"": ""Decrease"", ""technologyCategory"": ""OrderCancellationChange_Semi_10nm_to_lt28nm""}, {""participants"": ""2"", ""responseType"": ""Increase"", ""technologyCategory"": ""OrderCancellationChange_Semi_10nm_to_lt28nm""}, {""participants"": ""0"", ""responseType"": ""Stable"", ""technologyCategory"": ""OrderCancellationChange_Semi_10nm_to_lt28nm""}]","SELECT ?technologyCategory ?responseType ?participants WHERE { ?entry a survey:OrderCancellation ; survey:forTechnologyCategory ?tech ; survey:hasResponseType ?responseType ; survey:participantCount ?participants . BIND(REPLACE(STR(?tech), '^.*/', '') AS ?technologyCategory) } ORDER BY ?technologyCategory ?responseType",,
EFFKGQA0437,Please analyze future demand change per region?,future_demand,direct_capability,direct_graph_supported,auto_answer,capability_inventory,0,1,3,,"[{""avgPercentageChange"": ""1993696.795238095238095238095238"", ""regionName"": ""Americas""}, {""avgPercentageChange"": ""1092445.9"", ""regionName"": ""Asia Pacific/All Other""}, {""avgPercentageChange"": ""2386112.016666666666666666666667"", ""regionName"": ""Asia Pacific/China""}]",SELECT ?regionName (AVG(?pct) AS ?avgPercentageChange) WHERE { ?entry a survey:DemandForRegion ; survey:inRegion ?region ; survey:totalDemandPercentageChange ?pct . ?region survey:regionName ?regionName . } GROUP BY ?regionName ORDER BY ?regionName,,
EFFKGQA0438,Show sales volume by time period.,vehicle_sales,llm_or_ranking,llm_ranking,llm_ranking,infineon,1,5,2,,"[{""timePeriodLabel"": ""2023"", ""totalSales"": ""107593.510433861375""}, {""timePeriodLabel"": ""2024"", ""totalSales"": ""98059.485708469718""}]","SELECT ?timePeriodLabel (SUM(?yearlySales) AS ?totalSales) WHERE { ?ysd a survey:YearlySalesData ; survey:forYear ?timePeriod ; survey:yearlySales ?yearlySales . BIND(REPLACE(STR(?timePeriod), '^.*/', '') AS ?timePeriodLabel) } GROUP BY ?timePeriodLabel ORDER BY ?timePeriodLabel",,
EFFKGQA0439,Please give me future demand change grouped by quarter?,future_demand,direct_capability,direct_graph_supported,auto_answer,capability_inventory,0,1,3,,"[{""avgPercentageChange"": ""13.012777777777777777777778"", ""quarterLabel"": ""Current Quarter""}, {""avgPercentageChange"": ""10.57695652173913047826087"", ""quarterLabel"": ""Q1 2026""}, {""avgPercentageChange"": ""22.595217391304347826086957"", ""quarterLabel"": ""Q2 2025""}]",SELECT ?quarterLabel (AVG(?pct) AS ?avgPercentageChange) WHERE { ?entry a survey:FutureDemandAnalysis ; survey:forTimePeriod ?quarter ; survey:percentageChange ?pct . ?quarter survey:periodLabel ?quarterLabel . } GROUP BY ?quarterLabel ORDER BY ?quarterLabel,,
EFFKGQA0440,Return a breakdown of semiconductor current demand by survey group.,regional_demand,llm_or_ranking,direct_graph_supported,auto_answer,capability_inventory,0,1,1,,"[{""surveyGroup"": ""Semiconductor"", ""totalDemand"": ""100.0""}]","SELECT ?surveyGroup (SUM(?demand) AS ?totalDemand) WHERE { BIND(""Semiconductor"" AS ?surveyGroup) ?entry a survey:DemandForRegion ; survey:hasSurveyOrigin ?origin ; survey:totalDemand ?demand . ?origin a survey:Semiconductor_Survey . } GROUP BY ?surveyGroup ORDER BY ?surveyGroup",,
EFFKGQA0441,Return vehicles sold grouped by vehicle type.,vehicle_sales,llm_or_ranking,llm_ranking,llm_ranking,infineon,1,5,0,,,"SELECT ?vehicleType (COUNT(?obs) AS ?observationCount) WHERE { ?obs a survey:VehicleSalesObservation ; survey:hasVehicleType ?veh . BIND(REPLACE(STR(?veh), '^.*/', '') AS ?vehicleType) } GROUP BY ?vehicleType",,
EFFKGQA0442,Summarize autonomous driving development by year.,autonomous_driving,llm_or_ranking,direct_graph_supported,auto_answer,capability_inventory,0,1,3,,"[{""avgPercentage"": ""42.0"", ""year"": ""2025""}, {""avgPercentage"": ""62.0"", ""year"": ""2026""}, {""avgPercentage"": ""82.0"", ""year"": ""2027""}]",SELECT ?year (AVG(?pct) AS ?avgPercentage) WHERE { ?entry a survey:AutonomousDrivingDevelopment ; survey:hasYear ?year ; survey:hasPercentage ?pct . } GROUP BY ?year ORDER BY ?year,,
EFFKGQA0443,Return the future demand analysis by region.,future_demand,direct_capability,direct_graph_supported,auto_answer,capability_inventory,0,1,3,,"[{""avgPercentageChange"": ""1993696.795238095238095238095238"", ""regionName"": ""Americas""}, {""avgPercentageChange"": ""1092445.9"", ""regionName"": ""Asia Pacific/All Other""}, {""avgPercentageChange"": ""2386112.016666666666666666666667"", ""regionName"": ""Asia Pacific/China""}]",SELECT ?regionName (AVG(?pct) AS ?avgPercentageChange) WHERE { ?entry a survey:DemandForRegion ; survey:inRegion ?region ; survey:totalDemandPercentageChange ?pct . ?region survey:regionName ?regionName . } GROUP BY ?regionName ORDER BY ?regionName,,
EFFKGQA0444,Give me Tier1 current demand grouped by survey group.,regional_demand,llm_or_ranking,direct_graph_supported,auto_answer,capability_inventory,0,1,1,,"[{""surveyGroup"": ""Tier1"", ""totalDemand"": ""100.0""}]","SELECT ?surveyGroup (SUM(?demand) AS ?totalDemand) WHERE { BIND(""Tier1"" AS ?surveyGroup) ?entry a survey:DemandForRegion ; survey:hasSurveyOrigin ?origin ; survey:totalDemand ?demand . ?origin a survey:Tier1_Survey . } GROUP BY ?surveyGroup ORDER BY ?surveyGroup",,
EFFKGQA0445,Compare sales volume across month.,vehicle_sales,llm_or_ranking,direct_graph_supported,auto_answer,capability_inventory,0,1,3,,"[{""monthLabel"": ""Apr 2023"", ""unitsSold"": ""6425650""}, {""monthLabel"": ""Apr 2024"", ""unitsSold"": ""6818720""}, {""monthLabel"": ""Apr 2025"", ""unitsSold"": ""7260983""}]","SELECT ?monthLabel (SUM(?units) AS ?unitsSold) WHERE { ?obs a survey:VehicleSalesObservation ; survey:forTimePeriod ?month ; survey:unitsSold ?units . OPTIONAL { ?month survey:periodLabel ?periodLabel . } BIND(COALESCE(?periodLabel, REPLACE(STR(?month), ""^.*/"", """")) AS ?monthLabel) } GROUP BY ?monthLabel ORDER BY ?monthLabel",,
EFFKGQA0446,Please return the future demand analysis by vehicle type?,future_demand,direct_capability,direct_graph_supported,auto_answer,capability_inventory,0,1,3,,"[{""avgPercentageChange"": ""1.505"", ""vehicleType"": ""BEHV""}, {""avgPercentageChange"": ""4.74375"", ""vehicleType"": ""BEV""}, {""avgPercentageChange"": ""0.845"", ""vehicleType"": ""ICE""}]","SELECT ?vehicleType (AVG(?pct) AS ?avgPercentageChange) WHERE { ?entry a survey:FutureDemandAnalysis ; survey:analyzesVehicleType ?vehicle ; survey:percentageChange ?pct . BIND(REPLACE(STR(?vehicle), ""^.*/"", """") AS ?vehicleType) } GROUP BY ?vehicleType ORDER BY ?vehicleType",,
EFFKGQA0447,Return a breakdown of current demand by vehicle type.,regional_demand,llm_or_ranking,llm_ranking,llm_ranking,infineon,1,5,0,,,"SELECT ?vehicleType (SUM(?demand) AS ?totalDemand) WHERE { ?entry a survey:CurrentDemandAnalysis ; survey:analyzesVehicleType ?vehicle ; survey:currentDemand ?demand . BIND(REPLACE(STR(?vehicle), '^.*/', '') AS ?vehicleType) } GROUP BY ?vehicleType ORDER BY DESC(?totalDemand)",,
EFFKGQA0448,Return cancellation participant counts grouped by technology category.,order_cancellation,llm_or_ranking,llm_ranking,llm_ranking,infineon,1,10,0,,,SELECT ?technologyCategoryName (SUM(?participantCount) AS ?sumParticipants) WHERE { ?entry a survey:OrderCancellation ; survey:forTechnologyCategory ?techCat ; survey:participantCount ?participantCount . ?techCat survey:technologyCategoryName ?technologyCategoryName . } GROUP BY ?technologyCategoryName,,
EFFKGQA0449,"Using the True Demand KG, return a breakdown of semiconductor current demand by vehicle type?",regional_demand,llm_or_ranking,llm_ranking,llm_ranking,infineon,1,5,0,,,"SELECT ?vehicleType ?demand WHERE { ?root a survey:CurrentDemandAnalysis ; survey:hasSurveyOrigin survey:Semiconductor_Survey ; survey:hasAggregatedResult ?entry . ?entry a survey:CurrentDemandAnalysis ; survey:analyzesVehicleType ?vehicle ; survey:currentDemand ?demand . BIND(REPLACE(STR(?vehicle), '^.*/', '') AS ?vehicleType) } ORDER BY DESC(?demand)",,
EFFKGQA0450,Summarize cancellation participant counts across technology category.,order_cancellation,llm_or_ranking,llm_ranking,llm_ranking,infineon,1,11,3,,"[{""sumParticipants"": ""3"", ""techLabel"": ""OrderCancellationChange_Semi_180nm_or_greater""}, {""sumParticipants"": ""3"", ""techLabel"": ""OrderCancellationChange_Semi_28nm_to_lt45nm""}, {""sumParticipants"": ""3"", ""techLabel"": ""OrderCancellationChange_Semi_10nm_to_lt28nm""}]","SELECT ?techLabel (SUM(?participants) AS ?sumParticipants) WHERE { ?entry a survey:OrderCancellation ; survey:forTechnologyCategory ?tech ; survey:participantCount ?participants . BIND(REPLACE(STR(?tech), '^.*/', '') AS ?techLabel) } GROUP BY ?techLabel",,
EFFKGQA0451,Summarize vehicle sales units over vehicle type.,vehicle_sales,llm_or_ranking,llm_ranking,llm_ranking,infineon,1,5,0,,,"SELECT ?vehicleType (SUM(?unitsSold) AS ?totalUnits) WHERE { ?obs a survey:VehicleSalesObservation ; survey:hasVehicleType ?vehicle ; survey:unitsSold ?unitsSold . BIND(REPLACE(STR(?vehicle), '^.*/', '') AS ?vehicleType) } GROUP BY ?vehicleType",,
EFFKGQA0452,Show future demand percentage changes by technology category.,future_demand,direct_capability,direct_graph_supported,auto_answer,capability_inventory,0,1,3,,"[{""avgPercentageChange"": ""12.24875"", ""technologyCategory"": ""TechCategory_%3C%3D_7nm""}, {""avgPercentageChange"": ""3.7225"", ""technologyCategory"": ""TechCategory_10nm_to_%3C28nm""}, {""avgPercentageChange"": ""36.1225"", ""technologyCategory"": ""TechCategory_180nm_or_greater""}]","SELECT ?technologyCategory (AVG(?pct) AS ?avgPercentageChange) WHERE { ?entry a survey:FutureDemandAnalysis ; survey:analyzesTechnologyCategory ?technology ; survey:percentageChange ?pct . OPTIONAL { ?technology survey:technologyCategoryName ?technologyName . } BIND(COALESCE(?technologyName, REPLACE(STR(?technology), ""^.*/"", """")) AS ?technologyCategory) } GROUP BY ?technologyCategory ORDER BY ?technologyCategory",,
EFFKGQA0453,"For the survey data, give me Tier1 current demand grouped by vehicle type?",regional_demand,llm_or_ranking,llm_ranking,llm_ranking,infineon,1,5,0,,,"SELECT ?vehicleType (COUNT(?entry) AS ?entryCount) WHERE { survey:Tier1CurrentDemand a survey:CurrentDemandAnalysis ; survey:hasAggregatedResult ?entry ; survey:hasSurveyOrigin survey:Tier1_Survey . ?entry a survey:CurrentDemandAnalysis ; survey:analyzesVehicleType ?vehicle . BIND(REPLACE(STR(?vehicle), '^.*/', '') AS ?vehicleType) } GROUP BY ?vehicleType ORDER BY ?vehicleType",,
EFFKGQA0454,"Using the True Demand KG, give me Tier1 current demand grouped by quarter?",regional_demand,llm_or_ranking,llm_ranking,llm_ranking,infineon,1,5,0,,,SELECT ?quarter (SUM(?unitsSold) AS ?totalDemand) WHERE { survey:Tier1CurrentDemand a survey:CurrentDemandAnalysis ; survey:hasAggregatedResult ?demandForRegion . ?demandForRegion a survey:DemandForRegion ; survey:forTimePeriod ?quarter ; survey:totalDemand ?unitsSold . } GROUP BY ?quarter ORDER BY ?quarter,,
EFFKGQA0455,Summarize semiconductor shortage responses across shortage status.,shortage,llm_or_ranking,direct_graph_supported,auto_answer,capability_inventory,0,1,2,,"[{""companyCount"": ""1"", ""shortageStatus"": ""no""}, {""companyCount"": ""2"", ""shortageStatus"": ""yes""}]","SELECT ?shortageStatus (COUNT(?company) AS ?companyCount) WHERE { BIND(""Semiconductor"" AS ?surveyGroup) ?company a survey:Company ; survey:hasSurveyOrigin ?origin ; survey:reportsShortage ?shortage . ?origin a survey:Semiconductor_Survey . BIND(IF(?shortage = true, ""yes"", ""no"") AS ?shortageStatus) } GROUP BY ?shortageStatus ORDER BY ?shortageStatus",,
EFFKGQA0456,How does OEM current demand vary by quarter?,regional_demand,llm_or_ranking,llm_ranking,llm_ranking,infineon,1,5,0,,,"SELECT ?quarterLabel ?pctChange WHERE { survey:OEMCurrentDemand a survey:CurrentDemandAnalysis ; survey:hasAggregatedResult ?entry ; survey:hasSurveyOrigin survey:OEM_Survey . ?entry a survey:CurrentDemandAnalysis ; survey:forTimePeriod ?quarter ; survey:percentageChange ?pctChange . ?quarter a survey:Quarter . BIND(REPLACE(STR(?quarter), '^.*/', '') AS ?quarterLabel) } ORDER BY ?quarterLabel",,
EFFKGQA0457,Compare self-driving development across SAE level.,autonomous_driving,llm_or_ranking,direct_graph_supported,auto_answer,capability_inventory,0,1,3,,"[{""avgPercentage"": ""42.0"", ""saeLevel"": ""SAE_Level_1""}, {""avgPercentage"": ""52.0"", ""saeLevel"": ""SAE_Level_2""}, {""avgPercentage"": ""62.0"", ""saeLevel"": ""SAE_Level_3""}]","SELECT ?saeLevel (AVG(?pct) AS ?avgPercentage) WHERE { ?entry a survey:AutonomousDrivingDevelopment ; survey:hasSAELevel ?sae ; survey:hasPercentage ?pct . BIND(REPLACE(STR(?sae), ""^.*/"", """") AS ?saeLevel) } GROUP BY ?saeLevel ORDER BY ?saeLevel",,
EFFKGQA0458,What is the total number of vehicles sold for each time period?,vehicle_sales,llm_or_ranking,llm_ranking,llm_ranking,infineon,1,5,3,,"[{""totalSold"": ""8352048"", ""tpLabel"": ""time_Mar_2026""}, {""totalSold"": ""7678947"", ""tpLabel"": ""time_Jun_2023""}, {""totalSold"": ""7529073"", ""tpLabel"": ""time_Jun_2024""}]","SELECT ?tpLabel (SUM(?unitsSold) AS ?totalSold) WHERE { ?obs a survey:VehicleSalesObservation ; survey:forTimePeriod ?tp ; survey:unitsSold ?unitsSold . BIND(REPLACE(STR(?tp), '^.*/', '') AS ?tpLabel) } GROUP BY ?tpLabel",,
EFFKGQA0459,"Using the True Demand KG, give me OEM current demand grouped by vehicle type?",regional_demand,llm_or_ranking,llm_ranking,llm_ranking,infineon,1,5,0,,,"SELECT ?vehicleType (SUM(?demand) AS ?totalDemand) WHERE { survey:OEMCurrentDemand survey:hasAggregatedResult ?entry . ?entry a survey:CurrentDemandAnalysis ; survey:hasSurveyOrigin survey:OEM_Survey ; survey:analyzesVehicleType ?vehicle ; survey:currentDemand ?demand . BIND(REPLACE(STR(?vehicle), '^.*/', '') AS ?vehicleType) } GROUP BY ?vehicleType ORDER BY DESC(?totalDemand)",,
EFFKGQA0460,How does OEM current demand vary by region?,regional_demand,llm_or_ranking,direct_graph_supported,auto_answer,capability_inventory,0,1,3,,"[{""regionName"": ""Americas"", ""totalDemand"": ""67744458.0""}, {""regionName"": ""Asia Pacific/All Other"", ""totalDemand"": ""37293303.0""}, {""regionName"": ""Asia Pacific/China"", ""totalDemand"": ""77885298.0""}]","SELECT ?regionName (SUM(?demand) AS ?totalDemand) WHERE { BIND(""OEM"" AS ?surveyGroup) ?entry a survey:DemandForRegion ; survey:hasSurveyOrigin ?origin ; survey:inRegion ?region ; survey:totalDemand ?demand . ?origin a survey:OEM_Survey . ?region survey:regionName ?regionName . } GROUP BY ?regionName ORDER BY ?regionName",,
EFFKGQA0461,Use the graph to show OEM current demand by survey group.,regional_demand,llm_or_ranking,direct_graph_supported,auto_answer,capability_inventory,0,1,1,,"[{""surveyGroup"": ""OEM"", ""totalDemand"": ""248769210.0""}]","SELECT ?surveyGroup (SUM(?demand) AS ?totalDemand) WHERE { BIND(""OEM"" AS ?surveyGroup) ?entry a survey:DemandForRegion ; survey:hasSurveyOrigin ?origin ; survey:totalDemand ?demand . ?origin a survey:OEM_Survey . } GROUP BY ?surveyGroup ORDER BY ?surveyGroup",,
EFFKGQA0462,Count order cancellation for each technology category.,order_cancellation,llm_or_ranking,direct_graph_supported,auto_answer,capability_inventory,0,1,3,,"[{""participantCount"": ""3"", ""technologyCategory"": ""OrderCancellationChange_Semi_10nm_to_lt28nm""}, {""participantCount"": ""3"", ""technologyCategory"": ""OrderCancellationChange_Semi_180nm_or_greater""}, {""participantCount"": ""3"", ""technologyCategory"": ""OrderCancellationChange_Semi_28nm_to_lt45nm""}]","SELECT ?technologyCategory (SUM(?participants) AS ?participantCount) WHERE { ?entry a survey:OrderCancellation ; survey:forTechnologyCategory ?technology ; survey:participantCount ?participants . BIND(REPLACE(STR(?technology), ""^.*/"", """") AS ?technologyCategory) } GROUP BY ?technologyCategory ORDER BY ?technologyCategory",,
EFFKGQA0463,What is the average SAE level development for each year?,autonomous_driving,llm_or_ranking,direct_graph_supported,auto_answer,capability_inventory,0,1,3,,"[{""avgPercentage"": ""22.0"", ""saeLevel"": ""SAE_Level_1"", ""year"": ""2025""}, {""avgPercentage"": ""42.0"", ""saeLevel"": ""SAE_Level_1"", ""year"": ""2026""}, {""avgPercentage"": ""62.0"", ""saeLevel"": ""SAE_Level_1"", ""year"": ""2027""}]","SELECT ?saeLevel ?year (AVG(?pct) AS ?avgPercentage) WHERE { ?entry a survey:AutonomousDrivingDevelopment ; survey:hasSAELevel ?sae ; survey:hasYear ?year ; survey:hasPercentage ?pct . BIND(REPLACE(STR(?sae), ""^.*/"", """") AS ?saeLevel) } GROUP BY ?saeLevel ?year ORDER BY ?saeLevel ?year",,
EFFKGQA0464,What is the total semiconductor current demand for each region?,regional_demand,llm_or_ranking,direct_graph_supported,auto_answer,capability_inventory,0,1,3,,"[{""regionName"": ""Americas"", ""totalDemand"": ""35.0""}, {""regionName"": ""Asia Pacific/All Other"", ""totalDemand"": ""10.0""}, {""regionName"": ""Asia Pacific/China"", ""totalDemand"": ""20.0""}]","SELECT ?regionName (SUM(?demand) AS ?totalDemand) WHERE { BIND(""Semiconductor"" AS ?surveyGroup) ?entry a survey:DemandForRegion ; survey:hasSurveyOrigin ?origin ; survey:inRegion ?region ; survey:totalDemand ?demand . ?origin a survey:Semiconductor_Survey . ?region survey:regionName ?regionName . } GROUP BY ?regionName ORDER BY ?regionName",,
EFFKGQA0465,Summarize inventory development across component.,inventory,llm_or_ranking,direct_graph_supported,auto_answer,capability_inventory,0,1,3,,"[{""component"": ""Component_EV"", ""participantTotal"": ""1"", ""trend"": ""Decrease""}, {""component"": ""Component_EV"", ""participantTotal"": ""1"", ""trend"": ""Increase""}, {""component"": ""Component_EV"", ""participantTotal"": ""3"", ""trend"": ""Stable""}]",SELECT ?component ?trend (SUM(?participants) AS ?participantTotal) WHERE { ?entry a survey:InventoryDevelopment_Tier1 ; survey:forComponent ?component ; survey:inventoryTrend ?trend ; survey:participantCount ?participants . } GROUP BY ?component ?trend ORDER BY ?component ?trend,,
EFFKGQA0466,"From the graph, what does future demand look like for each vehicle type?",future_demand,direct_capability,llm_ranking,llm_ranking,validated_retrieval,1,5,1,,"[{""avgFutureChange"": ""4.74375"", ""vehicleType"": ""BEV""}]","SELECT ?vehicleType (AVG(?pct) AS ?avgFutureChange) WHERE { ?entry a survey:FutureDemandAnalysis ; survey:analyzesVehicleType ?vehicle ; survey:percentageChange ?pct . BIND(REPLACE(STR(?vehicle), '^.*/', '') AS ?vehicleType) } GROUP BY ?vehicleType ORDER BY DESC(?avgFutureChange) LIMIT 1",,
EFFKGQA0467,Summarize semiconductor current demand per vehicle type.,regional_demand,llm_or_ranking,llm_ranking,llm_ranking,infineon,1,5,0,,,"SELECT ?vehicleType (SUM(?demand) AS ?totalDemand) WHERE { ?entry a survey:CurrentDemandAnalysis ; survey:hasSurveyOrigin survey:Semiconductor_Survey ; survey:analyzesVehicleType ?vehicle ; survey:percentageChange ?demand . BIND(REPLACE(STR(?vehicle), '^.*/', '') AS ?vehicleType) } GROUP BY ?vehicleType ORDER BY ?vehicleType",,
EFFKGQA0468,Which survey group has the highest autonomous driving percentage?,autonomous_driving,llm_or_ranking,llm_ranking,llm_ranking,infineon,1,5,0,,,SELECT ?surveyType (MAX(?percentage) AS ?maxPercentage) WHERE { VALUES (?surveyClass ?surveyType) { (survey:OEM_Survey 'OEM') (survey:Tier1_Survey 'Tier1') (survey:Semiconductor_Survey 'Semiconductor') } ?entry a survey:AutonomousDrivingDevelopment ; survey:hasPercentage ?percentage ; survey:hasSurveyOrigin ?origin . ?origin a ?surveyClass . } GROUP BY ?surveyType ORDER BY DESC(?maxPercentage) LIMIT 1,,
EFFKGQA0469,Which month has the highest actual vehicle sales?,vehicle_sales,llm_or_ranking,direct_graph_supported,auto_answer,capability_inventory,0,1,3,,"[{""monthLabel"": ""Apr 2023"", ""unitsSold"": ""6425650""}, {""monthLabel"": ""Aug 2023"", ""unitsSold"": ""7057393""}, {""monthLabel"": ""Dec 2023"", ""unitsSold"": ""8093262""}]","SELECT ?monthLabel (SUM(?units) AS ?unitsSold) WHERE { ?obs a survey:VehicleSalesObservation ; survey:isActualData true ; survey:forTimePeriod ?month ; survey:unitsSold ?units . OPTIONAL { ?month survey:periodLabel ?periodLabel . } BIND(COALESCE(?periodLabel, REPLACE(STR(?month), ""^.*/"", """")) AS ?monthLabel) } GROUP BY ?monthLabel ORDER BY ?monthLabel",,
EFFKGQA0470,Summarize actual vehicle sales over year.,vehicle_sales,llm_or_ranking,direct_graph_supported,auto_answer,capability_inventory,0,1,1,,"[{""unitsSold"": ""86125479"", ""year"": ""2023""}]","SELECT ?year (SUM(?units) AS ?unitsSold) WHERE { ?obs a survey:VehicleSalesObservation ; survey:isActualData true ; survey:forTimePeriod ?month ; survey:unitsSold ?units . OPTIONAL { ?month survey:periodLabel ?periodLabel . } BIND(COALESCE(?periodLabel, REPLACE(STR(?month), ""^.*/"", """")) AS ?label) BIND(REPLACE(STR(?label), ""^.*(20[0-9]{2}).*$"", ""$1"") AS ?year) } GROUP BY ?year ORDER BY ?year",,
EFFKGQA0471,Count shortage information for each shortage status.,shortage,llm_or_ranking,direct_graph_supported,auto_answer,capability_inventory,0,1,2,,"[{""companyCount"": ""3"", ""shortageStatus"": ""no""}, {""companyCount"": ""6"", ""shortageStatus"": ""yes""}]","SELECT ?shortageStatus (COUNT(?company) AS ?companyCount) WHERE { VALUES (?surveyClass ?surveyGroup) { (survey:OEM_Survey ""OEM"") (survey:Tier1_Survey ""Tier1"") (survey:Semiconductor_Survey ""Semiconductor"") } ?company a survey:Company ; survey:hasSurveyOrigin ?origin ; survey:reportsShortage ?shortage . ?origin a ?surveyClass . BIND(IF(?shortage = true, ""yes"", ""no"") AS ?shortageStatus) } GROUP BY ?shortageStatus ORDER BY ?shortageStatus",,
EFFKGQA0472,Summarize self-driving development by survey group.,autonomous_driving,llm_or_ranking,llm_ranking,llm_ranking,infineon,1,5,0,,,"SELECT ?surveyType (AVG(?percentage) AS ?avgPercentage) WHERE { VALUES (?surveyClass ?surveyType) { (survey:OEM_Survey 'OEM') (survey:Tier1_Survey 'Tier1') (survey:Semiconductor_Survey 'Semiconductor') } ?devClass a ?devType ; survey:hasSurveyOrigin ?origin ; survey:hasDetail ?entry . ?origin a ?surveyClass . FILTER(?devType IN (survey:AutonomousDrivingDevelopment_OEM, survey:AutonomousDrivingDevelopment_Tier1)) ?entry a survey:AutonomousDrivingDevelopment ; survey:hasPercentage ?percentage . } GROUP BY ?surveyType ORDER BY ?surveyType",,
EFFKGQA0473,What is the total number of vehicles sold for each month?,vehicle_sales,llm_or_ranking,direct_graph_supported,auto_answer,capability_inventory,0,1,3,,"[{""monthLabel"": ""Apr 2023"", ""unitsSold"": ""6425650""}, {""monthLabel"": ""Apr 2024"", ""unitsSold"": ""6818720""}, {""monthLabel"": ""Apr 2025"", ""unitsSold"": ""7260983""}]","SELECT ?monthLabel (SUM(?units) AS ?unitsSold) WHERE { ?obs a survey:VehicleSalesObservation ; survey:forTimePeriod ?month ; survey:unitsSold ?units . OPTIONAL { ?month survey:periodLabel ?periodLabel . } BIND(COALESCE(?periodLabel, REPLACE(STR(?month), ""^.*/"", """")) AS ?monthLabel) } GROUP BY ?monthLabel ORDER BY ?monthLabel",,
EFFKGQA0474,Show regional demand by survey group.,regional_demand,llm_or_ranking,direct_graph_supported,auto_answer,capability_inventory,0,1,3,,"[{""regionName"": ""Americas"", ""surveyGroup"": ""OEM"", ""totalDemand"": ""67744458.0""}, {""regionName"": ""Asia Pacific/All Other"", ""surveyGroup"": ""OEM"", ""totalDemand"": ""37293303.0""}, {""regionName"": ""Asia Pacific/China"", ""surveyGroup"": ""OEM"", ""totalDemand"": ""77885298.0""}]","SELECT ?surveyGroup ?regionName (SUM(?demand) AS ?totalDemand) WHERE { VALUES (?surveyClass ?surveyGroup) { (survey:OEM_Survey ""OEM"") (survey:Tier1_Survey ""Tier1"") (survey:Semiconductor_Survey ""Semiconductor"") } ?entry a survey:DemandForRegion ; survey:hasSurveyOrigin ?origin ; survey:inRegion ?region ; survey:totalDemand ?demand . ?origin a ?surveyClass . ?region survey:regionName ?regionName . } GROUP BY ?surveyGroup ?regionName ORDER BY ?surveyGroup ?regionName",,
EFFKGQA0475,Compare autonomous driving percentage across SAE level.,autonomous_driving,llm_or_ranking,direct_graph_supported,auto_answer,capability_inventory,0,1,3,,"[{""avgPercentage"": ""42.0"", ""saeLevel"": ""SAE_Level_1""}, {""avgPercentage"": ""52.0"", ""saeLevel"": ""SAE_Level_2""}, {""avgPercentage"": ""62.0"", ""saeLevel"": ""SAE_Level_3""}]","SELECT ?saeLevel (AVG(?pct) AS ?avgPercentage) WHERE { ?entry a survey:AutonomousDrivingDevelopment ; survey:hasSAELevel ?sae ; survey:hasPercentage ?pct . BIND(REPLACE(STR(?sae), ""^.*/"", """") AS ?saeLevel) } GROUP BY ?saeLevel ORDER BY ?saeLevel",,
EFFKGQA0476,Count shortage information for each survey group.,shortage,llm_or_ranking,direct_graph_supported,auto_answer,capability_inventory,0,1,3,,"[{""companyCount"": ""1"", ""shortageStatus"": ""no"", ""surveyGroup"": ""OEM""}, {""companyCount"": ""2"", ""shortageStatus"": ""yes"", ""surveyGroup"": ""OEM""}, {""companyCount"": ""1"", ""shortageStatus"": ""no"", ""surveyGroup"": ""Semiconductor""}]","SELECT ?surveyGroup ?shortageStatus (COUNT(?company) AS ?companyCount) WHERE { VALUES (?surveyClass ?surveyGroup) { (survey:OEM_Survey ""OEM"") (survey:Tier1_Survey ""Tier1"") (survey:Semiconductor_Survey ""Semiconductor"") } ?company a survey:Company ; survey:hasSurveyOrigin ?origin ; survey:reportsShortage ?shortage . ?origin a ?surveyClass . BIND(IF(?shortage = true, ""yes"", ""no"") AS ?shortageStatus) } GROUP BY ?surveyGroup ?shortageStatus ORDER BY ?surveyGroup ?shortageStatus",,
EFFKGQA0477,Give me regional demand grouped by region.,regional_demand,llm_or_ranking,direct_graph_supported,auto_answer,capability_inventory,0,1,3,,"[{""regionName"": ""Americas"", ""surveyGroup"": ""OEM"", ""totalDemand"": ""67744458.0""}, {""regionName"": ""Asia Pacific/All Other"", ""surveyGroup"": ""OEM"", ""totalDemand"": ""37293303.0""}, {""regionName"": ""Asia Pacific/China"", ""surveyGroup"": ""OEM"", ""totalDemand"": ""77885298.0""}]","SELECT ?surveyGroup ?regionName (SUM(?demand) AS ?totalDemand) WHERE { VALUES (?surveyClass ?surveyGroup) { (survey:OEM_Survey ""OEM"") (survey:Tier1_Survey ""Tier1"") (survey:Semiconductor_Survey ""Semiconductor"") } ?entry a survey:DemandForRegion ; survey:hasSurveyOrigin ?origin ; survey:inRegion ?region ; survey:totalDemand ?demand . ?origin a ?surveyClass . ?region survey:regionName ?regionName . } GROUP BY ?surveyGroup ?regionName ORDER BY ?surveyGroup ?regionName",,
EFFKGQA0478,Use the graph to show semiconductor current demand by quarter.,regional_demand,llm_or_ranking,llm_ranking,llm_ranking,infineon,1,5,0,,,"SELECT ?quarterLabel ?pctChange WHERE { ?root a survey:CurrentDemandAnalysis ; survey:hasSurveyOrigin survey:Semiconductor_Survey ; survey:hasAggregatedResult ?entry . ?entry survey:forTimePeriod ?quarter ; survey:percentageChange ?pctChange . BIND(REPLACE(STR(?quarter), '^.*/', '') AS ?quarterLabel) } ORDER BY ?quarterLabel",,
EFFKGQA0479,"For the survey data, give me Tier1 current demand grouped by survey group?",regional_demand,llm_or_ranking,direct_graph_supported,auto_answer,capability_inventory,0,1,1,,"[{""surveyGroup"": ""Tier1"", ""totalDemand"": ""100.0""}]","SELECT ?surveyGroup (SUM(?demand) AS ?totalDemand) WHERE { BIND(""Tier1"" AS ?surveyGroup) ?entry a survey:DemandForRegion ; survey:hasSurveyOrigin ?origin ; survey:totalDemand ?demand . ?origin a survey:Tier1_Survey . } GROUP BY ?surveyGroup ORDER BY ?surveyGroup",,
EFFKGQA0480,Can you return a breakdown of OEM current demand by survey group?,regional_demand,llm_or_ranking,direct_graph_supported,auto_answer,capability_inventory,0,1,1,,"[{""surveyGroup"": ""OEM"", ""totalDemand"": ""248769210.0""}]","SELECT ?surveyGroup (SUM(?demand) AS ?totalDemand) WHERE { BIND(""OEM"" AS ?surveyGroup) ?entry a survey:DemandForRegion ; survey:hasSurveyOrigin ?origin ; survey:totalDemand ?demand . ?origin a survey:OEM_Survey . } GROUP BY ?surveyGroup ORDER BY ?surveyGroup",,
EFFKGQA0481,Give me OEM current demand grouped by survey group.,regional_demand,llm_or_ranking,direct_graph_supported,auto_answer,capability_inventory,0,1,1,,"[{""surveyGroup"": ""OEM"", ""totalDemand"": ""248769210.0""}]","SELECT ?surveyGroup (SUM(?demand) AS ?totalDemand) WHERE { BIND(""OEM"" AS ?surveyGroup) ?entry a survey:DemandForRegion ; survey:hasSurveyOrigin ?origin ; survey:totalDemand ?demand . ?origin a survey:OEM_Survey . } GROUP BY ?surveyGroup ORDER BY ?surveyGroup",,
EFFKGQA0482,Summarize semiconductor shortage responses across technology category.,shortage,llm_or_ranking,llm_ranking,llm_ranking,infineon,1,12,0,,,"SELECT ?technologyCategoryName (SUM(IF(?Shortage = true, 1, 0)) AS ?ShortageYes) (SUM(IF(?Shortage = false, 1, 0)) AS ?ShortageNo) WHERE { ?Company a survey:Company ; survey:hasSurveyOrigin ?origin ; survey:reportsShortage ?Shortage ; survey:assignedTechnologyCategory ?techCat . ?origin a survey:Semiconductor_Survey . ?techCat a survey:TechnologyCategory ; survey:technologyCategoryName ?technologyCategoryName . } GROUP BY ?technologyCategoryName ORDER BY ?technologyCategoryName",,
EFFKGQA0483,Summarize companies reporting shortage across survey group.,shortage,llm_or_ranking,direct_graph_supported,auto_answer,capability_inventory,0,1,3,,"[{""companyCount"": ""1"", ""shortageStatus"": ""no"", ""surveyGroup"": ""OEM""}, {""companyCount"": ""2"", ""shortageStatus"": ""yes"", ""surveyGroup"": ""OEM""}, {""companyCount"": ""1"", ""shortageStatus"": ""no"", ""surveyGroup"": ""Semiconductor""}]","SELECT ?surveyGroup ?shortageStatus (COUNT(?company) AS ?companyCount) WHERE { VALUES (?surveyClass ?surveyGroup) { (survey:OEM_Survey ""OEM"") (survey:Tier1_Survey ""Tier1"") (survey:Semiconductor_Survey ""Semiconductor"") } ?company a survey:Company ; survey:hasSurveyOrigin ?origin ; survey:reportsShortage ?shortage . ?origin a ?surveyClass . BIND(IF(?shortage = true, ""yes"", ""no"") AS ?shortageStatus) } GROUP BY ?surveyGroup ?shortageStatus ORDER BY ?surveyGroup ?shortageStatus",,
EFFKGQA0484,Compare sales volume across year.,vehicle_sales,llm_or_ranking,direct_graph_supported,auto_answer,capability_inventory,0,1,3,,"[{""unitsSold"": ""86125479"", ""year"": ""2023""}, {""unitsSold"": ""88109476"", ""year"": ""2024""}, {""unitsSold"": ""90166856"", ""year"": ""2025""}]","SELECT ?year (SUM(?units) AS ?unitsSold) WHERE { ?obs a survey:VehicleSalesObservation ; survey:forTimePeriod ?month ; survey:unitsSold ?units . OPTIONAL { ?month survey:periodLabel ?periodLabel . } BIND(COALESCE(?periodLabel, REPLACE(STR(?month), ""^.*/"", """")) AS ?label) BIND(REPLACE(STR(?label), ""^.*(20[0-9]{2}).*$"", ""$1"") AS ?year) } GROUP BY ?year ORDER BY ?year",,
EFFKGQA0485,Summarize sales volume over month.,vehicle_sales,llm_or_ranking,direct_graph_supported,auto_answer,capability_inventory,0,1,3,,"[{""monthLabel"": ""Apr 2023"", ""unitsSold"": ""6425650""}, {""monthLabel"": ""Apr 2024"", ""unitsSold"": ""6818720""}, {""monthLabel"": ""Apr 2025"", ""unitsSold"": ""7260983""}]","SELECT ?monthLabel (SUM(?units) AS ?unitsSold) WHERE { ?obs a survey:VehicleSalesObservation ; survey:forTimePeriod ?month ; survey:unitsSold ?units . OPTIONAL { ?month survey:periodLabel ?periodLabel . } BIND(COALESCE(?periodLabel, REPLACE(STR(?month), ""^.*/"", """")) AS ?monthLabel) } GROUP BY ?monthLabel ORDER BY ?monthLabel",,
EFFKGQA0486,"From the graph, give me semiconductor current demand grouped by survey group?",regional_demand,llm_or_ranking,direct_graph_supported,auto_answer,capability_inventory,0,1,1,,"[{""surveyGroup"": ""Semiconductor"", ""totalDemand"": ""100.0""}]","SELECT ?surveyGroup (SUM(?demand) AS ?totalDemand) WHERE { BIND(""Semiconductor"" AS ?surveyGroup) ?entry a survey:DemandForRegion ; survey:hasSurveyOrigin ?origin ; survey:totalDemand ?demand . ?origin a survey:Semiconductor_Survey . } GROUP BY ?surveyGroup ORDER BY ?surveyGroup",,
EFFKGQA0487,"Future demand by quarter, please.",future_demand,direct_capability,direct_graph_supported,auto_answer,capability_inventory,0,1,3,,"[{""avgPercentageChange"": ""13.012777777777777777777778"", ""quarterLabel"": ""Current Quarter""}, {""avgPercentageChange"": ""10.57695652173913047826087"", ""quarterLabel"": ""Q1 2026""}, {""avgPercentageChange"": ""22.595217391304347826086957"", ""quarterLabel"": ""Q2 2025""}]",SELECT ?quarterLabel (AVG(?pct) AS ?avgPercentageChange) WHERE { ?entry a survey:FutureDemandAnalysis ; survey:forTimePeriod ?quarter ; survey:percentageChange ?pct . ?quarter survey:periodLabel ?quarterLabel . } GROUP BY ?quarterLabel ORDER BY ?quarterLabel,,
EFFKGQA0488,Please give me future demand change grouped by technology category?,future_demand,direct_capability,direct_graph_supported,auto_answer,capability_inventory,0,1,3,,"[{""avgPercentageChange"": ""12.24875"", ""technologyCategory"": ""TechCategory_%3C%3D_7nm""}, {""avgPercentageChange"": ""3.7225"", ""technologyCategory"": ""TechCategory_10nm_to_%3C28nm""}, {""avgPercentageChange"": ""36.1225"", ""technologyCategory"": ""TechCategory_180nm_or_greater""}]","SELECT ?technologyCategory (AVG(?pct) AS ?avgPercentageChange) WHERE { ?entry a survey:FutureDemandAnalysis ; survey:analyzesTechnologyCategory ?technology ; survey:percentageChange ?pct . OPTIONAL { ?technology survey:technologyCategoryName ?technologyName . } BIND(COALESCE(?technologyName, REPLACE(STR(?technology), ""^.*/"", """")) AS ?technologyCategory) } GROUP BY ?technologyCategory ORDER BY ?technologyCategory",,
EFFKGQA0489,Use the True Demand KG to show future demand by vehicle type.,future_demand,direct_capability,direct_graph_supported,auto_answer,capability_inventory,0,1,3,,"[{""avgPercentageChange"": ""1.505"", ""vehicleType"": ""BEHV""}, {""avgPercentageChange"": ""4.74375"", ""vehicleType"": ""BEV""}, {""avgPercentageChange"": ""0.845"", ""vehicleType"": ""ICE""}]","SELECT ?vehicleType (AVG(?pct) AS ?avgPercentageChange) WHERE { ?entry a survey:FutureDemandAnalysis ; survey:analyzesVehicleType ?vehicle ; survey:percentageChange ?pct . BIND(REPLACE(STR(?vehicle), ""^.*/"", """") AS ?vehicleType) } GROUP BY ?vehicleType ORDER BY ?vehicleType",,
EFFKGQA0490,Please show semiconductor current demand by vehicle type?,regional_demand,llm_or_ranking,llm_ranking,llm_ranking,infineon,1,5,0,,,"SELECT ?vehicleType ?pct WHERE { ?root a survey:CurrentDemandAnalysis ; survey:hasSurveyOrigin survey:Semiconductor_Survey ; survey:hasAggregatedResult ?entry . ?entry survey:analyzesVehicleType ?vehicle ; survey:percentageChange ?pct . BIND(REPLACE(STR(?vehicle), '^.*/', '') AS ?vehicleType) } ORDER BY ?vehicleType",,
EFFKGQA0491,Which vehicle type has the highest vehicles sold?,vehicle_sales,llm_or_ranking,llm_ranking,llm_ranking,infineon,1,1,0,,,"SELECT ?vehicleType (SUM(?unitsSold) AS ?totalSold) WHERE { ?obs a survey:VehicleSalesObservation ; survey:hasVehicleType ?vehicle ; survey:unitsSold ?unitsSold . BIND(REPLACE(STR(?vehicle), '^.*/', '') AS ?vehicleType) } GROUP BY ?vehicleType ORDER BY DESC(?totalSold) LIMIT 1",,
EFFKGQA0492,Show average self-driving development by vehicle type.,autonomous_driving,llm_or_ranking,direct_graph_supported,auto_answer,capability_inventory,0,1,3,,"[{""avgPercentage"": ""62.0"", ""vehicleType"": ""BEHV""}, {""avgPercentage"": ""62.0"", ""vehicleType"": ""BEV""}, {""avgPercentage"": ""62.0"", ""vehicleType"": ""ICE""}]","SELECT ?vehicleType (AVG(?pct) AS ?avgPercentage) WHERE { ?entry a survey:AutonomousDrivingDevelopment ; survey:hasVehicleType ?vehicle ; survey:hasPercentage ?pct . BIND(REPLACE(STR(?vehicle), ""^.*/"", """") AS ?vehicleType) } GROUP BY ?vehicleType ORDER BY ?vehicleType",,
EFFKGQA0493,Return actual vehicle sales grouped by vehicle type.,vehicle_sales,llm_or_ranking,llm_ranking,llm_ranking,infineon,1,5,0,,,"SELECT ?vehicleType (SUM(?unitsSold) AS ?totalSales) WHERE { ?obs a survey:VehicleSalesObservation ; survey:hasVehicleType ?veh ; survey:unitsSold ?unitsSold ; survey:isActualData true . BIND(REPLACE(STR(?veh), '^.*/', '') AS ?vehicleType) } GROUP BY ?vehicleType",,
EFFKGQA0494,Show reported shortages by survey group.,shortage,llm_or_ranking,direct_graph_supported,auto_answer,capability_inventory,0,1,3,,"[{""companyCount"": ""1"", ""shortageStatus"": ""no"", ""surveyGroup"": ""OEM""}, {""companyCount"": ""2"", ""shortageStatus"": ""yes"", ""surveyGroup"": ""OEM""}, {""companyCount"": ""1"", ""shortageStatus"": ""no"", ""surveyGroup"": ""Semiconductor""}]","SELECT ?surveyGroup ?shortageStatus (COUNT(?company) AS ?companyCount) WHERE { VALUES (?surveyClass ?surveyGroup) { (survey:OEM_Survey ""OEM"") (survey:Tier1_Survey ""Tier1"") (survey:Semiconductor_Survey ""Semiconductor"") } ?company a survey:Company ; survey:hasSurveyOrigin ?origin ; survey:reportsShortage ?shortage . ?origin a ?surveyClass . BIND(IF(?shortage = true, ""yes"", ""no"") AS ?shortageStatus) } GROUP BY ?surveyGroup ?shortageStatus ORDER BY ?surveyGroup ?shortageStatus",,
EFFKGQA0495,Return the future demand analysis by technology category.,future_demand,direct_capability,direct_graph_supported,auto_answer,capability_inventory,0,1,3,,"[{""avgPercentageChange"": ""12.24875"", ""technologyCategory"": ""TechCategory_%3C%3D_7nm""}, {""avgPercentageChange"": ""3.7225"", ""technologyCategory"": ""TechCategory_10nm_to_%3C28nm""}, {""avgPercentageChange"": ""36.1225"", ""technologyCategory"": ""TechCategory_180nm_or_greater""}]","SELECT ?technologyCategory (AVG(?pct) AS ?avgPercentageChange) WHERE { ?entry a survey:FutureDemandAnalysis ; survey:analyzesTechnologyCategory ?technology ; survey:percentageChange ?pct . OPTIONAL { ?technology survey:technologyCategoryName ?technologyName . } BIND(COALESCE(?technologyName, REPLACE(STR(?technology), ""^.*/"", """")) AS ?technologyCategory) } GROUP BY ?technologyCategory ORDER BY ?technologyCategory",,
EFFKGQA0496,Which technology category has the highest cancellation participant counts?,order_cancellation,llm_or_ranking,llm_ranking,llm_ranking,infineon,1,12,0,,,SELECT ?technologyCategoryName (SUM(?count) AS ?totalParticipants) WHERE { ?oc a survey:OrderCancellation ; survey:forTechnologyCategory ?tc ; survey:participantCount ?count . ?tc survey:technologyCategoryName ?technologyCategoryName . } GROUP BY ?technologyCategoryName ORDER BY DESC(?totalParticipants) LIMIT 1,,
EFFKGQA0497,What are the future demand changes for each vehicle type?,future_demand,direct_capability,direct_graph_supported,auto_answer,capability_inventory,0,1,3,,"[{""avgPercentageChange"": ""1.505"", ""vehicleType"": ""BEHV""}, {""avgPercentageChange"": ""4.74375"", ""vehicleType"": ""BEV""}, {""avgPercentageChange"": ""0.845"", ""vehicleType"": ""ICE""}]","SELECT ?vehicleType (AVG(?pct) AS ?avgPercentageChange) WHERE { ?entry a survey:FutureDemandAnalysis ; survey:analyzesVehicleType ?vehicle ; survey:percentageChange ?pct . BIND(REPLACE(STR(?vehicle), ""^.*/"", """") AS ?vehicleType) } GROUP BY ?vehicleType ORDER BY ?vehicleType",,
EFFKGQA0498,"From the graph, display future-demand percentage by region?",future_demand,direct_capability,direct_graph_supported,auto_answer,capability_inventory,0,1,3,,"[{""avgPercentageChange"": ""1993696.795238095238095238095238"", ""regionName"": ""Americas""}, {""avgPercentageChange"": ""1092445.9"", ""regionName"": ""Asia Pacific/All Other""}, {""avgPercentageChange"": ""2386112.016666666666666666666667"", ""regionName"": ""Asia Pacific/China""}]",SELECT ?regionName (AVG(?pct) AS ?avgPercentageChange) WHERE { ?entry a survey:DemandForRegion ; survey:inRegion ?region ; survey:totalDemandPercentageChange ?pct . ?region survey:regionName ?regionName . } GROUP BY ?regionName ORDER BY ?regionName,,
EFFKGQA0499,Use the graph to show semiconductor current demand by region.,regional_demand,llm_or_ranking,direct_graph_supported,auto_answer,capability_inventory,0,1,3,,"[{""regionName"": ""Americas"", ""totalDemand"": ""35.0""}, {""regionName"": ""Asia Pacific/All Other"", ""totalDemand"": ""10.0""}, {""regionName"": ""Asia Pacific/China"", ""totalDemand"": ""20.0""}]","SELECT ?regionName (SUM(?demand) AS ?totalDemand) WHERE { BIND(""Semiconductor"" AS ?surveyGroup) ?entry a survey:DemandForRegion ; survey:hasSurveyOrigin ?origin ; survey:inRegion ?region ; survey:totalDemand ?demand . ?origin a survey:Semiconductor_Survey . ?region survey:regionName ?regionName . } GROUP BY ?regionName ORDER BY ?regionName",,
EFFKGQA0500,Which year has the highest autonomous driving development?,autonomous_driving,llm_or_ranking,direct_graph_supported,auto_answer,capability_inventory,0,1,3,,"[{""avgPercentage"": ""42.0"", ""year"": ""2025""}, {""avgPercentage"": ""62.0"", ""year"": ""2026""}, {""avgPercentage"": ""82.0"", ""year"": ""2027""}]",SELECT ?year (AVG(?pct) AS ?avgPercentage) WHERE { ?entry a survey:AutonomousDrivingDevelopment ; survey:hasYear ?year ; survey:hasPercentage ?pct . } GROUP BY ?year ORDER BY ?year,,
