id,question,valid,row_count,needs_manual_review,review_reason,expected_family,expected_answer_shape,error,human_gold_valid,human_notes,semantic_audit_status,semantic_audit_notes
FINALKGQA001,How much OEM demand does the Americas region have on average?,True,1,False,,regional_demand,average,,,,,
FINALKGQA002,What is the number of Tier1 Automotive current-demand records associated with each of the baselines BL1 and BL2?,True,2,False,,current_demand_baselines,count,,,,,
FINALKGQA003,What is the total number of FutureDemandAnalysis records associated with Semiconductor surveys?,True,1,False,,future_demand,count,,,,,
FINALKGQA004,What are the total annual sales figures broken down by vehicle type and year?,True,6,False,,vehicle_sales,sum,,,,,
FINALKGQA005,Identify the combination of vehicle type and SAE level with the greatest proportion of autonomous driving adoption?,True,1,False,,autonomous_driving,ranking_top,,,,,
FINALKGQA006,What is the total number of order cancellation responses grouped by semiconductor technology category?,True,15,False,,order_cancellation,sum,,correct,Correct after repair: returns one summed order-cancellation response/participant count per semiconductor technology category.,correct,Correct after repair: returns one summed order-cancellation response/participant count per semiconductor technology category.
FINALKGQA007,"What is the number of companies indicating a shortage, broken down by each survey type?",True,6,False,,shortage,count,,,,,
FINALKGQA008,How many Tier1 inventory trends are recorded for each component?,True,9,False,,inventory,count,,,,correct,Returns Tier1 inventory trend counts for each component; component and trend breakdown matches the question.
FINALKGQA009,Which technology categories show their current demand figures along with the percentage change?,True,5,False,,catalog_lookup,raw_or_lookup,,,,,
FINALKGQA010,What is the total OEM demand broken down by region and quarter?,True,35,False,,regional_demand,sum,,,,,
FINALKGQA011,"Among Tier1 Automotive baselines, which one exhibits the greatest mean percentage change in current demand?",True,1,False,,current_demand_baselines,ranking_top,,,,,
FINALKGQA012,What is the total projected semiconductor demand by technology category for each upcoming quarter?,True,40,False,,future_demand,sum,,,,,
FINALKGQA013,How many vehicle sales units are forecasted in total according to the records?,True,1,False,,vehicle_sales,sum,,,,,
FINALKGQA014,What is the average percentage of autonomous driving capability for each type of vehicle over the years?,True,9,False,,autonomous_driving,average,,correct,"Manual semantic spot check: query returns year, vehicle type, and average autonomous-driving percentage, matching the requested grouped average over years.",correct,"Manual semantic spot check: query returns year, vehicle type, and average autonomous-driving percentage, matching the requested grouped average over years."
FINALKGQA015,What is the number of OrderCancellation records associated with the Semiconductor survey?,True,1,False,,order_cancellation,count,,,,,
FINALKGQA016,What is the number of Tier1 companies that have not indicated a semiconductor shortage in their reports?,True,1,False,,shortage,count,,,,,
FINALKGQA017,Which Tier1 inventory trend data points are available for each component?,True,18,False,,inventory,raw_or_lookup,,correct,Correct: raw Tier1 inventory trend observations are returned with component labels; GROUP BY is not required for a raw/list-style question.,correct,Correct: raw Tier1 inventory trend observations are returned with component labels; GROUP BY is not required for a raw/list-style question.
FINALKGQA018,Which regions are included in the available data?,True,5,False,,catalog_lookup,raw_or_lookup,,,,,
FINALKGQA019,How much OEM demand is there in total for the Americas region?,True,1,False,,regional_demand,sum,,,,correct,Returns total OEM demand for Americas; matches the question.
FINALKGQA020,What is the total percentage change in current demand for BL1 and BL2 within Tier1?,True,2,False,,current_demand_baselines,sum,,,,,
FINALKGQA021,What is the total future demand percentage for each region and quarter according to OEM data?,True,35,False,,future_demand,sum,,correct,"Manual semantic spot check: query returns quarter, region, and OEM future-demand percentage/share values, matching the requested region-quarter breakdown.",correct,"Manual semantic spot check: query returns quarter, region, and OEM future-demand percentage/share values, matching the requested region-quarter breakdown."
FINALKGQA022,Identify the month with the greatest number of forecasted vehicle sales?,True,1,False,,vehicle_sales,ranking_top,,,,,
FINALKGQA023,Which vehicle type accounts for the highest percentage at Level 5 autonomy?,True,1,False,,autonomous_driving,ranking_top,,,,,
FINALKGQA024,What is the total number of OrderCancellation records available?,True,1,False,,order_cancellation,count,,,,,
FINALKGQA025,How many OEM companies reported experiencing a shortage compared to those that did not?,True,2,False,,shortage,count,,,,,
FINALKGQA026,Identify the component with the highest total number of Tier1 inventory participants?,True,1,False,,inventory,ranking_top,,correct,Correct: sums Tier1 inventory participants by component and returns the top component.,correct,Correct: sums Tier1 inventory participants by component and returns the top component.
FINALKGQA027,What is the total number of unique regions represented in the survey data?,True,1,False,,catalog_lookup,count,,,,,
FINALKGQA028,How does the average demand percentage for the Semiconductor survey change each quarter?,True,7,False,,regional_demand,average,,,,correct,Returns average Semiconductor demand percentage by quarter; matches the question.
FINALKGQA029,How much does the Tier1 current demand percentage change differ between BL1 and BL2 in total?,True,1,False,,current_demand_baselines,sum,,,,correct,"Returns BL1 sum, BL2 sum, and BL1-BL2 delta for Tier1 current demand; matches the requested total difference."
FINALKGQA030,"What is the total future demand percentage for Semiconductor products, broken down by quarter and region?",True,35,False,,future_demand,sum,,,,,
FINALKGQA031,Identify the vehicle type with the greatest total sales in a year?,True,1,False,,vehicle_sales,ranking_top,,,,,
FINALKGQA032,What is the average level of autonomous driving development when comparing different vehicle types and SAE levels?,True,15,False,,autonomous_driving,average,,,,,
FINALKGQA033,Identify the order cancellation response type that involves the highest number of participants?,True,1,False,,order_cancellation,ranking_top,,,,correct,Returns the order-cancellation response type with the highest participant count; matches the question.
FINALKGQA034,What is the number of OEM companies that have indicated experiencing a semiconductor shortage?,True,1,False,,shortage,count,,,,correct,Counts OEM companies with reportsShortage=true; matches the requested number of OEM companies indicating shortage.
FINALKGQA035,What is the total Tier1 inventory response for each component and trend combination?,True,9,False,,inventory,sum,,,,,
FINALKGQA036,What is the total number of companies associated with the Tier1 survey?,True,1,False,,catalog_lookup,count,,,,,
FINALKGQA037,What is the number of DemandForRegion records associated with Tier1 survey data?,True,1,False,,regional_demand,count,,correct,Correct: counts DemandForRegion records associated with Tier1 survey data.,correct,Correct: counts DemandForRegion records associated with Tier1 survey data.
FINALKGQA038,How much does the current-demand change on average for Tier1 companies in the Automotive sector at BL1 and BL2 levels?,True,2,False,,current_demand_baselines,average,,,,,
FINALKGQA039,Identify the technology category with the greatest average percentage change in projected demand?,True,1,False,,future_demand,ranking_top,,,,correct,Returns the technology category with the highest average projected future-demand percentage change; matches the top-category question.
FINALKGQA040,What is the total number of vehicles sold each month based on actual sales data?,True,12,False,,vehicle_sales,sum,,,,,
FINALKGQA041,What is the mean percentage of autonomous driving development for each year?,True,3,False,,autonomous_driving,average,,,,,
FINALKGQA042,Which technology categories and response types are associated with each order-cancellation participant observation?,True,15,False,,order_cancellation,raw_or_lookup,,,,,
FINALKGQA043,How many semiconductor companies reported experiencing a shortage compared to those that did not?,True,2,False,,shortage,count,,,,correct,Returns yes/no shortage counts for semiconductor companies; matches the question.
FINALKGQA044,What is the most frequently occurring pairing of semiconductor technology category and inventory trend?,True,1,False,,inventory,ranking_top,,,,,
FINALKGQA045,"What kinds of surveys are included across Tier1, OEM, and Semiconductor categories?",True,3,False,,catalog_lookup,raw_or_lookup,,correct,"Correct: returns the three survey classes/types present for Tier1, OEM, and Semiconductor.",correct,"Correct: returns the three survey classes/types present for Tier1, OEM, and Semiconductor."
FINALKGQA046,How does the average demand compare among different survey types when considering all regions?,True,3,False,,regional_demand,average,,correct,"Manual semantic spot check: query returns survey type and average demand across regions, matching the requested comparison among survey types.",correct,"Manual semantic spot check: query returns survey type and average demand across regions, matching the requested comparison among survey types."
FINALKGQA047,What is the combined percentage change in current demand for BL1 and BL2 among Tier1 automotive respondents?,True,1,False,,current_demand_baselines,sum,,,,,
FINALKGQA048,What is the average percentage change in projected demand for each vehicle type by quarter?,True,24,False,,future_demand,average,,,,,
FINALKGQA049,How many vehicle-sales units have been recorded in total?,True,1,False,,vehicle_sales,sum,,,,,
FINALKGQA050,"How does the average autonomous-driving development for OEMs differ across vehicle types, SAE levels, and years?",True,45,False,,autonomous_driving,average,,,,,
FINALKGQA051,What is the total number of OrderCancellation records associated with OEM survey data?,True,1,False,,order_cancellation,count,,,,,
FINALKGQA052,How many OEM companies reported experiencing a shortage compared to those that did not?,True,2,False,,shortage,count,,,,,
FINALKGQA053,How many semiconductor inventory trends are tracked for each technology category?,True,9,False,,inventory,count,,,,correct,Returns semiconductor inventory trend counts by technology category and trend; matches the question as a trend distribution per technology category.
FINALKGQA054,Identify the technology category with the highest current demand?,True,1,False,,catalog_lookup,ranking_top,,,,,
FINALKGQA055,Identify the regions where Tier1 current demand reaches its maximum total?,True,5,False,,regional_demand,sum,,,,,
FINALKGQA056,List the percentage changes for Tier1 automotive baselines BL1 and BL2?,True,2,False,,current_demand_baselines,raw_or_lookup,,,,,
FINALKGQA057,"What is the total projected demand for Option1, Option2, and Option3 in the Automotive sector for each quarter?",True,8,False,,future_demand,sum,,,,,
FINALKGQA058,What is the number of vehicle sales observations categorized as actual compared to those labeled as forecast?,True,2,False,,vehicle_sales,count,,,,,
FINALKGQA059,"How does the average autonomous-driving development for Tier1 suppliers break down across different vehicle types, SAE levels, and years?",True,45,False,,autonomous_driving,average,,,,,
FINALKGQA060,How does the total number of order cancellations vary among different semiconductor technology categories?,True,5,False,,order_cancellation,sum,,,,,
FINALKGQA061,How many Tier1 companies reported experiencing a shortage compared to those that did not?,True,2,False,,shortage,count,,,,,
FINALKGQA062,"What is the total inventory for EV, non-EV, and mixed component categories?",True,3,False,,inventory,sum,,,,,
FINALKGQA063,What is the total number of companies listed in the system?,True,1,False,,catalog_lookup,count,,,,correct,Counts companies listed in the system; matches the question.
FINALKGQA064,What is the total percentage change in Tier1 demand across different regions and quarters?,True,35,False,,regional_demand,sum,,,,,
FINALKGQA065,How much does the current demand for Tier1 differ between BL1 and BL2?,True,1,False,,current_demand_baselines,sum,,,,,
FINALKGQA066,What is the total number of FutureDemandAnalysis records associated with OEM surveys?,True,1,False,,future_demand,count,,,,correct,Counts FutureDemandAnalysis records linked to OEM survey origins; matches the requested OEM-associated future-demand record count.
FINALKGQA067,What are the total vehicle sales units reported each month in the actual data?,True,12,False,,vehicle_sales,sum,,,,correct,Returns monthly actual vehicle-sales unit totals; matches the question.
FINALKGQA068,"What is the average percentage of autonomous driving for each vehicle, SAE level, and year, grouped by OEM?",True,45,False,,autonomous_driving,average,,,,,
FINALKGQA069,How many semiconductor order cancellation responses are recorded for each technology category and response type?,True,15,False,,order_cancellation,sum,,correct,Correct: sums semiconductor order-cancellation participant counts by technology category and response type.,correct,Correct: sums semiconductor order-cancellation participant counts by technology category and response type.
FINALKGQA070,What is the number of semiconductor companies that have indicated experiencing a semiconductor shortage?,True,1,False,,shortage,count,,,,,
FINALKGQA071,"What is the number of inventory records for Tier1 companies that are classified as increase, stable, or decrease?",True,3,False,,inventory,count,,,,correct,Counts Tier1 inventory records by increase/stable/decrease trend; matches the question.
FINALKGQA072,What is the total number of TechnologyCategory entries in the system?,True,1,False,,catalog_lookup,count,,,,,
FINALKGQA073,"For each quarter, what is the number of demand records reported in every survey type?",True,21,False,,regional_demand,count,,correct,"Manual semantic spot check: query returns survey type, quarter, and demand-record count, matching the requested count by quarter and survey type. Survey type is returned as URI but the grouping is correct.",correct,"Manual semantic spot check: query returns survey type, quarter, and demand-record count, matching the requested count by quarter and survey type. Survey type is returned as URI but the grouping is correct."
FINALKGQA074,What is the combined percentage change for BL1 and BL2 in Tier1 Automotive current demand according to the survey data?,True,2,False,,current_demand_baselines,sum,,,,,
FINALKGQA075,What are the future-demand percentages for each technology category in every quarter?,True,120,False,,future_demand,raw_or_lookup,,correct,Correct: returns raw future-demand percentage records by technology category and quarter; repeated rows reflect underlying records.,correct,Correct: returns raw future-demand percentage records by technology category and quarter; repeated rows reflect underlying records.
FINALKGQA076,What is the total number of VehicleSalesObservation entries available?,True,1,False,,vehicle_sales,count,,,,,
FINALKGQA077,How does the average autonomous driving development differ across vehicle types and SAE levels among Tier1 suppliers?,True,45,False,,autonomous_driving,average,,,,,
FINALKGQA078,What is the total number of OrderCancellation records associated with Tier1 survey responses?,True,1,False,,order_cancellation,count,,correct,Correct: counts OrderCancellation records linked to Tier1 survey responses; result is 0 against the loaded KG.,correct,Correct: counts OrderCancellation records linked to Tier1 survey responses; result is 0 against the loaded KG.
FINALKGQA079,What is the number of OEM companies that have not indicated experiencing a semiconductor shortage?,True,1,False,,shortage,count,,,,,
FINALKGQA080,What is the total number of Tier1 inventory participants for each component?,True,3,False,,inventory,sum,,,,correct,"Semantically valid: question explicitly asks total number of Tier1 inventory participants for each component, and the query sums participantCount per component."
FINALKGQA081,"Which OEMs have experienced a change in current demand percentage for BEV, BEHV, and ICE vehicle types?",True,3,False,,catalog_lookup,raw_or_lookup,,,,,
FINALKGQA082,What is the total number of DemandForRegion records available?,True,1,False,,regional_demand,count,,,,,
FINALKGQA083,Which baseline types are present in the available data?,True,5,False,,current_demand_baselines,raw_or_lookup,,,,,
FINALKGQA084,What is the average change in future demand for each technology bucket by quarter?,True,40,False,,future_demand,average,,,,,
FINALKGQA085,"What are the total vehicle sales for each month, both actual and forecasted?",True,48,False,,vehicle_sales,sum,,,,,
FINALKGQA086,What is the total number of distinct SAE levels included?,True,1,False,,autonomous_driving,count,,,,,
FINALKGQA087,How many order cancellation responses are recorded for each semiconductor technology category?,True,15,False,,order_cancellation,sum,,correct,Correct after repair: returns one summed order-cancellation response/participant count per semiconductor technology category.,correct,Correct after repair: returns one summed order-cancellation response/participant count per semiconductor technology category.
FINALKGQA088,Which companies indicated experiencing a shortage of semiconductors in their survey responses?,True,6,False,,shortage,raw_or_lookup,,correct,Correct: lists companies reporting shortage and includes their survey type; response-type flag is a false positive from the word responses.,correct,Correct: lists companies reporting shortage and includes their survey type; response-type flag is a false positive from the word responses.
FINALKGQA089,What is the number of Tier1 inventory trends associated with each component?,True,9,False,,inventory,count,,correct,"Manual semantic spot check: query returns Tier1 component, inventory trend, and count, matching the requested count of inventory trends by component.",correct,"Manual semantic spot check: query returns Tier1 component, inventory trend, and count, matching the requested count of inventory trends by component."
FINALKGQA090,What is the total number of companies associated with the Semiconductor survey?,True,1,False,,catalog_lookup,count,,,,,
FINALKGQA091,How much demand is reported in each region according to the OEM survey?,True,5,False,,regional_demand,sum,,,,correct,Returns OEM demand totals by region; matches the question.
FINALKGQA092,"For baselines BL1 and BL2, what is the total count of Tier1 Automotive current-demand entries documented under each?",True,2,False,,current_demand_baselines,count,,,,,
FINALKGQA093,What is the total percentage change in projected demand for each technology category across different quarters?,True,40,False,,future_demand,sum,,,,,
FINALKGQA094,During which month were actual vehicle sales at their peak?,True,1,False,,vehicle_sales,ranking_top,,,,,
FINALKGQA095,What is the total number of AutonomousDrivingDevelopment records available?,True,1,False,,autonomous_driving,count,,,,,
FINALKGQA096,How many OrderCancellation items are connected to the Semiconductor survey?,True,1,False,,order_cancellation,count,,,,,
FINALKGQA097,What is the number of semiconductor companies that have not indicated experiencing a semiconductor shortage?,True,1,False,,shortage,count,,,,,
FINALKGQA098,Show the Tier1 inventory trend values broken down by component?,True,18,False,,inventory,raw_or_lookup,,correct,Correct: returns Tier1 inventory trend values with component labels; no aggregation is requested.,correct,Correct: returns Tier1 inventory trend values with component labels; no aggregation is requested.
FINALKGQA099,Which conversion factors correspond to each combination of technology category and vehicle type?,True,15,False,,catalog_lookup,raw_or_lookup,,,,,
FINALKGQA100,What is the number of Tier1 demand records associated with the Americas region?,True,1,False,,regional_demand,count,,,,,
FINALKGQA101,Identify the Tier1 Automotive baseline with the highest average percentage change in current demand?,True,1,False,,current_demand_baselines,ranking_top,,,,,
FINALKGQA102,Identify the vehicle type with the greatest average change in projected demand?,True,1,False,,future_demand,ranking_top,,,,,
FINALKGQA103,What is the total number of vehicles forecasted to be sold each month?,True,36,False,,vehicle_sales,sum,,correct,Correct: returns monthly SUM of forecast vehicle-sales units.,correct,Correct: returns monthly SUM of forecast vehicle-sales units.
FINALKGQA104,What is the vehicle type and SAE level pairing with the largest percentage of autonomous driving?,True,1,False,,autonomous_driving,ranking_top,,,,correct,Returns the vehicle type and SAE-level pairing with the maximum autonomous-driving percentage; top-ranked shape matches the question.
FINALKGQA105,How many OrderCancellation entries are recorded in the system?,True,1,False,,order_cancellation,count,,,,,
FINALKGQA106,"Among all survey types, which one is associated with the highest number of companies indicating a shortage?",True,1,False,,shortage,ranking_top,,,,,
FINALKGQA107,Which component accounts for the greatest number of Tier1 inventory participants?,True,1,False,,inventory,ranking_top,,correct,Correct: sums Tier1 inventory participants by component and returns the top component.,correct,Correct: sums Tier1 inventory participants by component and returns the top component.
FINALKGQA108,"For each Tier1 company, what is the number of active component share categories they possess?",True,3,False,,catalog_lookup,count,,,,,
FINALKGQA109,How do the total and average demand figures appear in the Tier1 survey results?,True,1,False,,regional_demand,average,,,,,
FINALKGQA110,How much do the percentage changes in current demand for BL1 and BL2 add up to for Tier1?,True,2,False,,current_demand_baselines,sum,,,,,
FINALKGQA111,What is the number of FutureDemandAnalysis records associated with Tier1 survey data?,True,1,False,,future_demand,count,,,,,
FINALKGQA112,How do the total sales numbers differ across vehicle types for each year?,True,6,False,,vehicle_sales,sum,,,,,
FINALKGQA113,How do the average autonomous-driving percentages compare among different vehicle types throughout the years?,True,9,False,,autonomous_driving,average,,,,,
FINALKGQA114,Which order cancellation response type accounts for the largest participant total?,True,1,False,,order_cancellation,ranking_top,,correct,Correct: returns the order-cancellation response type with the largest participant total.,correct,Correct: returns the order-cancellation response type with the largest participant total.
FINALKGQA115,How many Tier1 companies reported experiencing a shortage compared to those that did not?,True,2,False,,shortage,count,,,,,
FINALKGQA116,"For each component and trend, what is the combined Tier1 inventory response?",True,9,False,,inventory,sum,,,,,
FINALKGQA117,What are the names of all technology categories available?,True,5,False,,catalog_lookup,raw_or_lookup,,correct,"Manual semantic spot check: query returns distinct technology category names, matching the requested catalog lookup.",correct,"Manual semantic spot check: query returns distinct technology category names, matching the requested catalog lookup."
FINALKGQA118,How much semiconductor demand does the Americas region have on average?,True,1,False,,regional_demand,average,,,,,
FINALKGQA119,What is the total difference in Tier1 current demand percentage change from BL1 to BL2?,True,1,False,,current_demand_baselines,sum,,,,,
FINALKGQA120,What is the total number of FutureDemandAnalysis records available?,True,1,False,,future_demand,count,,,,,
FINALKGQA121,What is the combined forecasted vehicle sales unit count from all available records?,True,1,False,,vehicle_sales,sum,,correct,"Manual semantic spot check: query returns one aggregate SUM of forecast vehicle sales units, matching the requested combined forecast sales total.",correct,"Manual semantic spot check: query returns one aggregate SUM of forecast vehicle sales units, matching the requested combined forecast sales total."
FINALKGQA122,Identify the vehicle type with the largest percentage representation at Level 5 autonomy?,True,1,False,,autonomous_driving,ranking_top,,,,,
FINALKGQA123,"For each order-cancellation participant observation, what are the corresponding technology category and response type?",True,15,False,,order_cancellation,raw_or_lookup,,correct,"Correct: returns each order-cancellation observation with technology category, response type, and participant count.",correct,"Correct: returns each order-cancellation observation with technology category, response type, and participant count."
FINALKGQA124,What is the number of Tier1 companies that have indicated experiencing a semiconductor shortage?,True,1,False,,shortage,count,,,,,
FINALKGQA125,Which combination of semiconductor technology category and inventory trend is observed with the highest frequency?,True,1,False,,inventory,ranking_top,,,,,
FINALKGQA126,What is the total number of Quarter entities present?,True,1,False,,catalog_lookup,count,,,,,
FINALKGQA127,Identify the region with the smallest overall demand according to the Tier1 survey results?,True,1,False,,regional_demand,ranking_top,,,,,
FINALKGQA128,"For Tier1 organizations in Automotive, what is the mean change in current-demand at both BL1 and BL2?",True,2,False,,current_demand_baselines,average,,,,,
FINALKGQA129,What is the total projected Tier1 demand in each region for every upcoming quarter?,True,35,False,,future_demand,sum,,correct,Correct: returns Tier1 projected/future demand by region and quarter using the repaired DemandForRegion path.,correct,Correct: returns Tier1 projected/future demand by region and quarter using the repaired DemandForRegion path.
FINALKGQA130,During which month are forecasted vehicle sales expected to reach their peak?,True,1,False,,vehicle_sales,ranking_top,,,,,
FINALKGQA131,"Across various vehicle types and SAE levels, what is the mean autonomous driving development level observed?",True,15,False,,autonomous_driving,average,,,,,
FINALKGQA132,How many OrderCancellation records are connected to OEM survey responses?,True,1,False,,order_cancellation,count,,correct,Manual semantic spot check: query returns a count of OEM-linked OrderCancellation records. A zero count is valid for this count question.,correct,Manual semantic spot check: query returns a count of OEM-linked OrderCancellation records. A zero count is valid for this count question.
FINALKGQA133,"How many companies are reported as experiencing shortages in each of the Tier1, OEM, and Semiconductor survey results?",True,6,False,,shortage,count,,,,correct,"Returns shortage yes/no counts for each survey type; matches the requested comparison across Tier1, OEM, and Semiconductor."
FINALKGQA134,What is the number of semiconductor inventory trends associated with each technology category?,True,9,False,,inventory,count,,,,,
FINALKGQA135,Which quarter names are present in the data collection?,True,8,False,,catalog_lookup,raw_or_lookup,,,,,
FINALKGQA136,How much Semiconductor demand is recorded in the Americas region in total?,True,1,False,,regional_demand,sum,,,,,
FINALKGQA137,How much do the percentage changes in current demand for BL1 and BL2 add up to for Tier1 automotive participants?,True,1,False,,current_demand_baselines,sum,,,,,
FINALKGQA138,How many FutureDemandAnalysis items have connections to Semiconductor surveys?,True,1,False,,future_demand,count,,,,,
FINALKGQA139,What vehicle type records the largest total sales over a year?,True,1,False,,vehicle_sales,ranking_top,,,,,
FINALKGQA140,How does the average percentage of autonomous driving development vary by year?,True,3,False,,autonomous_driving,average,,,,,
FINALKGQA141,Which semiconductor technology categories have experienced the highest overall order cancellations?,True,5,False,,order_cancellation,sum,,,,,
FINALKGQA142,How many semiconductor companies reported experiencing a shortage compared to those that did not?,True,2,False,,shortage,count,,,,,
FINALKGQA143,"Could you provide the overall inventory amounts for EV, non-EV, and mixed components?",True,3,False,,inventory,sum,,,,,
FINALKGQA144,What is the total number of companies associated with the OEM survey?,True,1,False,,catalog_lookup,count,,correct,Correct: counts companies associated with the OEM survey.,correct,Correct: counts companies associated with the OEM survey.
FINALKGQA145,Identify the regions where OEM current demand reaches its highest total?,True,5,False,,regional_demand,sum,,,,,
FINALKGQA146,Show the percentage changes associated with Tier1 automotive baselines BL1 and BL2?,True,2,False,,current_demand_baselines,raw_or_lookup,,,,,
FINALKGQA147,Show the aggregate future semiconductor demand broken down by technology category and quarter?,True,40,False,,future_demand,sum,,,,,
FINALKGQA148,How many vehicles were sold in total in each month according to actual sales figures?,True,12,False,,vehicle_sales,sum,,,,,
FINALKGQA149,"Across different vehicle types, SAE levels, and years, what is the mean value of autonomous-driving development associated with OEMs?",True,45,False,,autonomous_driving,average,,,,,
FINALKGQA150,Show the total number of semiconductor order cancellation responses grouped according to technology category and response type?,True,15,False,,order_cancellation,sum,,correct,Correct: sums semiconductor order-cancellation participant counts by technology category and response type.,correct,Correct: sums semiconductor order-cancellation participant counts by technology category and response type.
FINALKGQA151,"For each survey type, what is the count of companies that have reported a shortage?",True,6,False,,shortage,count,,,,correct,Returns shortage yes/no counts grouped by survey type; matches the requested per-survey-type shortage count.
FINALKGQA152,"How many inventory items among Tier1 companies fall into the categories of increase, stable, or decrease?",True,3,False,,inventory,count,,,,,
FINALKGQA153,"What are the technology categories, including their present demand and the corresponding percentage changes?",True,5,False,,catalog_lookup,raw_or_lookup,,,,,
FINALKGQA154,What is the total percentage change in semiconductor demand across different regions for each quarter?,True,35,False,,regional_demand,sum,,,,,
FINALKGQA155,What is the total difference in current demand between BL1 and BL2 for Tier1?,True,1,False,,current_demand_baselines,sum,,,,correct,Returns Tier1 BL1-BL2 current-demand percentage-change delta; matches the question.
FINALKGQA156,How does the summed future demand percentage from OEM surveys break down across regions and quarters?,True,35,False,,future_demand,sum,,,,,
FINALKGQA157,What is the sum of all actual vehicle-sales units documented?,True,1,False,,vehicle_sales,sum,,,,,
FINALKGQA158,"For Tier1 suppliers, what is the mean value of autonomous-driving development when grouped by vehicle type, SAE level, and year?",True,45,False,,autonomous_driving,average,,,,,
FINALKGQA159,How many OrderCancellation cases have a connection to the Tier1 survey?,True,1,False,,order_cancellation,count,,,,,
FINALKGQA160,How many Tier1 companies have not reported experiencing a semiconductor shortage?,True,1,False,,shortage,count,,,,,
FINALKGQA161,How many Tier1 inventory participants are there in total for each component?,True,3,False,,inventory,sum,,correct,Correct: sums Tier1 inventory participants by component.,correct,Correct: sums Tier1 inventory participants by component.
FINALKGQA162,What are the names of all regions represented in the dataset?,True,5,False,,catalog_lookup,raw_or_lookup,,,,,
FINALKGQA163,"How does the combined demand from Tier1, OEM, and Semiconductor surveys differ between regions?",True,15,False,,regional_demand,sum,,,,,
FINALKGQA164,How much is the total percentage change for BL1 and BL2 in Automotive current demand based on Tier1 survey responses?,True,2,False,,current_demand_baselines,sum,,correct,Correct: returns total BL1 and BL2 percentage change for Tier1 Automotive current demand; response-type flag is a false positive.,correct,Correct: returns total BL1 and BL2 percentage change for Tier1 Automotive current demand; response-type flag is a false positive.
FINALKGQA165,How is the future demand percentage for Semiconductor distributed across different regions and quarters?,True,35,False,,future_demand,sum,,,,correct,Returns Semiconductor future-demand percentage distribution by region and quarter; matches the question.
FINALKGQA166,How does the count of actual vehicle sales observations compare to the count of forecasted ones?,True,2,False,,vehicle_sales,count,,,,correct,Returns actual versus forecast vehicle-sales observation counts; matches the question.
FINALKGQA167,"How does the average autonomous driving percentage differ across vehicles, SAE levels, and years for each OEM?",True,45,False,,autonomous_driving,average,,,,,
FINALKGQA168,Provide the sum of order cancellation responses for each semiconductor technology category?,True,15,False,,order_cancellation,sum,,,,,
FINALKGQA169,What is the number of OEM companies that indicated a shortage versus those that did not?,True,2,False,,shortage,count,,correct,"Manual semantic spot check: query returns yes/no shortage status and counts for OEM companies, matching the requested shortage-status breakdown.",correct,"Manual semantic spot check: query returns yes/no shortage status and counts for OEM companies, matching the requested shortage-status breakdown."
FINALKGQA170,"For each component, how many Tier1 inventory trend entries exist?",True,9,False,,inventory,count,,,,,
FINALKGQA171,How many different regions are included in the survey dataset?,True,1,False,,catalog_lookup,count,,,,,
FINALKGQA172,Identify the region with the smallest overall demand according to the Semiconductor survey results?,True,1,False,,regional_demand,ranking_top,,,,,
FINALKGQA173,What baseline types can be found in the dataset?,True,5,False,,current_demand_baselines,raw_or_lookup,,,,,
FINALKGQA174,What is the technology category showing the largest average percentage change in expected future demand?,True,1,False,,future_demand,ranking_top,,,,,
FINALKGQA175,How many vehicle sales units were recorded per month in the actual dataset?,True,12,False,,vehicle_sales,sum,,,,correct,Returns monthly sums of actual vehicle-sales units; matches the question.
FINALKGQA176,"For Tier1 suppliers, what is the mean level of autonomous driving development when grouped by both vehicle type and SAE level?",True,45,False,,autonomous_driving,average,,,,,
FINALKGQA177,What is the total count of OrderCancellation instances that pertain to the Semiconductor survey?,True,1,False,,order_cancellation,count,,,,,
FINALKGQA178,How many OEMs have reported facing a shortage of semiconductors?,True,1,False,,shortage,count,,,,,
FINALKGQA179,What are the recorded Tier1 inventory trend figures for each component?,True,18,False,,inventory,raw_or_lookup,,correct,Correct: returns recorded Tier1 inventory trend entries by component as raw observations.,correct,Correct: returns recorded Tier1 inventory trend entries by component as raw observations.
FINALKGQA180,How many companies have a connection to the Tier1 survey?,True,1,False,,catalog_lookup,count,,,,,
FINALKGQA181,Identify the region with the greatest overall demand according to the OEM survey results?,True,1,False,,regional_demand,ranking_top,,,,,
FINALKGQA182,Could you provide the count of Tier1 Automotive current-demand entries linked to each of the baselines BL1 and BL2?,True,2,False,,current_demand_baselines,count,,,,,
FINALKGQA183,How does the average future demand percentage change vary across vehicle types and quarters?,True,24,False,,future_demand,average,,,,,
FINALKGQA184,How many records are there for VehicleSalesObservation?,True,1,False,,vehicle_sales,count,,,,,
FINALKGQA185,How many different SAE levels are present?,True,1,False,,autonomous_driving,count,,,,,
FINALKGQA186,What is the overall count of OrderCancellation instances?,True,1,False,,order_cancellation,count,,,,correct,Counts all OrderCancellation instances; matches the requested overall count.
FINALKGQA187,What is the number of semiconductor companies that indicated a shortage versus those that did not?,True,2,False,,shortage,count,,,,,
FINALKGQA188,Name the component that leads in total Tier1 inventory participants?,True,1,False,,inventory,ranking_top,,probably_correct,Manual semantic spot check: query returns the top Tier1 component by summed inventory participant count. Shape matches the requested ranking question.,correct,"Semantically valid: question concerns top Tier1 component by inventory participant count, and the query returns the component with the largest participant total."
FINALKGQA189,"List the different survey types found within Tier1, OEM, and Semiconductor groups?",True,3,False,,catalog_lookup,raw_or_lookup,,,,correct,Lists the three survey types represented in the graph; matches the question.
FINALKGQA190,How does the average demand percentage for the Tier1 survey change from quarter to quarter?,True,7,False,,regional_demand,average,,,,,
FINALKGQA191,Which Tier1 Automotive baseline stands out for having the largest average percentage change in current demand?,True,1,False,,current_demand_baselines,ranking_top,,,,,
FINALKGQA192,"How does the cumulative future demand for Option1, Option2, and Option3 in Automotive differ across quarters?",True,8,False,,future_demand,sum,,,,,
FINALKGQA193,"Show the monthly sums of vehicle sales, distinguishing between actual and forecast figures?",True,48,False,,vehicle_sales,sum,,,,correct,Returns monthly actual and forecast vehicle-sales sums in separate columns; matches the requested distinction.
FINALKGQA194,How many entries are recorded for AutonomousDrivingDevelopment?,True,1,False,,autonomous_driving,count,,,,,
FINALKGQA195,What is the order cancellation response type with the greatest number of participants?,True,1,False,,order_cancellation,ranking_top,,correct,Correct: sums participants by order-cancellation response type and returns the greatest one.,correct,Correct: sums participants by order-cancellation response type and returns the greatest one.
FINALKGQA196,How does the number of OEM companies facing shortages compare to those not facing shortages?,True,2,False,,shortage,count,,,,correct,Returns yes/no shortage counts for OEM companies; matches the requested comparison.
FINALKGQA197,Show the aggregate Tier1 inventory responses broken down by both component and trend?,True,9,False,,inventory,sum,,,,,
FINALKGQA198,What is the technology category showing the greatest current demand?,True,1,False,,catalog_lookup,ranking_top,,,,,
FINALKGQA199,What is the total change in OEM demand percentage across different regions and quarters?,True,35,False,,regional_demand,sum,,,,,
FINALKGQA200,What is the combined percentage change in current demand for BL1 and BL2 for Tier1?,True,2,False,,current_demand_baselines,sum,,,,,
FINALKGQA201,How many FutureDemandAnalysis items have connections to OEM surveys?,True,1,False,,future_demand,count,,,,,
FINALKGQA202,Identify the month with the greatest number of actual vehicle sales?,True,1,False,,vehicle_sales,ranking_top,,,,,
FINALKGQA203,"For autonomous driving, which pairing of vehicle type and SAE level achieves the highest percentage?",True,1,False,,autonomous_driving,ranking_top,,,,correct,Returns the autonomous-driving vehicle type and SAE-level pairing with the highest percentage; matches the question.
FINALKGQA204,Show the technology category and response type linked to every order-cancellation participant observation?,True,15,False,,order_cancellation,raw_or_lookup,,correct,"Manual semantic spot check: query returns technology category, response type, and participant count for order-cancellation observations, matching the requested raw observation listing.",correct,"Manual semantic spot check: query returns technology category, response type, and participant count for order-cancellation observations, matching the requested raw observation listing."
FINALKGQA205,What is the number of Tier1 companies that indicated a shortage versus those that did not?,True,2,False,,shortage,count,,,,,
FINALKGQA206,Identify the semiconductor technology category and inventory trend pair that shows up the greatest number of times?,True,1,False,,inventory,ranking_top,,,,correct,Returns the most frequent semiconductor technology-category and inventory-trend pair; matches the question.
FINALKGQA207,How many companies are currently recorded?,True,1,False,,catalog_lookup,count,,,,,
FINALKGQA208,Identify the region where semiconductor demand reaches its peak?,True,1,False,,regional_demand,ranking_top,,,,,
FINALKGQA209,Calculate the overall BL1 to BL2 change in Tier1 current demand percentage?,True,1,False,,current_demand_baselines,sum,,,,,
FINALKGQA210,Show the future-demand percentage values broken down by technology category and quarter?,True,120,False,,future_demand,raw_or_lookup,,correct,Correct: returns raw future-demand percentage values by technology category and quarter; repeated rows reflect underlying records.,correct,Correct: returns raw future-demand percentage values by technology category and quarter; repeated rows reflect underlying records.
FINALKGQA211,How many vehicle units are projected to be sold per month according to the forecast data?,True,36,False,,vehicle_sales,sum,,,,,
FINALKGQA212,"For each vehicle type, what has been the average percentage of autonomous driving capability across all years?",True,9,False,,autonomous_driving,average,,,,,
FINALKGQA213,How many OrderCancellation entries correspond to OEM survey results?,True,1,False,,order_cancellation,count,,,,,
FINALKGQA214,How many companies in the semiconductor sector have reported a shortage of semiconductors?,True,1,False,,shortage,count,,,,,
FINALKGQA215,"For each technology category, how many semiconductor inventory trends exist?",True,9,False,,inventory,count,,,,correct,Returns semiconductor inventory trend counts by technology category and trend; matches the question as a trend distribution per technology category.
FINALKGQA216,How many distinct TechnologyCategory records are present?,True,1,False,,catalog_lookup,count,,,,,
FINALKGQA217,How do the total and average demand figures appear for the Semiconductor survey?,True,1,False,,regional_demand,average,,,,,
FINALKGQA218,"Among Tier1 entities in Automotive, what is the average change in current-demand observed at BL1 and BL2?",True,2,False,,current_demand_baselines,average,,,,,
FINALKGQA219,How does the mean change in future demand vary across technology buckets and quarters?,True,40,False,,future_demand,average,,,,correct,Returns average future-demand percentage change grouped by technology category and quarter; matches the requested technology-bucket and quarter breakdown.
FINALKGQA220,Show the sum of vehicle sales for each type and year combination?,True,6,False,,vehicle_sales,sum,,,,,
FINALKGQA221,"Among vehicles at Level 5 autonomy, which type holds the greatest percentage?",True,1,False,,autonomous_driving,ranking_top,,,,,
FINALKGQA222,"Across the various semiconductor technology categories, what is the cumulative count of order cancellations?",True,5,False,,order_cancellation,sum,,,,,
FINALKGQA223,How many OEM companies have not reported facing a semiconductor shortage?,True,1,False,,shortage,count,,,,,
FINALKGQA224,"What are the inventory totals when grouped by EV, non-EV, and mixed component types?",True,3,False,,inventory,sum,,,,,
FINALKGQA225,"List the current-demand percentage changes for each OEM across BEV, BEHV, and ICE categories?",True,3,False,,catalog_lookup,raw_or_lookup,,probably_correct,"Probably correct: query interprets OEM as the OEM survey aggregate and returns BEV/BEHV/ICE percentage changes; if individual OEM companies are required, this should be revised.",probably_correct,"Probably correct: query interprets OEM as the OEM survey aggregate and returns BEV/BEHV/ICE percentage changes; if individual OEM companies are required, this should be revised."
FINALKGQA226,How much Tier1 demand has been recorded in the Americas region?,True,1,False,,regional_demand,sum,,,,,
FINALKGQA227,What is the total percentage change in current demand for BL1 and BL2 reported by Tier1 automotive companies?,True,1,False,,current_demand_baselines,sum,,,,,
FINALKGQA228,How does the summed percentage change in future demand differ among technology categories for each quarter?,True,40,False,,future_demand,sum,,,,,
FINALKGQA229,How many forecast vehicle sales units have been documented in aggregate?,True,1,False,,vehicle_sales,sum,,,,,
FINALKGQA230,"For each combination of vehicle type and SAE level, what is the average autonomous driving development value?",True,15,False,,autonomous_driving,average,,,,,
FINALKGQA231,"For each technology category and response type, how many semiconductor order cancellation responses have been registered?",True,15,False,,order_cancellation,sum,,correct,Correct: sums semiconductor order-cancellation participant counts by technology category and response type.,correct,Correct: sums semiconductor order-cancellation participant counts by technology category and response type.
FINALKGQA232,Which companies have reported facing a semiconductor shortage according to survey data?,True,6,False,,shortage,raw_or_lookup,,,,,
FINALKGQA233,"Could you provide the count of Tier1 company inventory entries categorized as increase, stable, or decrease?",True,3,False,,inventory,count,,,,,
FINALKGQA234,How many companies have a connection to the Semiconductor survey?,True,1,False,,catalog_lookup,count,,,,,
FINALKGQA235,Show the total demand reported by both Tier1 and OEM for each region?,True,5,False,,regional_demand,sum,,,,,
FINALKGQA236,Which percentage changes correspond to the Tier1 automotive baselines BL1 and BL2?,True,2,False,,current_demand_baselines,raw_or_lookup,,,,,
FINALKGQA237,What vehicle type shows the largest average change in anticipated demand?,True,1,False,,future_demand,ranking_top,,,,,
FINALKGQA238,In which month do forecasted vehicle sales attain their maximum value?,True,1,False,,vehicle_sales,ranking_top,,correct,"Manual semantic spot check: query returns the forecast month with the maximum vehicle-sales total, matching the requested top-month question.",correct,"Manual semantic spot check: query returns the forecast month with the maximum vehicle-sales total, matching the requested top-month question."
FINALKGQA239,"Across different years, what is the average percentage achieved in autonomous driving development?",True,3,False,,autonomous_driving,average,,,,,
FINALKGQA240,Could you tell me the count of OrderCancellation instances that are related to the Tier1 survey?,True,1,False,,order_cancellation,count,,,,,
FINALKGQA241,How many companies in the semiconductor sector have not reported a shortage of semiconductors?,True,1,False,,shortage,count,,,,,
FINALKGQA242,"For each component, what is the combined Tier1 inventory participant total?",True,3,False,,inventory,sum,,,,,
FINALKGQA243,List the conversion factors associated with every technology category and vehicle type pairing?,True,15,False,,catalog_lookup,raw_or_lookup,,,,,
FINALKGQA244,What is the number of DemandForRegion records associated with the Semiconductor survey?,True,1,False,,regional_demand,count,,,,,
FINALKGQA245,Calculate the sum of the current demand difference between BL1 and BL2 for Tier1?,True,1,False,,current_demand_baselines,sum,,,,,
FINALKGQA246,How many FutureDemandAnalysis items have connections to the Tier1 survey?,True,1,False,,future_demand,count,,correct,Manual semantic spot check: query returns a count of FutureDemandAnalysis items linked to Tier1 survey. A zero count is a valid result for this count question.,correct,Manual semantic spot check: query returns a count of FutureDemandAnalysis items linked to Tier1 survey. A zero count is a valid result for this count question.
FINALKGQA247,Which vehicle type leads in total annual sales?,True,1,False,,vehicle_sales,ranking_top,,,,,
FINALKGQA248,"For each combination of vehicle type, SAE level, and year, what is the average value of autonomous-driving development linked to OEMs?",True,45,False,,autonomous_driving,average,,,,,
FINALKGQA249,Which semiconductor technology categories have the highest counts of order cancellation responses?,True,15,False,,order_cancellation,sum,,correct,Correct after repair: returns all semiconductor technology categories tied for the highest order-cancellation response count.,correct,Correct after repair: returns all semiconductor technology categories tied for the highest order-cancellation response count.
FINALKGQA250,For which survey type do the largest number of companies report experiencing a shortage?,True,1,False,,shortage,ranking_top,,,,,
FINALKGQA251,Which components have the most Tier1 inventory trend records?,True,9,False,,inventory,count,,,,,
FINALKGQA252,Which Tier1 companies have how many active component share categories?,True,3,False,,catalog_lookup,count,,probably_correct,"Probably correct: returns component-share category counts per Tier1-named company, but the query relies on the ComponentShare path rather than an explicit Tier1 survey filter.",probably_correct,"Probably correct: returns component-share category counts per Tier1-named company, but the query relies on the ComponentShare path rather than an explicit Tier1 survey filter."
FINALKGQA253,Identify the regions where the overall current demand for semiconductors is greatest?,True,5,False,,regional_demand,sum,,,,,
FINALKGQA254,What are the summed percentage-change figures for BL1 and BL2 in Tier1 Automotive current demand?,True,2,False,,current_demand_baselines,sum,,,,,
FINALKGQA255,How many entries are recorded under FutureDemandAnalysis?,True,1,False,,future_demand,count,,,,correct,Counts all FutureDemandAnalysis entries; matches the question.
FINALKGQA256,"For each month, what is the combined count of vehicles sold using only actual sales records?",True,12,False,,vehicle_sales,sum,,,,,
FINALKGQA257,"Which average autonomous-driving development figures are reported for Tier1 suppliers, segmented by vehicle type, SAE level, and year?",True,45,False,,autonomous_driving,average,,,,correct,"Returns Tier1 autonomous-driving averages grouped by vehicle type, SAE level, and year; matches the question."
FINALKGQA258,How many OrderCancellation entries correspond to the Semiconductor survey?,True,1,False,,order_cancellation,count,,,,,
FINALKGQA259,How does the number of Tier1 companies facing shortages compare to those without shortages?,True,2,False,,shortage,count,,,,,
FINALKGQA260,Provide the Tier1 inventory trend records for all components?,True,18,False,,inventory,raw_or_lookup,,,,,
FINALKGQA261,Which technology categories are included in the catalog?,True,5,False,,catalog_lookup,raw_or_lookup,,,,correct,Lists technology category names in the catalog; matches the question.
FINALKGQA262,"What is the total demand reported for each region, separated by survey group (Tier1, OEM, and Semiconductor)?",True,15,False,,regional_demand,sum,,,,,
FINALKGQA263,Show me the different baseline types included in the data?,True,5,False,,current_demand_baselines,raw_or_lookup,,,,,
FINALKGQA264,Could you provide the summed future demand figures for Tier1 by region and quarter?,True,35,False,,future_demand,sum,,,,,
FINALKGQA265,Please provide the total count of actual vehicle-sales units that have been registered?,True,1,False,,vehicle_sales,sum,,,,,
FINALKGQA266,"Which OEMs report the mean autonomous driving percentage broken down by vehicle, SAE level, and year?",True,45,False,,autonomous_driving,average,,,,,
FINALKGQA267,How many OrderCancellation items are present in the data?,True,1,False,,order_cancellation,count,,,,,
FINALKGQA268,How many Tier1 companies have reported facing a semiconductor shortage?,True,1,False,,shortage,count,,,,,
FINALKGQA269,"For Tier1 inventory, which component involves the most participants?",True,1,False,,inventory,ranking_top,,,,,
FINALKGQA270,How many distinct Quarter entities are there?,True,1,False,,catalog_lookup,count,,,,,
FINALKGQA271,Identify the region with the greatest overall demand according to the Tier1 survey results?,True,1,False,,regional_demand,ranking_top,,correct,"Manual semantic spot check: query returns the Tier1 region with the greatest total demand, matching the requested top-region question.",correct,"Manual semantic spot check: query returns the Tier1 region with the greatest total demand, matching the requested top-region question."
FINALKGQA272,How many Tier1 Automotive current-demand entries exist for baseline BL1 compared to BL2?,True,2,False,,current_demand_baselines,count,,,,correct,Counts Tier1 Automotive current-demand entries for BL1 and BL2; matches the question.
FINALKGQA273,Count the FutureDemandAnalysis entries that are related to Semiconductor surveys?,True,1,False,,future_demand,count,,,,,
FINALKGQA274,What is the total count of vehicle sales observations that are marked as actual and those that are marked as forecast?,True,2,False,,vehicle_sales,count,,,,,
FINALKGQA275,"Among Tier1 suppliers, what is the average level of autonomous driving development segmented by vehicle type and SAE level?",True,45,False,,autonomous_driving,average,,,,,
FINALKGQA276,"For order cancellations, which response type sees participation from the largest group of participants?",True,1,False,,order_cancellation,ranking_top,,,,correct,Returns the order-cancellation response type with the largest summed participant count; matches the question.
FINALKGQA277,"What is the number of companies identified with shortages according to the Tier1, OEM, and Semiconductor survey data?",True,6,False,,shortage,count,,,,,
FINALKGQA278,Which component and trend pairs account for the highest overall Tier1 inventory responses?,True,9,False,,inventory,sum,,correct,Correct after repair: returns component/trend pairs tied for the highest Tier1 inventory response count.,correct,Correct after repair: returns component/trend pairs tied for the highest Tier1 inventory response count.
FINALKGQA279,What are the quarter labels available in the dataset?,True,8,False,,catalog_lookup,raw_or_lookup,,,,correct,Lists available quarter labels; matches the question.
FINALKGQA280,How much demand is recorded in each region according to the Tier1 survey?,True,5,False,,regional_demand,sum,,,,,
FINALKGQA281,"For Tier1 Automotive baselines, which shows the highest average percentage change in current demand?",True,1,False,,current_demand_baselines,ranking_top,,,,correct,Returns the Tier1 Automotive baseline with highest average percentage change; matches the question.
FINALKGQA282,Provide the summed future demand for semiconductors segmented by technology category and quarter?,True,40,False,,future_demand,sum,,,,,
FINALKGQA283,Provide the sum of vehicle sales units for each month based on actual observations?,True,12,False,,vehicle_sales,sum,,,,correct,Returns monthly sums of actual vehicle-sales units; matches the question.
FINALKGQA284,What is the count of SAE levels that appear in the data?,True,1,False,,autonomous_driving,count,,,,,
FINALKGQA285,What technology category and response type are recorded for each order-cancellation participant observation?,True,15,False,,order_cancellation,raw_or_lookup,,correct,Correct: returns technology category and response type for each order-cancellation participant observation.,correct,Correct: returns technology category and response type for each order-cancellation participant observation.
FINALKGQA286,How does the number of semiconductor companies facing shortages compare to those not affected?,True,2,False,,shortage,count,,,,,
FINALKGQA287,"Among all semiconductor technology categories and inventory trends, which pairing is seen the most?",True,1,False,,inventory,ranking_top,,,,correct,Returns the most frequent semiconductor technology-category and inventory-trend pairing with ORDER BY count DESC LIMIT 1; matches the top-pairing question.
FINALKGQA288,How many companies have a connection to the OEM survey?,True,1,False,,catalog_lookup,count,,,,,
FINALKGQA289,"Among all survey types, which one accumulates the greatest overall demand?",True,1,False,,regional_demand,ranking_top,,,,,
FINALKGQA290,What is the sum of the current demand percentage changes for BL1 and BL2 in Tier1?,True,2,False,,current_demand_baselines,sum,,,,correct,Returns summed BL1 and BL2 current-demand percentage changes for Tier1; matches the question.
FINALKGQA291,Which regions and quarters have the highest combined future demand percentages based on OEM survey results?,True,35,False,,future_demand,sum,,,,,
FINALKGQA292,What is the count of VehicleSalesObservation records in the dataset?,True,1,False,,vehicle_sales,count,,,,,
FINALKGQA293,What is the count of AutonomousDrivingDevelopment entries in the system?,True,1,False,,autonomous_driving,count,,,,,
FINALKGQA294,What is the count of OrderCancellation entries that are related to OEM survey information?,True,1,False,,order_cancellation,count,,,,,
FINALKGQA295,"Across different survey types, how many companies have reported experiencing a shortage?",True,6,False,,shortage,count,,,,,
FINALKGQA296,Which technology categories have the greatest number of semiconductor inventory trends?,True,9,False,,inventory,count,,,,,
FINALKGQA297,Provide the technology categories together with their current demand and the associated percent changes?,True,5,False,,catalog_lookup,raw_or_lookup,,,,,
FINALKGQA298,"How does the average demand percentage for OEMs, based on survey data, change each quarter?",True,7,False,,regional_demand,average,,,,,
FINALKGQA299,What is the summed BL1 minus BL2 percentage change in Tier1 current demand?,True,1,False,,current_demand_baselines,sum,,,,correct,"Returns BL1 sum, BL2 sum, and BL1-BL2 delta for Tier1 current demand; matches the question."
FINALKGQA300,Which regions and quarters account for the combined future demand percentage of Semiconductor products?,True,35,False,,future_demand,sum,,,,,
FINALKGQA301,How do the monthly totals of actual vehicle sales stack up against the forecasted amounts?,True,48,False,,vehicle_sales,sum,,,,correct,Returns monthly actual and forecast vehicle-sales totals in separate columns; matches the comparison question.
FINALKGQA302,Which combination of vehicle type and SAE level records the maximum percentage for autonomous driving?,True,1,False,,autonomous_driving,ranking_top,,,,,
FINALKGQA303,"For each semiconductor technology category, how many order cancellations have occurred in total?",True,5,False,,order_cancellation,sum,,,,,
FINALKGQA304,Count the Tier1 companies that have not mentioned a semiconductor shortage?,True,1,False,,shortage,count,,,,,
FINALKGQA305,"How many Tier1 inventory trend records are recorded for each of the EV, non-EV, and mixed component groups?",True,3,False,,inventory,sum,,correct,"Correct: returns Tier1 inventory trend counts for EV, non-EV, and mixed component groups.",correct,"Correct: returns Tier1 inventory trend counts for EV, non-EV, and mixed component groups."
FINALKGQA306,Could you provide the complete list of region names present in the data?,True,5,False,,catalog_lookup,raw_or_lookup,,,,correct,Lists region names in the data; matches the question.
FINALKGQA307,How do the total and average demand levels reported in the OEM survey compare?,True,1,False,,regional_demand,average,,,,correct,Returns total and average OEM demand; matches the question.
FINALKGQA308,What is the average current-demand change at BL1 and BL2 for Automotive Tier1 respondents?,True,2,False,,current_demand_baselines,average,,,,,
FINALKGQA309,Which technology category experiences the highest mean percentage change in anticipated future demand?,True,1,False,,future_demand,ranking_top,,correct,"Manual semantic spot check: query returns the technology category with the highest average future-demand percentage change, matching the requested top-category question.",correct,"Manual semantic spot check: query returns the technology category with the highest average future-demand percentage change, matching the requested top-category question."
FINALKGQA310,In what month did actual vehicle sales reach their maximum value?,True,1,False,,vehicle_sales,ranking_top,,,,,
FINALKGQA311,Which vehicle types have the highest average autonomous-driving percentages when considering all years?,True,9,False,,autonomous_driving,average,,,,,
FINALKGQA312,Provide the sum of semiconductor order cancellation responses broken down by technology category and response type?,True,15,False,,order_cancellation,sum,,,,,
FINALKGQA313,How does the number of OEM companies experiencing shortages compare to those without shortages?,True,2,False,,shortage,count,,,,,
FINALKGQA314,"How many inventory entries are marked as increase, stable, or decrease for companies at the Tier1 level?",True,3,False,,inventory,count,,,,,
FINALKGQA315,Could you tell me the count of regions identified in the survey records?,True,1,False,,catalog_lookup,count,,,,,
FINALKGQA316,Identify the region with the greatest overall demand according to the Semiconductor survey results?,True,1,False,,regional_demand,ranking_top,,,,,
FINALKGQA317,How does the sum of percentage changes in current demand for BL1 and BL2 look across Tier1 automotive survey results?,True,1,False,,current_demand_baselines,sum,,,,correct,Returns BL1 and BL2 summed percentage changes for Tier1 automotive current demand; matches the question.
FINALKGQA318,"For each vehicle type and quarter, what is the mean percentage change in future demand?",True,24,False,,future_demand,average,,,,correct,Returns mean future-demand percentage change for each vehicle type and quarter; matches the requested grouping.
FINALKGQA319,"For each month, what is the combined number of vehicle units in the forecast data?",True,36,False,,vehicle_sales,sum,,,,,
FINALKGQA320,Which vehicle type reaches the highest percentage for Level 5 autonomous driving?,True,1,False,,autonomous_driving,ranking_top,,,,correct,Returns top vehicle type for SAE Level 5 autonomous-driving percentage; matches the question.
FINALKGQA321,What is the number of OrderCancellation entries that correspond to the Tier1 survey?,True,1,False,,order_cancellation,count,,,,,
FINALKGQA322,"Which OEM companies have stated they are experiencing a semiconductor shortage, and what is their total count?",True,1,False,,shortage,count,,,,,
FINALKGQA323,Which components have the highest overall Tier1 inventory participant totals?,True,3,False,,inventory,sum,,,,,
FINALKGQA324,How many companies are referenced in relation to the Tier1 survey?,True,1,False,,catalog_lookup,count,,,,,
FINALKGQA325,How much Tier1 demand does the Americas region have on average?,True,1,False,,regional_demand,average,,,,,
FINALKGQA326,Provide the percentage changes for baselines BL1 and BL2 in the Tier1 automotive category?,True,2,False,,current_demand_baselines,raw_or_lookup,,correct,"Manual semantic spot check: query returns BL1 and BL2 percentage-change values for Tier1 current demand, matching the requested baseline values.",correct,"Manual semantic spot check: query returns BL1 and BL2 percentage-change values for Tier1 current demand, matching the requested baseline values."
FINALKGQA327,"Across quarters, what are the aggregate future demand figures for Option1, Option2, and Option3 within Automotive?",True,8,False,,future_demand,sum,,,,,
FINALKGQA328,Provide the total number of vehicles sold each year for every vehicle type?,True,6,False,,vehicle_sales,sum,,,,,
FINALKGQA329,Which average autonomous driving development values are seen across the different vehicle types and SAE levels?,True,15,False,,autonomous_driving,average,,,,correct,Returns average autonomous-driving values by vehicle type and SAE level; matches the question.
FINALKGQA330,List the total order cancellation responses associated with each semiconductor technology category?,True,15,False,,order_cancellation,sum,,,,,
FINALKGQA331,How does the number of semiconductor companies facing shortages compare to those without shortages?,True,2,False,,shortage,count,,,,,
FINALKGQA332,"Across components, what is the count of Tier1 inventory trend records per component?",True,9,False,,inventory,count,,,,,
FINALKGQA333,"Identify the survey types that exist within the Tier1, OEM, and Semiconductor segments?",True,3,False,,catalog_lookup,raw_or_lookup,,,,,
FINALKGQA334,"How does the combined demand from Tier1, OEM, and Semiconductor participants differ between regions?",True,15,False,,regional_demand,sum,,,,,
FINALKGQA335,"For Tier1, what is the aggregate change in current demand from BL2 to BL1?",True,1,False,,current_demand_baselines,sum,,,,,
FINALKGQA336,How many FutureDemandAnalysis entries correspond to OEM survey data?,True,1,False,,future_demand,count,,,,correct,Counts FutureDemandAnalysis entries for OEM survey; matches the question.
FINALKGQA337,What is the overall sum of forecast vehicle sales units captured in the data?,True,1,False,,vehicle_sales,sum,,,,,
FINALKGQA338,What is the yearly average percentage recorded for autonomous driving development?,True,3,False,,autonomous_driving,average,,,,,
FINALKGQA339,How many OrderCancellation cases are related to the Semiconductor survey?,True,1,False,,order_cancellation,count,,,,,
FINALKGQA340,How many OEM companies indicated a shortage versus those that reported no shortage?,True,2,False,,shortage,count,,,,,
FINALKGQA341,Display the Tier1 inventory trend entries organized by component?,True,18,False,,inventory,raw_or_lookup,,correct,Correct: returns Tier1 inventory trend entries organized by component.,correct,Correct: returns Tier1 inventory trend entries organized by component.
FINALKGQA342,Which technology category currently leads in demand?,True,1,False,,catalog_lookup,ranking_top,,,,,
FINALKGQA343,What is the number of DemandForRegion records associated with OEM surveys?,True,1,False,,regional_demand,count,,,,,
FINALKGQA344,Provide the aggregate percentage-change values for BL1 and BL2 within Tier1 Automotive current demand?,True,2,False,,current_demand_baselines,sum,,,,correct,Returns summed BL1 and BL2 percentage-change values for Tier1 Automotive current demand; matches the requested aggregate baseline values.
FINALKGQA345,Which future-demand percentage figures are available for each technology category across all quarters?,True,120,False,,future_demand,raw_or_lookup,,correct,Correct: returns available future-demand percentage records by technology category and quarter.,correct,Correct: returns available future-demand percentage records by technology category and quarter.
FINALKGQA346,What is the month with the largest forecast vehicle sales total?,True,1,False,,vehicle_sales,ranking_top,,,,,
FINALKGQA347,"Which average autonomous-driving development values are observed for OEMs when grouped by vehicle type, SAE level, and year?",True,45,False,,autonomous_driving,average,,,,,
FINALKGQA348,What is the total count of OrderCancellation entries in the database?,True,1,False,,order_cancellation,count,,,,,
FINALKGQA349,How does the number of Tier1 companies experiencing a shortage compare to those without a shortage?,True,2,False,,shortage,count,,,,,
FINALKGQA350,Which component records the maximum participant total in Tier1 inventory?,True,1,False,,inventory,ranking_top,,,,,
FINALKGQA351,Could you tell me the count of companies available in our records?,True,1,False,,catalog_lookup,count,,,,,
FINALKGQA352,Identify the region with the smallest overall demand according to the OEM survey results?,True,1,False,,regional_demand,ranking_top,,correct,"Manual semantic spot check: query returns the OEM region with the smallest total demand, matching the requested minimum-region question.",correct,"Manual semantic spot check: query returns the OEM region with the smallest total demand, matching the requested minimum-region question."
FINALKGQA353,What are the baseline types recorded in this dataset?,True,5,False,,current_demand_baselines,raw_or_lookup,,,,,
FINALKGQA354,"Across all technology buckets and quarters, what is the average future-demand change?",True,40,False,,future_demand,average,,,,,
FINALKGQA355,Name the vehicle type that achieves the maximum total sales within a year?,True,1,False,,vehicle_sales,ranking_top,,,,,
FINALKGQA356,"Across vehicle types, SAE levels, and years, what is the average value of autonomous-driving development among Tier1 suppliers?",True,45,False,,autonomous_driving,average,,,,,
FINALKGQA357,Which response type in order cancellations is associated with the maximum participant count?,True,1,False,,order_cancellation,ranking_top,,correct,Correct: sums order-cancellation participants by response type and returns the maximum response type.,correct,Correct: sums order-cancellation participants by response type and returns the maximum response type.
FINALKGQA358,Count the semiconductor companies that have reported experiencing a shortage of semiconductors?,True,1,False,,shortage,count,,,,,
FINALKGQA359,How much Tier1 inventory response is recorded for every component and trend pairing?,True,9,False,,inventory,sum,,,,,
FINALKGQA360,Could you tell me the count of TechnologyCategory entities available?,True,1,False,,catalog_lookup,count,,,,,
FINALKGQA361,How much demand is reported in each region according to the Semiconductor survey?,True,5,False,,regional_demand,sum,,,,,
FINALKGQA362,"Please list the number of Tier1 Automotive current-demand entries that correspond to each baseline, BL1 and BL2?",True,2,False,,current_demand_baselines,count,,,,,
FINALKGQA363,"For each technology category and quarter, what is the combined percentage change in anticipated demand?",True,40,False,,future_demand,sum,,,,correct,Returns combined future-demand percentage change by technology category and quarter; matches the question.
FINALKGQA364,"Show the monthly sum of vehicle units sold, considering only actual sales data?",True,12,False,,vehicle_sales,sum,,,,,
FINALKGQA365,"Across vehicles, SAE levels, and years, what is the average autonomous driving percentage reported for each OEM?",True,45,False,,autonomous_driving,average,,,,correct,"Returns OEM autonomous-driving averages grouped by vehicle type, SAE level, and year; matches the requested grouping."
FINALKGQA366,Provide the technology category and response type for all order-cancellation participant observations?,True,15,False,,order_cancellation,raw_or_lookup,,correct,"Correct: query returns all order-cancellation observations with technology category, response type, and participant count.",correct,"Correct: query returns all order-cancellation observations with technology category, response type, and participant count."
FINALKGQA367,Count the OEM companies that have not mentioned a semiconductor shortage?,True,1,False,,shortage,count,,,,,
FINALKGQA368,Which pairing of semiconductor technology category and inventory trend is recorded most frequently?,True,1,False,,inventory,ranking_top,,,,,
FINALKGQA369,"What are the current-demand percentage changes by OEM for BEV, BEHV, and ICE segments?",True,3,False,,catalog_lookup,raw_or_lookup,,probably_correct,Probably correct: query interprets OEM as the OEM survey aggregate and returns current-demand percentage changes for BEV/BEHV/ICE; not per individual OEM company.,probably_correct,Probably correct: query interprets OEM as the OEM survey aggregate and returns current-demand percentage changes for BEV/BEHV/ICE; not per individual OEM company.
FINALKGQA370,What is the average OEM demand level reported for the Americas region?,True,1,False,,regional_demand,average,,,,,
FINALKGQA371,Which Tier1 Automotive baseline records the maximum average percentage change in current demand?,True,1,False,,current_demand_baselines,ranking_top,,,,,
FINALKGQA372,Which vehicle type experiences the highest average shift in expected future demand?,True,1,False,,future_demand,ranking_top,,,,,
FINALKGQA373,How many actual vehicle-sales units are there in the complete records?,True,1,False,,vehicle_sales,sum,,,,,
FINALKGQA374,"Within Tier1 suppliers, how is the average autonomous driving development distributed by vehicle type and SAE level?",True,45,False,,autonomous_driving,average,,,,,
FINALKGQA375,How many OrderCancellation entries have a relationship with OEM survey records?,True,1,False,,order_cancellation,count,,,,,
FINALKGQA376,Identify the companies that have mentioned a semiconductor shortage in their survey submissions?,True,6,False,,shortage,raw_or_lookup,,,,,
FINALKGQA377,"Across technology categories, what is the count of semiconductor inventory trends recorded?",True,9,False,,inventory,count,,correct,"Manual semantic spot check: query returns technology category, inventory trend, and count for semiconductor inventory, matching the requested grouped count.",correct,"Manual semantic spot check: query returns technology category, inventory trend, and count for semiconductor inventory, matching the requested grouped count."
FINALKGQA378,How many companies are referenced in relation to the Semiconductor survey?,True,1,False,,catalog_lookup,count,,,,,
FINALKGQA379,How much OEM demand is recorded for each region in each quarter?,True,35,False,,regional_demand,sum,,,,,
FINALKGQA380,"For Tier1, what is the aggregate percentage change in current demand across BL1 and BL2?",True,2,False,,current_demand_baselines,sum,,,,,
FINALKGQA381,What is the total count of FutureDemandAnalysis entries that are related to the Tier1 survey?,True,1,False,,future_demand,count,,,,,
FINALKGQA382,How many vehicle sales observations fall under the actual category versus the forecast category?,True,2,False,,vehicle_sales,count,,,,correct,Counts vehicle-sales observations by actual versus forecast category; matches the requested actual/forecast observation breakdown.
FINALKGQA383,How many unique SAE levels are listed?,True,1,False,,autonomous_driving,count,,,,,
FINALKGQA384,In which semiconductor technology categories has the sum of order cancellations been the greatest?,True,5,False,,order_cancellation,sum,,,,,
FINALKGQA385,Count the semiconductor companies that have not disclosed any semiconductor shortage?,True,1,False,,shortage,count,,,,correct,Counts semiconductor companies not disclosing shortage; matches the question.
FINALKGQA386,"Please break down the aggregate inventory by EV, non-EV, and mixed component classifications?",True,3,False,,inventory,sum,,,,,
FINALKGQA387,What are the conversion factors for each technology category and vehicle type?,True,15,False,,catalog_lookup,raw_or_lookup,,correct,Correct: returns conversion factors by technology category and vehicle type; raw lookup does not require GROUP BY.,correct,Correct: returns conversion factors by technology category and vehicle type; raw lookup does not require GROUP BY.
FINALKGQA388,What is the combined OEM demand reported for the Americas region?,True,1,False,,regional_demand,sum,,,,,
FINALKGQA389,How large is the aggregate percentage change in Tier1 current demand when comparing BL1 to BL2?,True,1,False,,current_demand_baselines,sum,,,,,
FINALKGQA390,Could you tell me the count of FutureDemandAnalysis entries present in the system?,True,1,False,,future_demand,count,,,,,
FINALKGQA391,List the monthly totals of vehicle sales units from the actual data?,True,12,False,,vehicle_sales,sum,,correct,"Manual semantic spot check: query returns monthly actual vehicle-sales totals, matching the requested actual-sales monthly breakdown.",correct,"Manual semantic spot check: query returns monthly actual vehicle-sales totals, matching the requested actual-sales monthly breakdown."
FINALKGQA392,How many AutonomousDrivingDevelopment items are present?,True,1,False,,autonomous_driving,count,,,,,
FINALKGQA393,Which technology categories and response types have the highest counts of semiconductor order cancellation responses?,True,15,False,,order_cancellation,sum,,correct,Correct after repair: returns technology-category/response-type combinations tied for the highest order-cancellation response count.,correct,Correct after repair: returns technology-category/response-type combinations tied for the highest order-cancellation response count.
FINALKGQA394,Which survey type sees the greatest number of companies reporting a shortage?,True,1,False,,shortage,ranking_top,,,,,
FINALKGQA395,"What count of inventory entries are labeled as increase, stable, or decrease within Tier1 companies?",True,3,False,,inventory,count,,,,,
FINALKGQA396,List the count of active component share categories associated with every Tier1 company?,True,3,False,,catalog_lookup,count,,,,correct,Counts active component-share categories per Tier1 company; matches the question.
FINALKGQA397,What is the average quarterly trend in demand percentage observed in the Semiconductor survey?,True,7,False,,regional_demand,average,,correct,Correct: computes average Semiconductor demand percentage change by quarter; trend flag is a false positive from wording.,correct,Correct: computes average Semiconductor demand percentage change by quarter; trend flag is a false positive from wording.
FINALKGQA398,"Across BL1 and BL2, what is the average current-demand change reported by Tier1 participants in the Automotive category?",True,2,False,,current_demand_baselines,average,,,,,
FINALKGQA399,"For Tier1, what are the aggregated future demand values broken down by region and quarter?",True,35,False,,future_demand,sum,,,,,
FINALKGQA400,How many VehicleSalesObservation data points are present?,True,1,False,,vehicle_sales,count,,,,,
FINALKGQA401,"Among all vehicle types and SAE levels, which pairing leads in autonomous driving percentage?",True,1,False,,autonomous_driving,ranking_top,,,,correct,Returns the vehicle type and SAE-level pairing with the highest autonomous-driving percentage; matches the question.
FINALKGQA402,How many OrderCancellation records are tied to the Tier1 survey?,True,1,False,,order_cancellation,count,,,,,
FINALKGQA403,"For Tier1 companies, how many indicated a shortage versus those who did not?",True,2,False,,shortage,count,,,,,
FINALKGQA404,Provide the aggregate Tier1 inventory participant totals grouped by component?,True,3,False,,inventory,sum,,,,correct,Returns aggregate Tier1 inventory participant totals by component; matches the question.
FINALKGQA405,Could you provide the full list of technology category names?,True,5,False,,catalog_lookup,raw_or_lookup,,,,correct,Lists technology category names; matches the question.
FINALKGQA406,How many DemandForRegion items have connections to Tier1 survey results?,True,1,False,,regional_demand,count,,,,,
FINALKGQA407,What is the aggregate percentage change in current demand for BL1 and BL2 according to Tier1 automotive survey data?,True,1,False,,current_demand_baselines,sum,,,,,
FINALKGQA408,What is the number of FutureDemandAnalysis entries that reference Semiconductor surveys?,True,1,False,,future_demand,count,,,,,
FINALKGQA409,"Provide the total number of vehicle sales per month, separating actual results from forecasts?",True,48,False,,vehicle_sales,sum,,,,,
FINALKGQA410,Show the average autonomous-driving percentage achieved by each vehicle type over multiple years?,True,9,False,,autonomous_driving,average,,,,,
FINALKGQA411,How does the volume of order cancellation responses compare across different semiconductor technology categories?,True,15,False,,order_cancellation,sum,,,,,
FINALKGQA412,Count the Tier1 companies that have stated they are experiencing a semiconductor shortage?,True,1,False,,shortage,count,,,,,
FINALKGQA413,How does the count of Tier1 inventory trend records vary among different components?,True,9,False,,inventory,count,,,,,
FINALKGQA414,Count the number of Quarter entities available?,True,1,False,,catalog_lookup,count,,,,,
FINALKGQA415,"Across every region, what is the mean demand reported for each survey type?",True,3,False,,regional_demand,average,,,,,
FINALKGQA416,What percentage changes are reported for BL1 and BL2 baselines within Tier1 automotive?,True,2,False,,current_demand_baselines,raw_or_lookup,,,,correct,Returns BL1 and BL2 percentage-change values within Tier1 automotive current demand; matches the question.
FINALKGQA417,How much future semiconductor demand is expected in each technology category for every quarter?,True,40,False,,future_demand,sum,,,,,
FINALKGQA418,For which month were the most actual vehicle sales recorded?,True,1,False,,vehicle_sales,ranking_top,,correct,"Manual semantic spot check: query returns the month with the highest actual vehicle-sales units, matching the requested top-month question.",correct,"Manual semantic spot check: query returns the month with the highest actual vehicle-sales units, matching the requested top-month question."
FINALKGQA419,"For Level 5 autonomous driving, which vehicle type leads in percentage?",True,1,False,,autonomous_driving,ranking_top,,,,,
FINALKGQA420,What is the count of OrderCancellation events that have a relationship with the Semiconductor survey?,True,1,False,,order_cancellation,count,,,,,
FINALKGQA421,"For each of the Tier1, OEM, and Semiconductor surveys, what is the count of companies marked as having shortages?",True,6,False,,shortage,count,,,,,
FINALKGQA422,"For each component, what are the Tier1 inventory trend observations recorded in the system?",True,18,False,,inventory,raw_or_lookup,,correct,Correct: returns Tier1 inventory trend observations by component.,correct,Correct: returns Tier1 inventory trend observations by component.
FINALKGQA423,Show me the set of quarter labels included in this dataset?,True,8,False,,catalog_lookup,raw_or_lookup,,,,,
FINALKGQA424,List the regions with the greatest total current demand from Tier1?,True,5,False,,regional_demand,sum,,,,,
FINALKGQA425,How much greater or less is the current demand for Tier1 in BL1 compared to BL2 when summed?,True,1,False,,current_demand_baselines,sum,,,,,
FINALKGQA426,"Across all regions and quarters, what is the aggregate future demand percentage reported in OEM surveys?",True,35,False,,future_demand,sum,,,,,
FINALKGQA427,Show the monthly totals of vehicle units based on forecast figures?,True,36,False,,vehicle_sales,sum,,correct,"Manual semantic spot check: query returns monthly forecast vehicle-sales totals, matching the requested forecast monthly breakdown.",correct,"Manual semantic spot check: query returns monthly forecast vehicle-sales totals, matching the requested forecast monthly breakdown."
FINALKGQA428,How do the average autonomous driving development levels differ among vehicle types and SAE levels?,True,15,False,,autonomous_driving,average,,,,,
FINALKGQA429,Could you provide the number of OrderCancellation entries currently stored?,True,1,False,,order_cancellation,count,,,,,
FINALKGQA430,How is the number of semiconductor companies distributed between those experiencing shortages and those not experiencing shortages?,True,2,False,,shortage,count,,,,,
FINALKGQA431,Which component stands out with the highest participant total in Tier1 inventory?,True,1,False,,inventory,ranking_top,,,,,
FINALKGQA432,How many companies are referenced in relation to the OEM survey?,True,1,False,,catalog_lookup,count,,,,,
FINALKGQA433,Which regions and quarters experienced the greatest overall percentage change in Tier1 demand?,True,35,False,,regional_demand,sum,,correct,Correct: returns the top region/quarter combination by Tier1 percentage-change total.,correct,Correct: returns the top region/quarter combination by Tier1 percentage-change total.
FINALKGQA434,Calculate the total percentage change for BL1 and BL2 in current demand among Tier1 Automotive respondents?,True,2,False,,current_demand_baselines,sum,,,,,
FINALKGQA435,Provide the summed future demand percentage for Semiconductor by each region and quarter?,True,35,False,,future_demand,sum,,,,,
FINALKGQA436,"How much did each vehicle type sell annually, grouped by year and type?",True,6,False,,vehicle_sales,sum,,,,,
FINALKGQA437,Could you provide the average autonomous driving development percentage broken down by year?,True,3,False,,autonomous_driving,average,,,,,
FINALKGQA438,"Among order cancellation response types, which one engages the most participants?",True,1,False,,order_cancellation,ranking_top,,,,,
FINALKGQA439,"Could you provide the company counts that have reported shortages, categorized according to survey type?",True,6,False,,shortage,count,,,,,
FINALKGQA440,Provide the summed Tier1 inventory responses categorized by component and trend?,True,9,False,,inventory,sum,,,,,
FINALKGQA441,"Show the technology categories, detailing both their current demand and how much each has changed in percentage terms?",True,5,False,,catalog_lookup,raw_or_lookup,,,,,
FINALKGQA442,"Across each quarter, what is the count of demand entries associated with each survey?",True,21,False,,regional_demand,count,,,,,
FINALKGQA443,Identify the baseline types that exist within the dataset?,True,5,False,,current_demand_baselines,raw_or_lookup,,,,correct,Lists distinct baseline types in the dataset; matches the question.
FINALKGQA444,Which technology category leads in terms of average percentage change in forecasted demand?,True,1,False,,future_demand,ranking_top,,,,,
FINALKGQA445,Please provide the total forecasted vehicle sales units as documented in the dataset?,True,1,False,,vehicle_sales,sum,,,,,
FINALKGQA446,"Could you provide the average autonomous-driving development figures for OEMs, segmented by vehicle type, SAE level, and year?",True,45,False,,autonomous_driving,average,,,,,
FINALKGQA447,Identify the technology category and response type for each observation involving an order-cancellation participant?,True,15,False,,order_cancellation,raw_or_lookup,,correct,Correct: returns technology category and response type for each order-cancellation participant observation.,correct,Correct: returns technology category and response type for each order-cancellation participant observation.
FINALKGQA448,"Which Tier1 companies have not provided reports indicating a semiconductor shortage, and how many are there?",True,1,False,,shortage,count,,correct,Correct: query lists Tier1 companies with reportsShortage=false and includes the total count.,correct,Correct: query lists Tier1 companies with reportsShortage=false and includes the total count.
FINALKGQA449,Which semiconductor technology category together with an inventory trend is found in the largest number of instances?,True,1,False,,inventory,ranking_top,,,,,
FINALKGQA450,Show me every region name that appears in our records?,True,5,False,,catalog_lookup,raw_or_lookup,,,,,
FINALKGQA451,How many entries are recorded for DemandForRegion overall?,True,1,False,,regional_demand,count,,correct,Correct: counts all DemandForRegion records.,correct,Correct: counts all DemandForRegion records.
FINALKGQA452,"For each of the baselines BL1 and BL2, how many Tier1 Automotive current-demand entries have been captured?",True,2,False,,current_demand_baselines,count,,,,,
FINALKGQA453,Which vehicle types experience the highest and lowest average percentage changes in future demand for each quarter?,True,24,False,,future_demand,average,,,,,
FINALKGQA454,Which month records the highest projected vehicle sales figures?,True,1,False,,vehicle_sales,ranking_top,,,,,
FINALKGQA455,"Could you provide the average autonomous-driving development values for Tier1 suppliers, categorized by vehicle type, SAE level, and year?",True,45,False,,autonomous_driving,average,,,,,
FINALKGQA456,How many OrderCancellation entries are tied to OEM survey items?,True,1,False,,order_cancellation,count,,,,,
FINALKGQA457,What is the count of OEM companies that have reported a shortage and those that have not?,True,2,False,,shortage,count,,,,,
FINALKGQA458,How many inventory trends are documented per semiconductor technology category?,True,9,False,,inventory,count,,,,,
FINALKGQA459,How many regions are listed within the survey information?,True,1,False,,catalog_lookup,count,,correct,"Manual semantic spot check: query returns the number of distinct regions, matching the requested region count.",correct,"Manual semantic spot check: query returns the number of distinct regions, matching the requested region count."
FINALKGQA460,Could you provide the overall demand figures per region based on the OEM survey results?,True,5,False,,regional_demand,sum,,,,,
FINALKGQA461,"Out of all Tier1 Automotive baselines, which reports the highest mean percentage change in current demand?",True,1,False,,current_demand_baselines,ranking_top,,,,,
FINALKGQA462,"Show the summed future demand by quarter for Option1, Option2, and Option3 in the Automotive category?",True,8,False,,future_demand,sum,,,,,
FINALKGQA463,"Among all vehicle types, which one reports the highest total sales for a year?",True,1,False,,vehicle_sales,ranking_top,,,,,
FINALKGQA464,"For each OEM, how is the average percentage of autonomous driving distributed when considering vehicle type, SAE level, and year?",True,45,False,,autonomous_driving,average,,,,,
FINALKGQA465,Which semiconductor technology categories report the largest aggregate of order cancellations?,True,5,False,,order_cancellation,sum,,,,,
FINALKGQA466,Count the OEM companies that have reported a semiconductor shortage?,True,1,False,,shortage,count,,,,,
FINALKGQA467,"Show the combined inventory levels for each category: EV, non-EV, and mixed components?",True,3,False,,inventory,sum,,,,,
FINALKGQA468,What is the count of companies that are linked with the Tier1 survey?,True,1,False,,catalog_lookup,count,,,,,
FINALKGQA469,How many Tier1 demand entries are recorded for the Americas area?,True,1,False,,regional_demand,count,,,,,
FINALKGQA470,"Across BL1 and BL2, what is the total current demand percentage change reported for Tier1?",True,2,False,,current_demand_baselines,sum,,,,,
FINALKGQA471,What is the count of FutureDemandAnalysis entries that are related to OEM surveys?,True,1,False,,future_demand,count,,,,,
FINALKGQA472,"Provide the total vehicle units sold for every month, referencing only actual sales observations?",True,12,False,,vehicle_sales,sum,,,,,
FINALKGQA473,Which vehicle types and SAE levels show the highest and lowest average autonomous driving development for Tier1 suppliers?,True,45,False,,autonomous_driving,average,,,,,
FINALKGQA474,"List the total semiconductor order cancellation responses, organized by both technology category and response type?",True,15,False,,order_cancellation,sum,,,,,
FINALKGQA475,Provide the counts of semiconductor companies that have reported shortages and those that have not?,True,2,False,,shortage,count,,,,,
FINALKGQA476,"How many inventory records in Tier1 companies are designated as increase, stable, or decrease?",True,3,False,,inventory,count,,,,correct,Counts Tier1 inventory records by trend status; matches the question.
FINALKGQA477,"Show the survey types available for Tier1, OEM, and Semiconductor groups?",True,3,False,,catalog_lookup,raw_or_lookup,,,,,
FINALKGQA478,Could you provide the combined and mean demand levels reported in the Tier1 survey?,True,1,False,,regional_demand,average,,,,correct,Returns total and average demand for Tier1 survey; matches the question.
FINALKGQA479,What is the combined BL1 versus BL2 percentage change for Tier1 current demand?,True,1,False,,current_demand_baselines,sum,,,,,
FINALKGQA480,Provide the future-demand percentage data organized by technology category and quarter?,True,120,False,,future_demand,raw_or_lookup,,correct,Correct: returns future-demand percentage data by technology category and quarter.,correct,Correct: returns future-demand percentage data by technology category and quarter.
FINALKGQA481,Could you tell me the overall total of actual vehicle-sales units captured in the records?,True,1,False,,vehicle_sales,sum,,,,,
FINALKGQA482,How many SAE levels can be found in the dataset?,True,1,False,,autonomous_driving,count,,,,,
FINALKGQA483,How many OrderCancellation entries are connected with the Tier1 survey?,True,1,False,,order_cancellation,count,,,,,
FINALKGQA484,"What is the count of OEM companies that answered yes to experiencing a shortage, and how many answered no?",True,2,False,,shortage,count,,,,,
FINALKGQA485,List the sum of Tier1 inventory participants associated with each component?,True,3,False,,inventory,sum,,,,,
FINALKGQA486,"Among all technology categories, which one experiences the highest current demand?",True,1,False,,catalog_lookup,ranking_top,,,,,
FINALKGQA487,What is the mean value of semiconductor demand reported for the Americas region?,True,1,False,,regional_demand,average,,,,correct,Returns average Semiconductor-survey demand for the Americas region; matches the requested regional mean.
FINALKGQA488,"On average, how does current-demand shift at BL1 and BL2 for Tier1 respondents within the Automotive segment?",True,2,False,,current_demand_baselines,average,,,,,
FINALKGQA489,What is the average future-demand change observed per technology bucket and quarter?,True,40,False,,future_demand,average,,,,,
FINALKGQA490,What are the counts of vehicle sales observations reported as actual and as forecast?,True,2,False,,vehicle_sales,count,,,,,
FINALKGQA491,What is the number of AutonomousDrivingDevelopment entries currently listed?,True,1,False,,autonomous_driving,count,,,,,
FINALKGQA492,"For each semiconductor technology category, how many order cancellation responses have been registered?",True,15,False,,order_cancellation,sum,,correct,Correct after repair: returns one aggregate order-cancellation response count per semiconductor technology category.,correct,Correct after repair: returns one aggregate order-cancellation response count per semiconductor technology category.
FINALKGQA493,Provide the count of Tier1 companies that have reported a shortage and those that have not?,True,2,False,,shortage,count,,,,,
FINALKGQA494,List the number of Tier1 inventory trend records for every component?,True,9,False,,inventory,count,,,,,
FINALKGQA495,What is the number of companies included in the database?,True,1,False,,catalog_lookup,count,,,,,
FINALKGQA496,"Among all regions, which one reports the least total demand based on Tier1 survey data?",True,1,False,,regional_demand,ranking_top,,correct,"Manual semantic spot check: query returns the Tier1 region with the least total demand, matching the requested minimum-region question.",correct,"Manual semantic spot check: query returns the Tier1 region with the least total demand, matching the requested minimum-region question."
FINALKGQA497,"Across Tier1 automotive survey responses, what is the overall percentage change in current demand when combining BL1 and BL2?",True,1,False,,current_demand_baselines,sum,,correct,Correct: returns combined BL1 and BL2 current-demand percentage change for Tier1 Automotive responses; response-type flag is false positive.,correct,Correct: returns combined BL1 and BL2 current-demand percentage change for Tier1 Automotive responses; response-type flag is false positive.
FINALKGQA498,Which technology categories show the greatest overall percentage change in future demand per quarter?,True,40,False,,future_demand,sum,,,,,
FINALKGQA499,"For each month, what is the combined number of vehicle sales units according to the actual data?",True,12,False,,vehicle_sales,sum,,,,,
FINALKGQA500,Which vehicle type together with SAE level stands out for having the top autonomous driving percentage?,True,1,False,,autonomous_driving,ranking_top,,,,,
FINALKGQA501,How many OrderCancellation records have a link to the Semiconductor survey?,True,1,False,,order_cancellation,count,,,,,
FINALKGQA502,"Which semiconductor companies have reported facing a shortage, and what is their total count?",True,1,False,,shortage,count,,correct,Correct: query lists Semiconductor companies with reportsShortage=true and includes the total count.,correct,Correct: query lists Semiconductor companies with reportsShortage=true and includes the total count.
FINALKGQA503,Give me the Tier1 inventory trend details for every component?,True,18,False,,inventory,raw_or_lookup,,,,,
FINALKGQA504,What is the number of TechnologyCategory items currently listed?,True,1,False,,catalog_lookup,count,,,,,
FINALKGQA505,What is the combined Semiconductor demand value attributed to the Americas region?,True,1,False,,regional_demand,sum,,,,correct,Returns combined Semiconductor demand for Americas; matches the question.
FINALKGQA506,How do the percentage changes for baselines BL1 and BL2 compare in the Tier1 automotive segment?,True,2,False,,current_demand_baselines,raw_or_lookup,,,,,
FINALKGQA507,For which vehicle type is the average change in forecasted demand the greatest?,True,1,False,,future_demand,ranking_top,,,,,
FINALKGQA508,What is the overall count of VehicleSalesObservation records stored?,True,1,False,,vehicle_sales,count,,,,,
FINALKGQA509,"Provide the average autonomous-driving percentage for every vehicle type, aggregated over all years?",True,9,False,,autonomous_driving,average,,correct,Correct after repair: averages autonomous-driving percentage by vehicle type across all years combined.,correct,Correct after repair: averages autonomous-driving percentage by vehicle type across all years combined.
FINALKGQA510,How many OrderCancellation records can be found in the dataset?,True,1,False,,order_cancellation,count,,,,,
FINALKGQA511,How many OEM companies have not disclosed any semiconductor shortage?,True,1,False,,shortage,count,,,,,
FINALKGQA512,Which component is associated with the largest number of participants in Tier1 inventory?,True,1,False,,inventory,ranking_top,,correct,Correct: sums Tier1 inventory participants by component and returns the largest component.,correct,Correct: sums Tier1 inventory participants by component and returns the largest component.
FINALKGQA513,"For BEV, BEHV, and ICE, what is the current-demand percentage change reported by each OEM?",True,3,False,,catalog_lookup,raw_or_lookup,,probably_correct,Probably correct: query returns OEM-survey BEV/BEHV/ICE current-demand percentage changes; wording could be read as individual OEMs.,probably_correct,Probably correct: query returns OEM-survey BEV/BEHV/ICE current-demand percentage changes; wording could be read as individual OEMs.
FINALKGQA514,List the regions with the greatest total current demand reported by OEMs?,True,5,False,,regional_demand,sum,,,,,
FINALKGQA515,What is the overall current demand gap between BL1 and BL2 for Tier1?,True,1,False,,current_demand_baselines,sum,,,,,
FINALKGQA516,How many FutureDemandAnalysis entries correspond to the Tier1 survey?,True,1,False,,future_demand,count,,,,,
FINALKGQA517,"For each month, what are the combined vehicle sales figures, broken out by actual versus forecasted results?",True,48,False,,vehicle_sales,sum,,,,,
FINALKGQA518,What vehicle type dominates in terms of percentage at Level 5 autonomy?,True,1,False,,autonomous_driving,ranking_top,,,,,
FINALKGQA519,Which response type related to order cancellations includes the highest participant count?,True,1,False,,order_cancellation,ranking_top,,,,correct,Returns the response type with the highest summed order-cancellation participant count; matches the top response-type question.
FINALKGQA520,Show me the companies that have reported a semiconductor shortage in any of the relevant surveys?,True,6,False,,shortage,raw_or_lookup,,,,correct,Lists companies reporting semiconductor shortage and their survey type; matches the requested company list across relevant surveys.
FINALKGQA521,What is the overall Tier1 inventory response amount grouped by component and trend?,True,9,False,,inventory,sum,,,,,
FINALKGQA522,What is the count of companies that are linked with the Semiconductor survey?,True,1,False,,catalog_lookup,count,,,,,
FINALKGQA523,Which regions experienced the greatest changes in semiconductor demand percentage each quarter?,True,35,False,,regional_demand,sum,,,,,
FINALKGQA524,What is the overall percentage change when BL1 and BL2 are combined for Tier1 Automotive current demand?,True,2,False,,current_demand_baselines,sum,,,,,
FINALKGQA525,What is the overall quantity of FutureDemandAnalysis entries?,True,1,False,,future_demand,count,,,,,
FINALKGQA526,What is the month with the largest actual vehicle sales total?,True,1,False,,vehicle_sales,ranking_top,,,,,
FINALKGQA527,What is the average autonomous driving development level associated with each vehicle type and SAE level?,True,15,False,,autonomous_driving,average,,,,,
FINALKGQA528,What technology category and response type are documented for order-cancellation participant observations?,True,15,False,,order_cancellation,raw_or_lookup,,,,,
FINALKGQA529,How many semiconductor companies have not provided information about experiencing a semiconductor shortage?,True,1,False,,shortage,count,,,,,
FINALKGQA530,"For semiconductor technologies, which inventory trend and category duo is present in the highest number of cases?",True,1,False,,inventory,ranking_top,,,,,
FINALKGQA531,Provide the conversion factors organized by both technology category and vehicle type?,True,15,False,,catalog_lookup,raw_or_lookup,,correct,"Manual semantic spot check: query returns conversion factors by technology category and vehicle type, matching the requested two-dimensional lookup.",correct,"Manual semantic spot check: query returns conversion factors by technology category and vehicle type, matching the requested two-dimensional lookup."
FINALKGQA532,"What is the total demand reported in Tier1, OEM, and Semiconductor surveys for each region?",True,15,False,,regional_demand,sum,,,,,
FINALKGQA533,Which baseline types have been captured in the dataset?,True,5,False,,current_demand_baselines,raw_or_lookup,,,,,
FINALKGQA534,"Show the combined future demand amounts for Tier1, organized by region and quarter?",True,35,False,,future_demand,sum,,,,,
FINALKGQA535,Which monthly vehicle unit sums are indicated in the forecast data?,True,36,False,,vehicle_sales,sum,,,,,
FINALKGQA536,How does the autonomous driving development percentage average out on a per-year basis?,True,3,False,,autonomous_driving,average,,,,correct,Returns average autonomous-driving percentage per year; matches the question.
FINALKGQA537,What number of OrderCancellation entries are linked with OEM survey submissions?,True,1,False,,order_cancellation,count,,,,,
FINALKGQA538,In which survey type do companies most frequently report shortages?,True,1,False,,shortage,ranking_top,,,,,
FINALKGQA539,List the total count of semiconductor inventory trends grouped by technology category?,True,9,False,,inventory,count,,,,,
FINALKGQA540,Show the total number of active component share categories per Tier1 company?,True,3,False,,catalog_lookup,count,,,,,
FINALKGQA541,"Among all regions, which one reports the least total demand based on the Semiconductor survey data?",True,1,False,,regional_demand,ranking_top,,,,,
FINALKGQA542,Report the count of Tier1 Automotive current-demand entries for both BL1 and BL2 baselines individually?,True,2,False,,current_demand_baselines,count,,,,,
FINALKGQA543,How many FutureDemandAnalysis entries correspond to Semiconductor surveys?,True,1,False,,future_demand,count,,,,,
FINALKGQA544,"For each vehicle type and year, what is the combined sales volume?",True,6,False,,vehicle_sales,sum,,,,,
FINALKGQA545,"What is the average autonomous-driving development value among OEMs when categorized by vehicle type, SAE level, and year?",True,45,False,,autonomous_driving,average,,,,,
FINALKGQA546,What is the total volume of order cancellations recorded for each semiconductor technology category?,True,5,False,,order_cancellation,sum,,,,,
FINALKGQA547,"Among Tier1 companies, what is the count of those that have reported a shortage and those that have not?",True,2,False,,shortage,count,,,,,
FINALKGQA548,"What is the sum of inventory for each category: EV, non-EV, and mixed components?",True,3,False,,inventory,sum,,correct,"Correct: returns inventory trend counts and total per EV, non-EV, and mixed component category.",correct,"Correct: returns inventory trend counts and total per EV, non-EV, and mixed component category."
FINALKGQA549,Show me every technology category name in the catalog?,True,5,False,,catalog_lookup,raw_or_lookup,,,,,
FINALKGQA550,Which region reports the largest total demand based on the OEM survey data?,True,1,False,,regional_demand,ranking_top,,,,,
FINALKGQA551,"Within Tier1 Automotive baselines, which has experienced the highest average percentage change in current demand?",True,1,False,,current_demand_baselines,ranking_top,,,,,
FINALKGQA552,"What are the combined future demand figures for semiconductors, organized by technology category and quarter?",True,40,False,,future_demand,sum,,correct,Correct: returns combined Semiconductor future-demand figures by technology category and quarter across options.,correct,Correct: returns combined Semiconductor future-demand figures by technology category and quarter across options.
FINALKGQA553,What is the aggregate number of forecast vehicle sales units reflected in the records?,True,1,False,,vehicle_sales,sum,,correct,"Manual semantic spot check: query returns one aggregate SUM of forecast vehicle sales units, matching the requested aggregate forecast sales total.",correct,"Manual semantic spot check: query returns one aggregate SUM of forecast vehicle sales units, matching the requested aggregate forecast sales total."
FINALKGQA554,"What are the average autonomous-driving development metrics for Tier1 suppliers, organized according to vehicle type, SAE level, and year?",True,45,False,,autonomous_driving,average,,,,,
FINALKGQA555,How is the total count of semiconductor order cancellation responses distributed across different technology categories and response types?,True,15,False,,order_cancellation,sum,,correct,Correct: query sums order-cancellation participant counts by technology category and response type.,correct,Correct: query sums order-cancellation participant counts by technology category and response type.
FINALKGQA556,What is the total count of Tier1 companies that mention a semiconductor shortage in their reports?,True,1,False,,shortage,count,,,,,
FINALKGQA557,"How many inventory entries in Tier1 companies have a status of increase, stable, or decrease?",True,3,False,,inventory,count,,,,,
FINALKGQA558,What is the count of all Quarter entities in the system?,True,1,False,,catalog_lookup,count,,,,,
FINALKGQA559,What is the average quarterly trend in demand percentage reported by the Tier1 survey?,True,7,False,,regional_demand,average,,correct,Correct: computes average Tier1 demand percentage change by quarter; trend flag is a false positive from wording.,correct,Correct: computes average Tier1 demand percentage change by quarter; trend flag is a false positive from wording.
FINALKGQA560,How large is the overall percentage change in current demand for BL1 and BL2 when considering Tier1?,True,2,False,,current_demand_baselines,sum,,,,,
FINALKGQA561,Provide the overall future demand percentage per region and quarter as indicated by OEM survey responses?,True,35,False,,future_demand,sum,,correct,Correct: returns OEM future-demand percentage share by region and quarter.,correct,Correct: returns OEM future-demand percentage share by region and quarter.
FINALKGQA562,For which month are forecast vehicle sales projected to be the highest?,True,1,False,,vehicle_sales,ranking_top,,,,,
FINALKGQA563,"What is the average autonomous driving percentage per OEM, segmented by vehicle, SAE level, and year?",True,45,False,,autonomous_driving,average,,,,,
FINALKGQA564,What is the count of OrderCancellation events that are linked with the Tier1 survey?,True,1,False,,order_cancellation,count,,,,,
FINALKGQA565,"Across the Tier1, OEM, and Semiconductor surveys, how many companies are indicated as facing shortages in each survey?",True,6,False,,shortage,count,,,,,
FINALKGQA566,Show the total Tier1 inventory participant count broken down by component?,True,3,False,,inventory,sum,,,,correct,"Semantically valid: question explicitly asks Tier1 inventory participant count by component, and the query sums participantCount per component."
FINALKGQA567,Could you provide the list of quarters referenced in this dataset?,True,8,False,,catalog_lookup,raw_or_lookup,,,,,
FINALKGQA568,Which regions and quarters experienced the greatest overall shifts in OEM demand percentage?,True,35,False,,regional_demand,sum,,,,,
FINALKGQA569,What is the total Tier1 current demand percentage change difference between BL1 and BL2?,True,1,False,,current_demand_baselines,sum,,,,,
FINALKGQA570,"List the future demand percentage totals for Semiconductor, organized by region and quarter?",True,35,False,,future_demand,sum,,,,,
FINALKGQA571,Which vehicle type posts the highest total sales in a given year?,True,1,False,,vehicle_sales,ranking_top,,,,,
FINALKGQA572,"Across Tier1 suppliers, how does autonomous driving development average out when analyzed by both vehicle type and SAE level?",True,45,False,,autonomous_driving,average,,needs_recheck,"Pasted Fuseki output showed no data, but the repaired gold validation reported this query as non-empty. Re-run using evaluation/question_sets/true_demand_final_1000_gold_repaired.json with prefixes to confirm.",correct,Rechecked using the repaired gold query; corrected Tier1 autonomous-driving hasDetail path returns data and matches the requested vehicle type and SAE-level grouping.
FINALKGQA573,What is the aggregate count of order cancellation responses per semiconductor technology category?,True,15,False,,order_cancellation,sum,,correct,Correct after repair: returns aggregate order-cancellation response count per semiconductor technology category.,correct,Correct after repair: returns aggregate order-cancellation response count per semiconductor technology category.
FINALKGQA574,"For semiconductor companies, how many reported a shortage versus those that did not?",True,2,False,,shortage,count,,,,,
FINALKGQA575,"Per component, what is the total count of Tier1 inventory trend records?",True,9,False,,inventory,count,,correct,Correct: query counts Tier1 inventory trend records per component.,correct,Correct: query counts Tier1 inventory trend records per component.
FINALKGQA576,How many companies are listed as being linked with the OEM survey?,True,1,False,,catalog_lookup,count,,,,,
FINALKGQA577,Which region leads in semiconductor demand volume?,True,1,False,,regional_demand,ranking_top,,,,,
FINALKGQA578,What is the mean current-demand change at BL1 and BL2 levels for Automotive Tier1 survey participants?,True,2,False,,current_demand_baselines,average,,,,correct,Returns mean current-demand change for BL1 and BL2 in Tier1 Automotive; matches the question.
FINALKGQA579,"Among all technology categories, which one records the maximum average percentage change in future demand projections?",True,1,False,,future_demand,ranking_top,,,,,
FINALKGQA580,"List the aggregate number of vehicle units sold by month, using only actual sales information?",True,12,False,,vehicle_sales,sum,,,,,
FINALKGQA581,What is the number of SAE levels represented in the available information?,True,1,False,,autonomous_driving,count,,,,correct,Counts distinct SAE levels represented; matches the question.
FINALKGQA582,How many OrderCancellation transactions are tied to the Semiconductor survey?,True,1,False,,order_cancellation,count,,,,,
FINALKGQA583,"Which survey types have companies reporting shortages, and what is the count for each type?",True,6,False,,shortage,count,,,,,
FINALKGQA584,How does the Tier1 inventory trend data appear for each component?,True,18,False,,inventory,raw_or_lookup,,correct,Correct: returns Tier1 inventory trend data by component.,correct,Correct: returns Tier1 inventory trend data by component.
FINALKGQA585,Which technology categories can be identified along with their current demand values and the respective percent changes?,True,5,False,,catalog_lookup,raw_or_lookup,,correct,Correct: returns technology categories with current demand and B1/B2 percent-change values.,correct,Correct: returns technology categories with current demand and B1/B2 percent-change values.
FINALKGQA586,Could you provide both the total and the average demand levels reported in the Semiconductor survey?,True,1,False,,regional_demand,average,,,,,
FINALKGQA587,"When considering Tier1 automotive survey feedback, what is the summed percentage change in current demand for BL1 and BL2?",True,1,False,,current_demand_baselines,sum,,,,correct,Returns summed BL1 and BL2 current-demand percentage changes for Tier1 automotive; matches the question.
FINALKGQA588,"Across different quarters, how does the average percentage change in future demand differ among vehicle types?",True,24,False,,future_demand,average,,,,,
FINALKGQA589,What is the aggregate number of actual vehicle-sales units reported?,True,1,False,,vehicle_sales,sum,,,,,
FINALKGQA590,How many AutonomousDrivingDevelopment records are there?,True,1,False,,autonomous_driving,count,,,,,
FINALKGQA591,What is the aggregate number of OrderCancellation entries?,True,1,False,,order_cancellation,count,,,,correct,Counts OrderCancellation entries; matches the aggregate-count question.
FINALKGQA592,How many Tier1 companies are there that have not reported any semiconductor shortages?,True,1,False,,shortage,count,,,,,
FINALKGQA593,What component has the greatest overall Tier1 inventory participant count?,True,1,False,,inventory,ranking_top,,correct,Correct: sums Tier1 inventory participants by component and returns the greatest component.,correct,Correct: sums Tier1 inventory participants by component and returns the greatest component.
FINALKGQA594,Identify all regions that are recorded in the system?,True,5,False,,catalog_lookup,raw_or_lookup,,,,,
FINALKGQA595,What is the aggregate Tier1 demand reported for the Americas region?,True,1,False,,regional_demand,sum,,,,,
FINALKGQA596,Identify the percentage changes recorded for BL1 and BL2 baselines under Tier1 automotive?,True,2,False,,current_demand_baselines,raw_or_lookup,,,,,
FINALKGQA597,"What are the quarterly totals of future demand for Option1, Option2, and Option3 in Automotive?",True,8,False,,future_demand,sum,,,,correct,"Returns quarterly future-demand totals for Option1, Option2, and Option3 in Automotive; shape matches the requested pivoted totals."
FINALKGQA598,Could you provide the number of vehicle sales observations identified as actual and those identified as forecast?,True,2,False,,vehicle_sales,count,,,,,
FINALKGQA599,Which pairing of vehicle type and SAE level reports the highest percentage of autonomous driving?,True,1,False,,autonomous_driving,ranking_top,,,,correct,Returns the vehicle type and SAE-level pairing with the highest autonomous-driving percentage; matches the question.
FINALKGQA600,Which order cancellation response type attracts the largest number of participants?,True,1,False,,order_cancellation,ranking_top,,correct,Correct: sums order-cancellation participants by response type and returns the largest response type.,correct,Correct: sums order-cancellation participants by response type and returns the largest response type.
FINALKGQA601,"How many OEM companies have indicated a shortage, and how many have not?",True,2,False,,shortage,count,,,,correct,Returns yes/no shortage counts for OEM companies; matches the question.
FINALKGQA602,List the total Tier1 inventory responses segmented by both component and trend?,True,9,False,,inventory,sum,,,,,
FINALKGQA603,What is the number of regions captured in the survey data?,True,1,False,,catalog_lookup,count,,,,,
FINALKGQA604,How does the combined demand from Tier1 and OEM differ across regions?,True,5,False,,regional_demand,sum,,,,,
FINALKGQA605,Determine the total current demand delta by subtracting BL2 from BL1 for Tier1?,True,1,False,,current_demand_baselines,sum,,correct,Correct: computes the Tier1 BL1-minus-BL2 current-demand delta.,correct,Correct: computes the Tier1 BL1-minus-BL2 current-demand delta.
FINALKGQA606,How many FutureDemandAnalysis records are tied to OEM survey information?,True,1,False,,future_demand,count,,,,correct,Counts FutureDemandAnalysis records tied to OEM survey information; matches the question.
FINALKGQA607,Which months had what total vehicle sales units according to the actual figures?,True,12,False,,vehicle_sales,sum,,,,,
FINALKGQA608,What is the mean autonomous-driving percentage recorded for each vehicle type when considering data from all years?,True,9,False,,autonomous_driving,average,,correct,Correct: query averages autonomous-driving percentage by vehicle type across all years without grouping by year.,correct,Correct: query averages autonomous-driving percentage by vehicle type across all years without grouping by year.
FINALKGQA609,How is each order-cancellation participant observation classified by technology category and response type?,True,15,False,,order_cancellation,raw_or_lookup,,correct,Correct: returns classification of each order-cancellation participant observation by technology category and response type.,correct,Correct: returns classification of each order-cancellation participant observation by technology category and response type.
FINALKGQA610,Identify the total number of OEM companies that have reported a semiconductor shortage?,True,1,False,,shortage,count,,,,,
FINALKGQA611,Which semiconductor technology category combined with an inventory trend occurs in the greatest number of records?,True,1,False,,inventory,ranking_top,,,,,
FINALKGQA612,How many distinct companies are tied to the Tier1 survey?,True,1,False,,catalog_lookup,count,,,,,
FINALKGQA613,How many DemandForRegion items are connected to the Semiconductor survey?,True,1,False,,regional_demand,count,,,,,
FINALKGQA614,How do the percentage-change values for BL1 and BL2 add up in Tier1 Automotive current demand?,True,2,False,,current_demand_baselines,sum,,correct,"Manual semantic spot check: query returns BL1 and BL2 percentage-change sums for Tier1 Automotive current demand, matching the requested grouped baseline sum.",correct,"Manual semantic spot check: query returns BL1 and BL2 percentage-change sums for Tier1 Automotive current demand, matching the requested grouped baseline sum."
FINALKGQA615,Display the future-demand percentages sorted by technology category and quarter?,True,120,False,,future_demand,raw_or_lookup,,correct,Correct: returns future-demand percentages ordered by technology category and quarter.,correct,Correct: returns future-demand percentages ordered by technology category and quarter.
FINALKGQA616,How many VehicleSalesObservation records have been recorded?,True,1,False,,vehicle_sales,count,,,,,
FINALKGQA617,Which vehicle type features the highest percentage at Level 5 autonomy?,True,1,False,,autonomous_driving,ranking_top,,,,correct,Returns the vehicle type with the highest SAE Level 5 autonomous-driving percentage; matches the question.
FINALKGQA618,How many OrderCancellation entries reference OEM survey documents?,True,1,False,,order_cancellation,count,,,,,
FINALKGQA619,What are the counts of semiconductor companies that have experienced shortages and those that have not?,True,2,False,,shortage,count,,,,,
FINALKGQA620,Provide the number of semiconductor inventory trends corresponding to each technology category?,True,9,False,,inventory,count,,,,,
FINALKGQA621,"What survey types can be found among the Tier1, OEM, and Semiconductor categories?",True,3,False,,catalog_lookup,raw_or_lookup,,,,,
FINALKGQA622,List the regions with the largest total current demand for semiconductors?,True,5,False,,regional_demand,sum,,,,,
FINALKGQA623,Provide the set of baseline types represented in the data?,True,5,False,,current_demand_baselines,raw_or_lookup,,,,correct,Lists distinct baseline types represented in the data; matches the question.
FINALKGQA624,Determine the mean change in future demand for each technology bucket in each quarter?,True,40,False,,future_demand,average,,,,correct,Returns average future-demand change per technology bucket and quarter; matches the grouped mean request.
FINALKGQA625,"List the total vehicle sales for every month, indicating which figures are actual results and which are forecasts?",True,48,False,,vehicle_sales,sum,,,,,
FINALKGQA626,What are the average autonomous driving development levels found for each vehicle type and SAE level grouping?,True,15,False,,autonomous_driving,average,,,,,
FINALKGQA627,How do order cancellations accumulate within each semiconductor technology category?,True,5,False,,order_cancellation,sum,,,,,
FINALKGQA628,"Among OEM companies, how many responded yes to having a shortage and how many responded no?",True,2,False,,shortage,count,,,,,
FINALKGQA629,"How does the total inventory compare among EV, non-EV, and mixed component segments?",True,3,False,,inventory,sum,,,,,
FINALKGQA630,Which technology category stands out for having the greatest current demand?,True,1,False,,catalog_lookup,ranking_top,,,,,
FINALKGQA631,"How does the sum of demand compare across regions when grouped by survey type: Tier1, OEM, and Semiconductor?",True,15,False,,regional_demand,sum,,,,correct,"Returns regional demand sums grouped by survey type; matches the requested comparison across Tier1, OEM, and Semiconductor."
FINALKGQA632,What is the quantity of Tier1 Automotive current-demand entries registered for BL1 versus BL2 baselines?,True,2,False,,current_demand_baselines,count,,,,,
FINALKGQA633,"Across quarters, how much does the percentage change in future demand add up to for each technology category?",True,40,False,,future_demand,sum,,,,correct,Returns summed future-demand percentage change grouped by technology category and quarter; matches the requested cumulative per-quarter breakdown.
FINALKGQA634,Which month saw the highest volume of actual vehicle sales?,True,1,False,,vehicle_sales,ranking_top,,,,,
FINALKGQA635,What is the average percentage of autonomous driving development reported annually?,True,3,False,,autonomous_driving,average,,,,,
FINALKGQA636,What is the total number of semiconductor order cancellation responses for each combination of technology category and response type?,True,15,False,,order_cancellation,sum,,correct,Correct: sums semiconductor order-cancellation participant counts by technology category and response type.,correct,Correct: sums semiconductor order-cancellation participant counts by technology category and response type.
FINALKGQA637,What is the distribution of Tier1 companies based on whether they reported a shortage or not?,True,2,False,,shortage,count,,,,,
FINALKGQA638,"Among Tier1 companies, what is the total number of inventory entries with a status of increase, stable, or decrease?",True,3,False,,inventory,count,,,,,
FINALKGQA639,How many companies are registered in the catalog?,True,1,False,,catalog_lookup,count,,,,,
FINALKGQA640,Which region reports the largest total demand based on Tier1 survey data?,True,1,False,,regional_demand,ranking_top,,,,,
FINALKGQA641,Which Tier1 Automotive baseline leads in terms of average current-demand percentage change?,True,1,False,,current_demand_baselines,ranking_top,,,,,
FINALKGQA642,Which vehicle type demonstrates the maximum average change in predicted future demand?,True,1,False,,future_demand,ranking_top,,,,,
FINALKGQA643,What are the monthly aggregated vehicle unit counts from the forecast data?,True,36,False,,vehicle_sales,sum,,correct,Correct: returns monthly aggregated forecast vehicle unit counts.,correct,Correct: returns monthly aggregated forecast vehicle unit counts.
FINALKGQA644,"Please show the average autonomous-driving development for OEMs, broken down by vehicle type, SAE level, and year?",True,45,False,,autonomous_driving,average,,,,,
FINALKGQA645,How many OrderCancellation items are associated with the Tier1 survey?,True,1,False,,order_cancellation,count,,,,correct,Counts OrderCancellation items linked to Tier1 survey; zero count is valid evidence for this count question.
FINALKGQA646,How many companies classified as semiconductor firms have reported a shortage in semiconductors?,True,1,False,,shortage,count,,,,,
FINALKGQA647,"Across all components, what is the cumulative Tier1 inventory participant total for each one?",True,3,False,,inventory,sum,,probably_correct,"Manual semantic spot check: query returns cumulative Tier1 inventory participant totals by component. Shape matches the question, but inventory participant-count modelling should remain under review.",correct,"Semantically valid: question concerns cumulative Tier1 inventory participant totals by component, and the query returns participantCount totals per component."
FINALKGQA648,How many TechnologyCategory types are included in our catalog?,True,1,False,,catalog_lookup,count,,,,,
FINALKGQA649,Which regions report the highest overall demand based on the Tier1 survey data?,True,5,False,,regional_demand,sum,,,,,
FINALKGQA650,"For Tier1, what is the total of the current demand percentage changes for both BL1 and BL2?",True,2,False,,current_demand_baselines,sum,,,,,
FINALKGQA651,How many FutureDemandAnalysis entries are tied to the Tier1 survey?,True,1,False,,future_demand,count,,,,correct,Counts FutureDemandAnalysis entries tied to Tier1 survey; zero count is valid for this count question.
FINALKGQA652,List the overall sales totals for every vehicle type in each year?,True,6,False,,vehicle_sales,sum,,,,,
FINALKGQA653,"Among Tier1 suppliers, how is the average autonomous-driving development distributed when considering vehicle type, SAE level, and year?",True,45,False,,autonomous_driving,average,,,,,
FINALKGQA654,"Across semiconductor technology categories, what is the cumulative number of order cancellation responses?",True,15,False,,order_cancellation,sum,,correct,Correct after repair: returns cumulative order-cancellation response count across semiconductor technology categories.,correct,Correct after repair: returns cumulative order-cancellation response count across semiconductor technology categories.
FINALKGQA655,What is the total number of OEM companies that did not report a semiconductor shortage?,True,1,False,,shortage,count,,,,,
FINALKGQA656,"For each component, what is the total number of Tier1 inventory trend records available?",True,9,False,,inventory,count,,correct,Correct: query counts Tier1 inventory trend records per component.,correct,Correct: query counts Tier1 inventory trend records per component.
FINALKGQA657,"Provide the current-demand percentage change for BEV, BEHV, and ICE for every OEM?",True,3,False,,catalog_lookup,raw_or_lookup,,,,,
FINALKGQA658,Identify the survey type that records the maximum aggregate demand across all data?,True,1,False,,regional_demand,ranking_top,,,,,
FINALKGQA659,What is the cumulative difference in Tier1 current demand percentage change between BL1 and BL2?,True,1,False,,current_demand_baselines,sum,,,,,
FINALKGQA660,How many FutureDemandAnalysis items are currently listed?,True,1,False,,future_demand,count,,,,,
FINALKGQA661,Could you tell me the sum of all forecast vehicle sales units reported in the data?,True,1,False,,vehicle_sales,sum,,,,,
FINALKGQA662,"How does the average percentage of autonomous driving vary for OEMs when analyzed by vehicle, SAE level, and year?",True,45,False,,autonomous_driving,average,,correct,"Correct: query averages OEM autonomous-driving percentage by vehicle type, SAE level, and year.",correct,"Correct: query averages OEM autonomous-driving percentage by vehicle type, SAE level, and year."
FINALKGQA663,What is the quantity of OrderCancellation entries that reference the Semiconductor survey?,True,1,False,,order_cancellation,count,,,,,
FINALKGQA664,Which companies have disclosed a semiconductor shortage in their survey feedback?,True,6,False,,shortage,raw_or_lookup,,,,correct,Lists companies disclosing shortage across survey types; matches the question.
FINALKGQA665,What Tier1 inventory trend information is documented for each component?,True,18,False,,inventory,raw_or_lookup,,correct,Correct: returns Tier1 inventory trend information by component.,correct,Correct: returns Tier1 inventory trend information by component.
FINALKGQA666,How many distinct companies are listed as participants in the Semiconductor survey?,True,1,False,,catalog_lookup,count,,,,,
FINALKGQA667,What is the average demand percentage change by vehicle type according to the OEM survey results?,True,7,False,,catalog_lookup,average,,correct,Correct after repair: question now matches the populated OEM DemandResponse percentage-change path grouped by vehicle type; the original quarterly wording was not supported by a percentage-scale quarterly path.,correct,Correct after repair: question now matches the populated OEM DemandResponse percentage-change path grouped by vehicle type; the original quarterly wording was not supported by a percentage-scale quarterly path.
FINALKGQA668,"For Tier1 respondents in the Automotive domain, what average change in current-demand is seen at BL1 and BL2?",True,2,False,,current_demand_baselines,average,,,,,
FINALKGQA669,How much future demand is expected for Tier1 when grouped by region and quarter?,True,35,False,,future_demand,sum,,,,,
FINALKGQA670,Name the month when forecasted vehicle sales are at their highest level?,True,1,False,,vehicle_sales,ranking_top,,,,,
FINALKGQA671,What is the average autonomous driving development for each combination of vehicle type and SAE level among Tier1 suppliers?,True,45,False,,autonomous_driving,average,,correct,Correct: query averages Tier1 autonomous-driving development by vehicle type and SAE level.,correct,Correct: query averages Tier1 autonomous-driving development by vehicle type and SAE level.
FINALKGQA672,How many OrderCancellation records exist in total?,True,1,False,,order_cancellation,count,,,,,
FINALKGQA673,What is the total count of semiconductor companies that have not reported any semiconductor shortage?,True,1,False,,shortage,count,,,,,
FINALKGQA674,Which component is linked to the highest total of Tier1 inventory participants?,True,1,False,,inventory,ranking_top,,,,,
FINALKGQA675,"For each technology category and vehicle type, what conversion factors are available?",True,15,False,,catalog_lookup,raw_or_lookup,,correct,Correct: returns conversion factors for each technology category and vehicle type.,correct,Correct: returns conversion factors for each technology category and vehicle type.
FINALKGQA676,Could you provide the overall and mean demand levels indicated by the OEM survey?,True,1,False,,regional_demand,average,,correct,Correct: returns both total and average OEM demand levels.,correct,Correct: returns both total and average OEM demand levels.
FINALKGQA677,What is the total of the percentage changes in current demand for BL1 and BL2 based on Tier1 automotive survey responses?,True,1,False,,current_demand_baselines,sum,,correct,Correct: returns combined BL1 and BL2 Tier1 Automotive current-demand percentage changes.,correct,Correct: returns combined BL1 and BL2 Tier1 Automotive current-demand percentage changes.
FINALKGQA678,How many FutureDemandAnalysis entries are tied to Semiconductor surveys?,True,1,False,,future_demand,count,,,,,
FINALKGQA679,Which vehicle type reaches the top spot for total yearly sales?,True,1,False,,vehicle_sales,ranking_top,,,,,
FINALKGQA680,How many SAE levels are covered in the data?,True,1,False,,autonomous_driving,count,,,,,
FINALKGQA681,Which response type for order cancellations has the highest overall participant involvement?,True,1,False,,order_cancellation,ranking_top,,,,,
FINALKGQA682,Which survey type is linked to the highest count of companies that have reported a shortage?,True,1,False,,shortage,ranking_top,,correct,Correct: returns all survey types tied for the highest shortage-reporting company count.,correct,Correct: returns all survey types tied for the highest shortage-reporting company count.
FINALKGQA683,Report the sum of Tier1 inventory responses organized according to component and trend?,True,9,False,,inventory,sum,,correct,Correct: returns summed Tier1 inventory responses by component and trend.,correct,Correct: returns summed Tier1 inventory responses by component and trend.
FINALKGQA684,How many active component share categories are linked to each Tier1 company?,True,3,False,,catalog_lookup,count,,,,,
FINALKGQA685,Which region stands out with the largest total demand based on the Semiconductor survey data?,True,1,False,,regional_demand,ranking_top,,,,,
FINALKGQA686,Could you specify the percentage changes for BL1 and BL2 baselines relevant to Tier1 automotive?,True,2,False,,current_demand_baselines,raw_or_lookup,,,,,
FINALKGQA687,"Detail the cumulative future demand for semiconductors, grouped by technology category and quarter?",True,40,False,,future_demand,sum,,,,,
FINALKGQA688,"How many vehicle units were sold per month, taking into account only actual sales data?",True,12,False,,vehicle_sales,sum,,,,,
FINALKGQA689,Could you tell me the total count of AutonomousDrivingDevelopment entries?,True,1,False,,autonomous_driving,count,,correct,"Manual semantic spot check: query returns the total count of AutonomousDrivingDevelopment entries, matching the requested count.",correct,"Manual semantic spot check: query returns the total count of AutonomousDrivingDevelopment entries, matching the requested count."
FINALKGQA690,Detail the technology category and response type assigned to each order-cancellation participant observation?,True,15,False,,order_cancellation,raw_or_lookup,,,,,
FINALKGQA691,What is the distribution of Tier1 companies based on whether they reported a shortage or not?,True,2,False,,shortage,count,,,,,
FINALKGQA692,Which semiconductor technology category and inventory trend pairing is documented most often in the data?,True,1,False,,inventory,ranking_top,,correct,Correct: returns the most frequent semiconductor technology-category and inventory-trend pairing.,correct,Correct: returns the most frequent semiconductor technology-category and inventory-trend pairing.
FINALKGQA693,What technology category names are present in the catalog?,True,5,False,,catalog_lookup,raw_or_lookup,,,,,
FINALKGQA694,What is the mean Tier1 demand reported for the Americas region?,True,1,False,,regional_demand,average,,,,,
FINALKGQA695,What is the combined current demand for Tier1 in BL1 after subtracting the BL2 value?,True,1,False,,current_demand_baselines,sum,,,,,
FINALKGQA696,List the summed future demand percentages by region and quarter as reported by OEMs?,True,35,False,,future_demand,sum,,,,,
FINALKGQA697,Give me the combined total of actual vehicle-sales units that have been logged?,True,1,False,,vehicle_sales,sum,,,,,
FINALKGQA698,What vehicle type and SAE level combination reaches the peak percentage for autonomous driving?,True,1,False,,autonomous_driving,ranking_top,,,,,
FINALKGQA699,What is the quantity of OrderCancellation entries that pertain to OEM survey materials?,True,1,False,,order_cancellation,count,,,,,
FINALKGQA700,How many Tier1 companies have disclosed a semiconductor shortage in their survey responses?,True,1,False,,shortage,count,,correct,Correct: counts Tier1 companies disclosing shortage; response-type flag is false positive.,correct,Correct: counts Tier1 companies disclosing shortage; response-type flag is false positive.
FINALKGQA701,What is the total number of semiconductor inventory trends available for every technology category?,True,9,False,,inventory,count,,,,,
FINALKGQA702,How many Quarter entities can be found in the data?,True,1,False,,catalog_lookup,count,,,,,
FINALKGQA703,"What is the total demand reported by Tier1, OEM, and Semiconductor groups in each region?",True,15,False,,regional_demand,sum,,,,,
FINALKGQA704,Sum the percentage-change metrics for BL1 and BL2 as reported in Tier1 Automotive current demand?,True,2,False,,current_demand_baselines,sum,,,,,
FINALKGQA705,How does the cumulative future demand percentage for Semiconductor compare across regions and quarters?,True,35,False,,future_demand,sum,,,,,
FINALKGQA706,How are vehicle sales observations distributed between actual and forecast classifications?,True,2,False,,vehicle_sales,count,,correct,"Manual semantic spot check: query returns actual/forecast labels and observation counts, matching the requested distribution by data classification.",correct,"Manual semantic spot check: query returns actual/forecast labels and observation counts, matching the requested distribution by data classification."
FINALKGQA707,"List the average autonomous-driving percentage associated with each vehicle type, taking all years into account?",True,9,False,,autonomous_driving,average,,,,,
FINALKGQA708,Which semiconductor technology categories account for the greatest total number of order cancellations?,True,5,False,,order_cancellation,sum,,,,,
FINALKGQA709,"In the Tier1, OEM, and Semiconductor survey findings, how many companies are listed as experiencing shortages per survey?",True,6,False,,shortage,count,,,,,
FINALKGQA710,"List the cumulative inventory amounts for EV, non-EV, and mixed component segments?",True,3,False,,inventory,sum,,,,,
FINALKGQA711,Identify every quarter label that appears within the dataset?,True,8,False,,catalog_lookup,raw_or_lookup,,,,,
FINALKGQA712,How many DemandForRegion items have connections to OEM survey data?,True,1,False,,regional_demand,count,,,,,
FINALKGQA713,What baseline types does the dataset contain?,True,5,False,,current_demand_baselines,raw_or_lookup,,,,,
FINALKGQA714,"For technology categories, which one reports the highest average percentage change in predicted future demand?",True,1,False,,future_demand,ranking_top,,,,correct,Returns the technology category with highest average projected future-demand percentage change; matches the question.
FINALKGQA715,Give the total number of vehicle sales units for every month using actual data?,True,12,False,,vehicle_sales,sum,,,,,
FINALKGQA716,"At Level 5 autonomy, which vehicle type records the peak percentage?",True,1,False,,autonomous_driving,ranking_top,,,,,
FINALKGQA717,"Across technology categories and response types, what is the cumulative count of semiconductor order cancellation responses?",True,15,False,,order_cancellation,sum,,correct,Correct: sums semiconductor order-cancellation participant counts by technology category and response type.,correct,Correct: sums semiconductor order-cancellation participant counts by technology category and response type.
FINALKGQA718,"Among semiconductor companies, what is the count of firms that indicated a shortage versus those that reported no shortage?",True,2,False,,shortage,count,,,,correct,Returns yes/no shortage counts for Semiconductor-survey companies; matches the requested shortage-vs-no-shortage count.
FINALKGQA719,"Within Tier1 companies, what is the total count of inventory entries assigned to the increase, stable, or decrease categories?",True,3,False,,inventory,count,,,,,
FINALKGQA720,What is the count of companies that are tied to the OEM survey?,True,1,False,,catalog_lookup,count,,,,,
FINALKGQA721,"Among all regions, which one reports the least total demand based on the OEM survey data?",True,1,False,,regional_demand,ranking_top,,,,,
FINALKGQA722,Show the number of Tier1 Automotive current-demand entries that have been recorded for each of the baselines BL1 and BL2?,True,2,False,,current_demand_baselines,count,,,,,
FINALKGQA723,How does the average percentage change in anticipated demand compare among vehicle types for each quarter?,True,24,False,,future_demand,average,,,,,
FINALKGQA724,What is the total count of VehicleSalesObservation records currently in the system?,True,1,False,,vehicle_sales,count,,correct,"Manual semantic spot check: query returns the total count of VehicleSalesObservation records, matching the requested count.",correct,"Manual semantic spot check: query returns the total count of VehicleSalesObservation records, matching the requested count."
FINALKGQA725,"On average, how does autonomous driving development score for each vehicle type and SAE level pairing?",True,15,False,,autonomous_driving,average,,,,,
FINALKGQA726,How many OrderCancellation entries have an association with the Tier1 survey?,True,1,False,,order_cancellation,count,,,,,
FINALKGQA727,How many companies have indicated a shortage within each survey type?,True,6,False,,shortage,count,,,,,
FINALKGQA728,How does the sum of Tier1 inventory participants compare across different components?,True,3,False,,inventory,sum,,,,,
FINALKGQA729,"Identify the technology categories, specifying each one's current demand and its percentage change?",True,5,False,,catalog_lookup,raw_or_lookup,,,,,
FINALKGQA730,Which regions account for the highest overall demand in the Semiconductor survey?,True,5,False,,regional_demand,sum,,,,,
FINALKGQA731,Which Tier1 Automotive baseline demonstrates the highest average percentage change in current demand?,True,1,False,,current_demand_baselines,ranking_top,,,,,
FINALKGQA732,"How does the total future demand for Option1, Option2, and Option3 in Automotive break down per quarter?",True,8,False,,future_demand,sum,,,,,
FINALKGQA733,How do the total vehicle sales per month differ between actual results and forecasts?,True,48,False,,vehicle_sales,sum,,,,,
FINALKGQA734,"In each year, what was the average percentage reached in autonomous driving development?",True,3,False,,autonomous_driving,average,,,,,
FINALKGQA735,Break down the number of order cancellation responses according to semiconductor technology category?,True,15,False,,order_cancellation,sum,,correct,Correct after repair: breaks down order-cancellation response count by semiconductor technology category.,correct,Correct after repair: breaks down order-cancellation response count by semiconductor technology category.
FINALKGQA736,What is the total count of Tier1 companies that have not reported a semiconductor shortage?,True,1,False,,shortage,count,,,,,
FINALKGQA737,How many Tier1 inventory trend records pertain to each component?,True,9,False,,inventory,count,,,,,
FINALKGQA738,What region names can be found in the database?,True,5,False,,catalog_lookup,raw_or_lookup,,,,,
FINALKGQA739,Could you tell me the mean OEM demand figure for the Americas region?,True,1,False,,regional_demand,average,,correct,Correct: returns mean OEM demand for the Americas region.,correct,Correct: returns mean OEM demand for the Americas region.
FINALKGQA740,"In Tier1, how much is the percentage change in current demand when BL1 and BL2 are combined?",True,2,False,,current_demand_baselines,sum,,,,correct,Returns BL1 and BL2 summed percentage changes in Tier1 current demand; matches the question.
FINALKGQA741,How many FutureDemandAnalysis entries are linked with OEM survey results?,True,1,False,,future_demand,count,,,,,
FINALKGQA742,Point out the month with the maximum actual vehicle sales figure?,True,1,False,,vehicle_sales,ranking_top,,,,,
FINALKGQA743,"How does autonomous-driving development average out for OEMs when analyzed by vehicle type, SAE level, and year?",True,45,False,,autonomous_driving,average,,,,,
FINALKGQA744,How many OrderCancellation actions are associated with the Semiconductor survey?,True,1,False,,order_cancellation,count,,,,,
FINALKGQA745,Provide the counts of OEM companies that answered yes to experiencing a shortage and those that answered no?,True,2,False,,shortage,count,,,,,
FINALKGQA746,Could you enumerate the Tier1 inventory trend results for each component?,True,18,False,,inventory,raw_or_lookup,,,,correct,"Enumerates Tier1 inventory trend records for each component; matches the requested listing, not an aggregate."
FINALKGQA747,How many separate regions are recorded in the survey results?,True,1,False,,catalog_lookup,count,,,,,
FINALKGQA748,Provide the sum of OEM demand categorized by both region and quarter?,True,35,False,,regional_demand,sum,,,,,
FINALKGQA749,How much is the net percentage change in Tier1 current demand when moving from BL1 to BL2?,True,1,False,,current_demand_baselines,sum,,,,,
FINALKGQA750,"For each technology category and quarter, what are the reported future-demand percentage values?",True,120,False,,future_demand,raw_or_lookup,,correct,Correct: returns reported future-demand percentage values by technology category and quarter.,correct,Correct: returns reported future-demand percentage values by technology category and quarter.
FINALKGQA751,List the sum of vehicle units for every month as provided in the forecast data?,True,36,False,,vehicle_sales,sum,,,,,
FINALKGQA752,"For Tier1 suppliers, how does autonomous-driving development average out when analyzed by vehicle type, SAE level, and year?",True,45,False,,autonomous_driving,average,,,,,
FINALKGQA753,What is the overall quantity of OrderCancellation entries?,True,1,False,,order_cancellation,count,,,,,
FINALKGQA754,How many OEM companies have acknowledged a semiconductor shortage in their reports?,True,1,False,,shortage,count,,,,correct,Counts OEM companies that reported shortage; matches the question.
FINALKGQA755,"Among all components, which one has the most Tier1 inventory participants?",True,1,False,,inventory,ranking_top,,,,,
FINALKGQA756,How many company records are related to the Tier1 survey?,True,1,False,,catalog_lookup,count,,,,,
FINALKGQA757,Please provide the aggregate OEM demand value for the Americas region?,True,1,False,,regional_demand,sum,,,,,
FINALKGQA758,What average change in current-demand is indicated at BL1 and BL2 by Tier1 Automotive survey responses?,True,2,False,,current_demand_baselines,average,,correct,Correct: averages BL1 and BL2 Tier1 Automotive current-demand percentage changes.,correct,Correct: averages BL1 and BL2 Tier1 Automotive current-demand percentage changes.
FINALKGQA759,"On a per-quarter basis, what is the mean future-demand change for each technology bucket?",True,40,False,,future_demand,average,,correct,"Manual semantic spot check: query returns average future-demand change by technology category and quarter, matching the requested per-quarter technology-bucket breakdown.",correct,"Manual semantic spot check: query returns average future-demand change by technology category and quarter, matching the requested per-quarter technology-bucket breakdown."
FINALKGQA760,What is the aggregate number of vehicles sold per type for each year?,True,6,False,,vehicle_sales,sum,,,,,
FINALKGQA761,"Show the average autonomous driving percentage for OEMs, categorized by vehicle, SAE level, and year?",True,45,False,,autonomous_driving,average,,correct,"Correct: returns OEM autonomous-driving average percentage by vehicle type, SAE level, and year.",correct,"Correct: returns OEM autonomous-driving average percentage by vehicle type, SAE level, and year."
FINALKGQA762,Which order cancellation response type records the largest participant involvement?,True,1,False,,order_cancellation,ranking_top,,,,correct,Returns the order-cancellation response type with the largest participant count; matches the question.
FINALKGQA763,How many semiconductor companies fall into each category of having reported a shortage or not?,True,2,False,,shortage,count,,,,,
FINALKGQA764,How does the sum of Tier1 inventory responses vary across different components and trends?,True,9,False,,inventory,sum,,,,,
FINALKGQA765,"Which types of surveys are represented in the Tier1, OEM, and Semiconductor sections?",True,3,False,,catalog_lookup,raw_or_lookup,,,,,
FINALKGQA766,"On a quarterly basis, what is the average trend in demand percentage reported in the Semiconductor survey?",True,7,False,,regional_demand,average,,,,correct,Returns average Semiconductor demand percentage by quarter; matches the question.
FINALKGQA767,"Among Tier1 automotive survey participants, what is the cumulative percentage change in current demand for BL1 and BL2?",True,1,False,,current_demand_baselines,sum,,,,,
FINALKGQA768,What is the aggregate percentage change in future demand for each technology category broken down by quarter?,True,40,False,,future_demand,sum,,,,,
FINALKGQA769,How many forecast vehicle sales units are collectively reported across all entries?,True,1,False,,vehicle_sales,sum,,correct,Correct: returns aggregate SUM of forecast vehicle-sales units across all entries.,correct,Correct: returns aggregate SUM of forecast vehicle-sales units across all entries.
FINALKGQA770,"For Tier1 suppliers, how does the average autonomous driving development break down according to vehicle type and SAE level?",True,45,False,,autonomous_driving,average,,,,,
FINALKGQA771,Which technology category and response type pertain to each observation of an order-cancellation participant?,True,15,False,,order_cancellation,raw_or_lookup,,,,,
FINALKGQA772,"For OEM companies, what are the counts for those that confirmed a shortage and those that did not?",True,2,False,,shortage,count,,,,,
FINALKGQA773,Which combination of semiconductor technology category and inventory trend is most prevalent in the dataset?,True,1,False,,inventory,ranking_top,,,,correct,Returns the most frequent semiconductor technology-category and inventory-trend pairing; top-ranked shape matches the question.
FINALKGQA774,Which technology category is seeing the most current demand?,True,1,False,,catalog_lookup,ranking_top,,,,,
FINALKGQA775,Count the DemandForRegion entries that are related to Tier1 survey information?,True,1,False,,regional_demand,count,,,,,
FINALKGQA776,Detail the percentage changes observed for baselines BL1 and BL2 among Tier1 automotive?,True,2,False,,current_demand_baselines,raw_or_lookup,,,,,
FINALKGQA777,Which vehicle type records the highest average change in estimated future demand?,True,1,False,,future_demand,ranking_top,,,,,
FINALKGQA778,Which month shows the maximum forecasted vehicle sales volume?,True,1,False,,vehicle_sales,ranking_top,,,,,
FINALKGQA779,How many SAE levels are identified in the records?,True,1,False,,autonomous_driving,count,,,,,
FINALKGQA780,How many OrderCancellation entries are associated with OEM survey reports?,True,1,False,,order_cancellation,count,,,,,
FINALKGQA781,How many Tier1 companies fall into each category of reporting a shortage or not?,True,2,False,,shortage,count,,correct,"Manual semantic spot check: query returns yes/no shortage status and counts for Tier1 companies, matching the requested grouped shortage-status count.",correct,"Manual semantic spot check: query returns yes/no shortage status and counts for Tier1 companies, matching the requested grouped shortage-status count."
FINALKGQA782,In which technology categories do semiconductor inventory trends appear most frequently?,True,9,False,,inventory,count,,,,,
FINALKGQA783,How many company entries exist in our dataset?,True,1,False,,catalog_lookup,count,,,,,
FINALKGQA784,"For each survey type, what is the average demand calculated over all regions?",True,3,False,,regional_demand,average,,,,correct,Returns average demand by survey type across regions; matches the question.
FINALKGQA785,By how much does the sum of Tier1's current demand in BL1 exceed or fall short of that in BL2?,True,1,False,,current_demand_baselines,sum,,,,,
FINALKGQA786,How many FutureDemandAnalysis records reference the Tier1 survey?,True,1,False,,future_demand,count,,,,,
FINALKGQA787,Which vehicle type stands out with the most total sales in a year?,True,1,False,,vehicle_sales,ranking_top,,,,,
FINALKGQA788,How many AutonomousDrivingDevelopment entries have been documented?,True,1,False,,autonomous_driving,count,,,,correct,Counts AutonomousDrivingDevelopment entries; matches the question.
FINALKGQA789,"Across semiconductor technology categories, which ones show the largest sums of order cancellations?",True,5,False,,order_cancellation,sum,,,,,
FINALKGQA790,What is the total number of semiconductor companies that have reported a shortage in semiconductors?,True,1,False,,shortage,count,,,,,
FINALKGQA791,"Report the inventory sums allocated to EV, non-EV, and mixed component categories?",True,3,False,,inventory,sum,,,,,
FINALKGQA792,How many TechnologyCategory entities are currently defined?,True,1,False,,catalog_lookup,count,,,,,
FINALKGQA793,Where is the sum of current demand from Tier1 largest among all regions?,True,5,False,,regional_demand,sum,,,,,
FINALKGQA794,What is the cumulative percentage change for BL1 and BL2 in Tier1 Automotive current demand?,True,2,False,,current_demand_baselines,sum,,,,correct,Returns cumulative BL1 and BL2 percentage changes for Tier1 Automotive current demand; matches the question.
FINALKGQA795,How many FutureDemandAnalysis entries have been created in total?,True,1,False,,future_demand,count,,,,,
FINALKGQA796,"What is the sum of vehicle units sold for each month, limited to actual sales observations?",True,12,False,,vehicle_sales,sum,,,,,
FINALKGQA797,Which vehicle type and SAE level combination exhibits the highest percentage of autonomous driving?,True,1,False,,autonomous_driving,ranking_top,,,,,
FINALKGQA798,How many semiconductor order cancellation responses correspond to each technology category paired with each response type?,True,15,False,,order_cancellation,sum,,correct,Correct: sums semiconductor order-cancellation participant counts by technology category and response type.,correct,Correct: sums semiconductor order-cancellation participant counts by technology category and response type.
FINALKGQA799,How many OEM companies are there that have not reported any semiconductor shortages?,True,1,False,,shortage,count,,,,,
FINALKGQA800,"In Tier1 companies, what is the total number of inventory entries that are identified as increase, stable, or decrease?",True,3,False,,inventory,count,,,,,
FINALKGQA801,"How does the current-demand percentage change compare among OEMs for BEV, BEHV, and ICE vehicle categories?",True,3,False,,catalog_lookup,raw_or_lookup,,,,,
FINALKGQA802,Show the sum of Tier1 demand percentage changes broken down by region and quarter?,True,35,False,,regional_demand,sum,,,,,
FINALKGQA803,Enumerate the baseline types documented in the dataset?,True,5,False,,current_demand_baselines,raw_or_lookup,,correct,"Manual semantic spot check: query returns distinct baseline types documented in the dataset, matching the requested catalog lookup.",correct,"Manual semantic spot check: query returns distinct baseline types documented in the dataset, matching the requested catalog lookup."
FINALKGQA804,"What are the overall future demand totals for Tier1, separated by region and quarter?",True,35,False,,future_demand,sum,,,,,
FINALKGQA805,How many actual vehicle-sales units have been accumulated across all records?,True,1,False,,vehicle_sales,sum,,correct,Correct: returns aggregate SUM of actual vehicle-sales units across all records.,correct,Correct: returns aggregate SUM of actual vehicle-sales units across all records.
FINALKGQA806,How does the average percentage of autonomous driving differ by vehicle type when looking at data from all years combined?,True,9,False,,autonomous_driving,average,,correct,Correct after repair: averages autonomous-driving percentage by vehicle type across all years combined.,correct,Correct after repair: averages autonomous-driving percentage by vehicle type across all years combined.
FINALKGQA807,How many OrderCancellation records are referenced by the Tier1 survey?,True,1,False,,order_cancellation,count,,correct,Correct: counts OrderCancellation records referenced by the Tier1 survey; result is 0 against the loaded KG.,correct,Correct: counts OrderCancellation records referenced by the Tier1 survey; result is 0 against the loaded KG.
FINALKGQA808,Which companies have stated in surveys that they encountered a semiconductor shortage?,True,6,False,,shortage,raw_or_lookup,,,,correct,Lists companies reporting shortages across survey types; matches the question.
FINALKGQA809,Report the total Tier1 inventory participant numbers categorized by component?,True,3,False,,inventory,sum,,,,,
FINALKGQA810,How many company records are tied to the Semiconductor survey?,True,1,False,,catalog_lookup,count,,,,,
FINALKGQA811,"Per quarter, what is the total number of demand entries linked to each survey?",True,21,False,,regional_demand,count,,,,correct,"Counts DemandForRegion entries per survey type and quarter; matches the requested per-quarter, per-survey entry count."
FINALKGQA812,How does the count of Tier1 Automotive current-demand entries differ between baselines BL1 and BL2?,True,2,False,,current_demand_baselines,count,,,,,
FINALKGQA813,How many FutureDemandAnalysis entries have links to Semiconductor surveys?,True,1,False,,future_demand,count,,,,,
FINALKGQA814,"How many vehicle sales observations are recorded as actual, and how many are recorded as forecast?",True,2,False,,vehicle_sales,count,,,,,
FINALKGQA815,Which vehicle type stands out with the top percentage at Level 5 autonomy?,True,1,False,,autonomous_driving,ranking_top,,,,,
FINALKGQA816,How many order cancellation responses pertain to each semiconductor technology category?,True,15,False,,order_cancellation,sum,,correct,Correct after repair: returns one order-cancellation response count per semiconductor technology category.,correct,Correct after repair: returns one order-cancellation response count per semiconductor technology category.
FINALKGQA817,How many semiconductor companies have not mentioned facing a semiconductor shortage?,True,1,False,,shortage,count,,,,correct,Counts semiconductor companies not reporting shortage; matches the question.
FINALKGQA818,Which components are linked to how many Tier1 inventory trend records?,True,9,False,,inventory,count,,,,,
FINALKGQA819,Identify the conversion factors linked to each technology category and vehicle type?,True,15,False,,catalog_lookup,raw_or_lookup,,,,,
FINALKGQA820,What is the count of all DemandForRegion entries present?,True,1,False,,regional_demand,count,,,,,
FINALKGQA821,Which Tier1 Automotive baseline achieves the peak average percentage change in current demand?,True,1,False,,current_demand_baselines,ranking_top,,,,correct,Returns the baseline with the highest average current-demand percentage change in Tier1 Automotive; matches the question.
FINALKGQA822,List the overall future semiconductor demand amounts for each technology category in every quarter?,True,40,False,,future_demand,sum,,,,,
FINALKGQA823,How does the total number of vehicle sales units vary month by month in the actual data?,True,12,False,,vehicle_sales,sum,,,,,
FINALKGQA824,"For each vehicle type and SAE level, what is the average autonomous driving development value recorded?",True,15,False,,autonomous_driving,average,,,,,
FINALKGQA825,How many OrderCancellation records are directly linked with the Semiconductor survey?,True,1,False,,order_cancellation,count,,,,correct,Counts OrderCancellation records directly linked to Semiconductor survey; zero count is valid for this direct-link count question.
FINALKGQA826,"Across all survey types, where do the most companies report a shortage?",True,1,False,,shortage,ranking_top,,,,,
FINALKGQA827,Which Tier1 inventory trend measurements exist for each component?,True,18,False,,inventory,raw_or_lookup,,correct,Correct: returns Tier1 inventory trend measurements by component.,correct,Correct: returns Tier1 inventory trend measurements by component.
FINALKGQA828,What is the count of active component share categories for each Tier1 company?,True,3,False,,catalog_lookup,count,,,,,
FINALKGQA829,Which regions account for the combined demand values in the OEM survey?,True,5,False,,regional_demand,sum,,,,correct,Returns OEM-survey demand totals grouped by region and ordered by total demand; matches the requested regional contribution breakdown.
FINALKGQA830,What percentage change in current demand results from adding BL1 and BL2 together for Tier1?,True,2,False,,current_demand_baselines,sum,,,,,
FINALKGQA831,How is future demand percentage distributed by region and quarter in OEM survey data?,True,35,False,,future_demand,sum,,,,,
FINALKGQA832,How many VehicleSalesObservation records can be found?,True,1,False,,vehicle_sales,count,,,,correct,Counts VehicleSalesObservation records; matches the question.
FINALKGQA833,What average percentage of autonomous driving development was attained in each year?,True,3,False,,autonomous_driving,average,,,,,
FINALKGQA834,How many OrderCancellation entries have been documented?,True,1,False,,order_cancellation,count,,,,,
FINALKGQA835,Could you provide the number of Tier1 companies that reported a shortage and those that did not?,True,2,False,,shortage,count,,,,,
FINALKGQA836,Which component shows the highest total of participants in Tier1 inventory?,True,1,False,,inventory,ranking_top,,,,,
FINALKGQA837,Identify all technology category names listed in the catalog?,True,5,False,,catalog_lookup,raw_or_lookup,,correct,"Manual semantic spot check: query returns distinct technology category names, matching the requested catalog lookup.",correct,"Manual semantic spot check: query returns distinct technology category names, matching the requested catalog lookup."
FINALKGQA838,Count the Tier1 demand items linked to the Americas region?,True,1,False,,regional_demand,count,,,,,
FINALKGQA839,What is the overall Tier1 current demand percentage change when subtracting BL2 from BL1?,True,1,False,,current_demand_baselines,sum,,,,correct,"Returns BL1, BL2, and BL1-BL2 delta for Tier1 current demand; matches the question."
FINALKGQA840,"Show the aggregate future demand percentage for Semiconductor, categorized by region and quarter?",True,35,False,,future_demand,sum,,,,,
FINALKGQA841,"Display the sum of vehicle sales for each month, categorized by whether the figures are actual or forecasted?",True,48,False,,vehicle_sales,sum,,,,,
FINALKGQA842,"What are the average autonomous-driving development metrics for OEMs, organized according to vehicle type, SAE level, and year?",True,45,False,,autonomous_driving,average,,,,,
FINALKGQA843,Which response type for order cancellations is linked to the greatest number of participants?,True,1,False,,order_cancellation,ranking_top,,correct,Correct: sums participants by order-cancellation response type and returns the greatest one.,correct,Correct: sums participants by order-cancellation response type and returns the greatest one.
FINALKGQA844,How many Tier1 companies have identified a semiconductor shortage in their survey data?,True,1,False,,shortage,count,,,,,
FINALKGQA845,Detail the Tier1 inventory response totals for each combination of component and trend?,True,9,False,,inventory,sum,,,,,
FINALKGQA846,What is the overall quantity of Quarter entities recorded?,True,1,False,,catalog_lookup,count,,,,correct,Counts Quarter entities; matches the question.
FINALKGQA847,What is the sum and average of demand levels captured in the Tier1 survey?,True,1,False,,regional_demand,average,,,,correct,Returns total and average demand for Tier1 survey; matches the question.
FINALKGQA848,How does the average current-demand change at BL1 and BL2 for Tier1 companies classified under Automotive?,True,2,False,,current_demand_baselines,average,,,,,
FINALKGQA849,Which technology category stands out with the top average percentage change in future demand estimates?,True,1,False,,future_demand,ranking_top,,,,,
FINALKGQA850,Name the month that experienced the highest actual vehicle sales?,True,1,False,,vehicle_sales,ranking_top,,,,correct,Returns the month with maximum actual vehicle sales; matches the question.
FINALKGQA851,"In Tier1 supplier data, what are the average autonomous-driving development values when sorted by vehicle type, SAE level, and year?",True,45,False,,autonomous_driving,average,,,,,
FINALKGQA852,What technology category and response type are linked with each participant observation related to order cancellations?,True,15,False,,order_cancellation,raw_or_lookup,,,,,
FINALKGQA853,"Within the Tier1, OEM, and Semiconductor survey datasets, how many companies are recorded as having shortages in each respective survey?",True,6,False,,shortage,count,,,,,
FINALKGQA854,Which pairing of semiconductor technology category and inventory trend has the highest occurrence?,True,1,False,,inventory,ranking_top,,,,,
FINALKGQA855,What quarter designations can be found in the dataset?,True,8,False,,catalog_lookup,raw_or_lookup,,,,,
FINALKGQA856,"On average, how high is the semiconductor demand in the Americas region?",True,1,False,,regional_demand,average,,,,correct,Returns average Semiconductor-survey demand for the Americas region; matches the question.
FINALKGQA857,"In Tier1 automotive survey data, what is the overall sum of percentage changes in current demand for BL1 and BL2?",True,1,False,,current_demand_baselines,sum,,,,,
FINALKGQA858,What is the average projected percentage change in demand for each vehicle type per quarter?,True,24,False,,future_demand,average,,,,,
FINALKGQA859,How does the forecast data break down the total vehicle units sold by month?,True,36,False,,vehicle_sales,sum,,,,,
FINALKGQA860,"List the average autonomous driving percentage for each OEM, detailing the breakdown by vehicle, SAE level, and year?",True,45,False,,autonomous_driving,average,,,,,
FINALKGQA861,How many OrderCancellation entries are attached to OEM survey forms?,True,1,False,,order_cancellation,count,,,,,
FINALKGQA862,"What is the count of semiconductor companies that have indicated experiencing a shortage, and how many have not?",True,2,False,,shortage,count,,,,,
FINALKGQA863,How does the quantity of semiconductor inventory trends vary across different technology categories?,True,9,False,,inventory,count,,,,,
FINALKGQA864,How many distinct companies are related to the OEM survey?,True,1,False,,catalog_lookup,count,,correct,"Manual semantic spot check: query returns the count of companies related to the OEM survey, matching the requested count.",correct,"Manual semantic spot check: query returns the count of companies related to the OEM survey, matching the requested count."
FINALKGQA865,What is the region with the minimum total demand as captured in the Tier1 survey?,True,1,False,,regional_demand,ranking_top,,,,,
FINALKGQA866,What percentage changes are linked to baselines BL1 and BL2 for Tier1 automotive?,True,2,False,,current_demand_baselines,raw_or_lookup,,,,,
FINALKGQA867,"Provide the sum of future demand for Option1, Option2, and Option3 in Automotive, organized by quarter?",True,8,False,,future_demand,sum,,,,,
FINALKGQA868,Which vehicle types achieved what total sales in each year?,True,6,False,,vehicle_sales,sum,,,,,
FINALKGQA869,"In Tier1 suppliers, what is the average autonomous driving development value for each vehicle type and SAE level pairing?",True,45,False,,autonomous_driving,average,,,,,
FINALKGQA870,"In terms of order cancellations, which semiconductor technology categories have the highest accumulated totals?",True,5,False,,order_cancellation,sum,,,,,
FINALKGQA871,"List the number of companies that have reported shortages, grouped by survey type?",True,6,False,,shortage,count,,,,,
FINALKGQA872,"How is the overall inventory amount allocated to EV, non-EV, and mixed component groups?",True,3,False,,inventory,sum,,,,,
FINALKGQA873,"For each technology category, what is the current demand and its percentage change?",True,5,False,,catalog_lookup,raw_or_lookup,,correct,Correct: returns technology-category current demand and B1/B2 percentage changes.,correct,Correct: returns technology-category current demand and B1/B2 percentage changes.
FINALKGQA874,Please provide the aggregate Semiconductor demand figure for the Americas region?,True,1,False,,regional_demand,sum,,,,,
FINALKGQA875,What is the summed difference in current demand for Tier1 when comparing BL1 against BL2?,True,1,False,,current_demand_baselines,sum,,,,,
FINALKGQA876,How many FutureDemandAnalysis entries reference OEM surveys?,True,1,False,,future_demand,count,,,,,
FINALKGQA877,What is the total forecast vehicle sales unit volume reported in the available data?,True,1,False,,vehicle_sales,sum,,,,,
FINALKGQA878,What is the total count of SAE levels shown?,True,1,False,,autonomous_driving,count,,,,,
FINALKGQA879,How many Tier1 companies have no record of reporting a semiconductor shortage?,True,1,False,,shortage,count,,,,,
FINALKGQA880,Which regions are listed within our current data collection?,True,5,False,,catalog_lookup,raw_or_lookup,,,,,
FINALKGQA881,Which regions accumulate the largest overall current demand from OEMs?,True,5,False,,regional_demand,sum,,correct,"Manual semantic spot check: query returns OEM regional demand totals ordered descending, matching the requested largest-current-demand regional comparison.",correct,"Manual semantic spot check: query returns OEM regional demand totals ordered descending, matching the requested largest-current-demand regional comparison."
FINALKGQA882,Determine the total of the percentage-change values for BL1 and BL2 in Tier1 Automotive current demand?,True,2,False,,current_demand_baselines,sum,,,,correct,Returns total BL1 and BL2 percentage-change values for Tier1 Automotive current demand; matches the question.
FINALKGQA883,How do the future-demand percentages vary for each technology category in each quarter?,True,120,False,,future_demand,raw_or_lookup,,correct,Correct: returns future-demand percentage records by technology category and quarter.,correct,Correct: returns future-demand percentage records by technology category and quarter.
FINALKGQA884,Forecasted vehicle sales are expected to be highest in which month?,True,1,False,,vehicle_sales,ranking_top,,,,,
FINALKGQA885,What is the overall quantity of AutonomousDrivingDevelopment entries?,True,1,False,,autonomous_driving,count,,,,,
FINALKGQA886,How many regions can be found in the survey database?,True,1,False,,catalog_lookup,count,,,,,
FINALKGQA887,Show the summed percentage change in semiconductor demand for each region per quarter?,True,35,False,,regional_demand,sum,,,,,
FINALKGQA888,Could you list the baseline types that appear in the dataset?,True,5,False,,current_demand_baselines,raw_or_lookup,,,,,
FINALKGQA889,What is the mean future-demand change calculated for each combination of technology bucket and quarter?,True,40,False,,future_demand,average,,,,,
FINALKGQA890,"For total yearly sales, which vehicle type comes out on top?",True,1,False,,vehicle_sales,ranking_top,,,,,
FINALKGQA891,Which vehicle type and SAE level together account for the highest percentage of autonomous driving?,True,1,False,,autonomous_driving,ranking_top,,,,,
FINALKGQA892,How many company entries are associated with the Tier1 survey?,True,1,False,,catalog_lookup,count,,,,,
FINALKGQA893,"Which regions have the highest overall demand when aggregating data from Tier1, OEM, and Semiconductor surveys?",True,15,False,,regional_demand,sum,,,,,
FINALKGQA894,"Determine the number of Tier1 Automotive current-demand entries assigned to each baseline, BL1 and BL2?",True,2,False,,current_demand_baselines,count,,,,correct,Counts Tier1 Automotive current-demand entries assigned to BL1 and BL2; matches the question.
FINALKGQA895,How does the total future demand percentage change for each technology category compare from quarter to quarter?,True,40,False,,future_demand,sum,,,,,
FINALKGQA896,"Report the total vehicle units sold per month, restricted to actual sales data?",True,12,False,,vehicle_sales,sum,,,,,
FINALKGQA897,"What is the average autonomous-driving percentage per vehicle type, considering data from every year?",True,9,False,,autonomous_driving,average,,correct,Correct after repair: averages autonomous-driving percentage by vehicle type across all years combined.,correct,Correct after repair: averages autonomous-driving percentage by vehicle type across all years combined.
FINALKGQA898,"What survey types are associated with Tier1, OEM, and Semiconductor groups?",True,3,False,,catalog_lookup,raw_or_lookup,,,,,
FINALKGQA899,Which region records the minimum total demand in the context of the Semiconductor survey?,True,1,False,,regional_demand,ranking_top,,,,,
FINALKGQA900,Which Tier1 Automotive baseline reflects the highest average percentage change in current demand?,True,1,False,,current_demand_baselines,ranking_top,,,,,
FINALKGQA901,Which vehicle type leads in terms of average change in future demand projections?,True,1,False,,future_demand,ranking_top,,,,correct,Returns the vehicle type with the highest average future-demand percentage change; matches the question.
FINALKGQA902,What cumulative figure do the records show for actual vehicle-sales units?,True,1,False,,vehicle_sales,sum,,,,correct,Sums actual vehicle-sales units; matches the requested cumulative actual-sales figure.
FINALKGQA903,Which vehicle type achieves the maximum percentage among Level 5 autonomous vehicles?,True,1,False,,autonomous_driving,ranking_top,,,,,
FINALKGQA904,Which technology category records the maximum current demand?,True,1,False,,catalog_lookup,ranking_top,,,,,
FINALKGQA905,"From the OEM survey, which region stands out with the maximum total demand?",True,1,False,,regional_demand,ranking_top,,,,,
FINALKGQA906,What is the overall sum of percentage changes in current demand for BL1 and BL2 in Tier1?,True,2,False,,current_demand_baselines,sum,,,,,
FINALKGQA907,What count of FutureDemandAnalysis entries are linked with the Tier1 survey?,True,1,False,,future_demand,count,,,,,
FINALKGQA908,What is the breakdown of vehicle sales observation counts between actual and forecast types?,True,2,False,,vehicle_sales,count,,,,,
FINALKGQA909,What average autonomous driving development figures are reported for the various combinations of vehicle type and SAE level?,True,15,False,,autonomous_driving,average,,,,,
FINALKGQA910,What is the total count of company instances stored in the database?,True,1,False,,catalog_lookup,count,,,,,
FINALKGQA911,Could you provide the average demand percentage trend per quarter based on Tier1 survey data?,True,7,False,,regional_demand,average,,correct,Correct: computes average Tier1 demand percentage change per quarter; trend flag is a false positive from wording.,correct,Correct: computes average Tier1 demand percentage change per quarter; trend flag is a false positive from wording.
FINALKGQA912,What is the total Tier1 current demand percentage change when comparing BL1 against BL2?,True,1,False,,current_demand_baselines,sum,,,,,
FINALKGQA913,What is the current total of FutureDemandAnalysis entries?,True,1,False,,future_demand,count,,correct,"Manual semantic spot check: query returns the total count of FutureDemandAnalysis entries, matching the requested count.",correct,"Manual semantic spot check: query returns the total count of FutureDemandAnalysis entries, matching the requested count."
FINALKGQA914,Report the aggregate vehicle sales units for each month using only actual sales data?,True,12,False,,vehicle_sales,sum,,,,,
FINALKGQA915,How has the average percentage for autonomous driving development changed from year to year?,True,3,False,,autonomous_driving,average,,,,,
FINALKGQA916,What is the total count of TechnologyCategory entities stored in our database?,True,1,False,,catalog_lookup,count,,,,,
FINALKGQA917,Show the cumulative OEM demand percentage changes broken down by region and quarter?,True,35,False,,regional_demand,sum,,,,correct,Returns cumulative OEM demand percentage changes by region and quarter; matches the question.
FINALKGQA918,What is the average change in current-demand for Tier1 Automotive participants at both BL1 and BL2 stages?,True,2,False,,current_demand_baselines,average,,,,,
FINALKGQA919,"List the cumulative future demand for Tier1, detailing the amounts per region and quarter?",True,35,False,,future_demand,sum,,,,,
FINALKGQA920,What is the number of VehicleSalesObservation records that are available?,True,1,False,,vehicle_sales,count,,,,,
FINALKGQA921,"In relation to OEMs, what are the average autonomous-driving development values when considering vehicle type, SAE level, and year as grouping factors?",True,45,False,,autonomous_driving,average,,,,correct,"Returns OEM autonomous-driving averages grouped by vehicle type, SAE level, and year; matches the requested grouping."
FINALKGQA922,"Identify the current-demand percentage change for each OEM within the BEV, BEHV, and ICE groups?",True,3,False,,catalog_lookup,raw_or_lookup,,probably_correct,Probably correct: query returns OEM-survey current-demand percentage change for BEV/BEHV/ICE; wording could imply individual OEMs.,probably_correct,Probably correct: query returns OEM-survey current-demand percentage change for BEV/BEHV/ICE; wording could imply individual OEMs.
FINALKGQA923,Where is semiconductor demand at its maximum among all regions?,True,1,False,,regional_demand,ranking_top,,,,,
FINALKGQA924,"Within Tier1 automotive survey data, how much is the percentage change in current demand for BL1 plus BL2 combined?",True,1,False,,current_demand_baselines,sum,,,,,
FINALKGQA925,How many FutureDemandAnalysis records pertain to Semiconductor surveys?,True,1,False,,future_demand,count,,,,,
FINALKGQA926,"Across all months, how do the summed vehicle sales compare between actual data and forecasts?",True,48,False,,vehicle_sales,sum,,,,,
FINALKGQA927,"Within the Tier1 supplier segment, how does the average autonomous-driving development compare across combinations of vehicle type, SAE level, and year?",True,45,False,,autonomous_driving,average,,,,,
FINALKGQA928,How many companies are identified as being part of the Semiconductor survey?,True,1,False,,catalog_lookup,count,,,,,
FINALKGQA929,What is the combined demand and the mean demand value recorded in the Semiconductor survey?,True,1,False,,regional_demand,average,,,,correct,Returns both total and average demand for the Semiconductor survey; matches the requested combined and mean values.
FINALKGQA930,"For Tier1 automotive, what are the percentage changes tied to baselines BL1 and BL2?",True,2,False,,current_demand_baselines,raw_or_lookup,,,,,
FINALKGQA931,"Report the total anticipated semiconductor demand, categorized by technology type and quarter?",True,40,False,,future_demand,sum,,,,,
FINALKGQA932,Highlight the month when actual vehicle sales were at their highest level?,True,1,False,,vehicle_sales,ranking_top,,,,,
FINALKGQA933,"Provide the average percentage of autonomous driving for OEMs, organized according to vehicle, SAE level, and year?",True,45,False,,autonomous_driving,average,,,,,
FINALKGQA934,Detail the conversion factors grouped according to technology category and vehicle type?,True,15,False,,catalog_lookup,raw_or_lookup,,correct,Correct: returns conversion factors grouped in the output by technology category and vehicle type.,correct,Correct: returns conversion factors grouped in the output by technology category and vehicle type.
FINALKGQA935,Please provide the total amount of Tier1 demand associated with the Americas region?,True,1,False,,regional_demand,sum,,,,,
FINALKGQA936,"How much does Tier1's current demand increase or decrease when moving from BL2 to BL1, considering the total across all items?",True,1,False,,current_demand_baselines,sum,,correct,"Manual semantic spot check: query returns the BL1 minus BL2 percentage-change delta for Tier1 current demand, matching the requested baseline difference.",correct,"Manual semantic spot check: query returns the BL1 minus BL2 percentage-change delta for Tier1 current demand, matching the requested baseline difference."
FINALKGQA937,"Show the cumulative future demand percentage from OEM surveys, organized by region and quarter?",True,35,False,,future_demand,sum,,,,,
FINALKGQA938,Provide the monthly sum of vehicle units according to the forecast data?,True,36,False,,vehicle_sales,sum,,,,correct,Returns monthly forecast vehicle-unit sums; matches the question.
FINALKGQA939,"Could you provide the average autonomous driving development figures for Tier1 suppliers, categorized by vehicle type and SAE level?",True,45,False,,autonomous_driving,average,,,,,
FINALKGQA940,"Per Tier1 company, how many active component share categories are assigned to them?",True,3,False,,catalog_lookup,count,,,,,
FINALKGQA941,What are the total demand figures from Tier1 and OEM sources for each region?,True,5,False,,regional_demand,sum,,,,,
FINALKGQA942,What is the total of BL1 and BL2 percentage-change values for current demand in the Tier1 Automotive segment?,True,2,False,,current_demand_baselines,sum,,,,,
FINALKGQA943,"What are the overall future demand percentages for Semiconductor, grouped by region and quarter?",True,35,False,,future_demand,sum,,,,,
FINALKGQA944,Detail the summed sales amounts for all vehicle types across different years?,True,6,False,,vehicle_sales,sum,,,,,
FINALKGQA945,How many SAE levels exist within the data?,True,1,False,,autonomous_driving,count,,correct,Correct: counts distinct SAE levels used in the data.,correct,Correct: counts distinct SAE levels used in the data.
FINALKGQA946,Which technology category names can be found in the catalog?,True,5,False,,catalog_lookup,raw_or_lookup,,,,correct,Lists technology category names in the catalog; matches the question.
FINALKGQA947,What count of DemandForRegion entries correspond to the Semiconductor survey?,True,1,False,,regional_demand,count,,correct,"Manual semantic spot check: query returns the count of DemandForRegion entries for Semiconductor survey, matching the requested count.",correct,"Manual semantic spot check: query returns the count of DemandForRegion entries for Semiconductor survey, matching the requested count."
FINALKGQA948,What kinds of baseline types are documented in the data?,True,5,False,,current_demand_baselines,raw_or_lookup,,,,,
FINALKGQA949,Which technology category demonstrates the highest average percentage change in future demand?,True,1,False,,future_demand,ranking_top,,,,,
FINALKGQA950,What is the sum total of forecast vehicle sales units listed in the records?,True,1,False,,vehicle_sales,sum,,,,,
FINALKGQA951,How many AutonomousDrivingDevelopment instances are included in the data?,True,1,False,,autonomous_driving,count,,,,,
FINALKGQA952,How many Quarter entities are included in the catalog?,True,1,False,,catalog_lookup,count,,,,,
FINALKGQA953,Where is the sum of current semiconductor demand the highest among all regions?,True,5,False,,regional_demand,sum,,,,,
FINALKGQA954,"For baselines BL1 and BL2, indicate how many Tier1 Automotive current-demand entries are present for each one?",True,2,False,,current_demand_baselines,count,,,,,
FINALKGQA955,How does the average percentage change in expected demand break down by vehicle type and quarter?,True,24,False,,future_demand,average,,,,,
FINALKGQA956,Point out the month that leads in forecasted vehicle sales?,True,1,False,,vehicle_sales,ranking_top,,,,,
FINALKGQA957,Which vehicle type and SAE level combination shows the greatest autonomous driving percentage?,True,1,False,,autonomous_driving,ranking_top,,,,,
FINALKGQA958,Which quarters are represented among the entries in the dataset?,True,8,False,,catalog_lookup,raw_or_lookup,,correct,"Manual semantic spot check: query returns distinct quarter labels represented in the dataset, matching the requested catalog lookup.",correct,"Manual semantic spot check: query returns distinct quarter labels represented in the dataset, matching the requested catalog lookup."
FINALKGQA959,"For each quarter, how much future demand is expected for Option1, Option2, and Option3 in the Automotive segment?",True,8,False,,future_demand,sum,,,,,
FINALKGQA960,Which vehicle type accounts for the greatest total sales in a year?,True,1,False,,vehicle_sales,ranking_top,,,,,
FINALKGQA961,What is the number of FutureDemandAnalysis entries that have an association with OEM surveys?,True,1,False,,future_demand,count,,,,,
FINALKGQA962,"Give the monthly totals of vehicle units sold, including only actual sales entries?",True,12,False,,vehicle_sales,sum,,,,,
FINALKGQA963,Could you list the future-demand percentage values for all technology categories per quarter?,True,120,False,,future_demand,raw_or_lookup,,,,correct,"Lists future-demand percentage values for technology categories per quarter; duplicate rows reflect multiple underlying records, which is acceptable because the question asks for values, not aggregated averages."
FINALKGQA964,What is the grand total of actual vehicle-sales units reflected in the dataset?,True,1,False,,vehicle_sales,sum,,,,,
FINALKGQA965,How much does future-demand change on average for each technology bucket in each quarter?,True,40,False,,future_demand,average,,,,,
FINALKGQA966,How does the number of vehicle sales observations designated as actual differ from those designated as forecast?,True,2,False,,vehicle_sales,count,,,,,
FINALKGQA967,"Summing by quarter, what are the percentage changes in future demand for each technology category?",True,40,False,,future_demand,sum,,,,,
FINALKGQA968,"Detail the sum of vehicle sales units for every month, considering only actual sales figures?",True,12,False,,vehicle_sales,sum,,,,,
FINALKGQA969,"Among all vehicle types, which one exhibits the peak average change in future demand?",True,1,False,,future_demand,ranking_top,,,,,
FINALKGQA970,Could you provide the number of VehicleSalesObservation records maintained in the database?,True,1,False,,vehicle_sales,count,,,,,
FINALKGQA971,How many FutureDemandAnalysis records are connected with the Tier1 survey?,True,1,False,,future_demand,count,,,,,
FINALKGQA972,"In each month, what is the total number of vehicles sold, with a distinction between actual sales and forecasted sales?",True,48,False,,vehicle_sales,sum,,,,,
FINALKGQA973,How many FutureDemandAnalysis entries are there in the database?,True,1,False,,future_demand,count,,,,,
FINALKGQA974,In which month did actual vehicle sales achieve their highest count?,True,1,False,,vehicle_sales,ranking_top,,,,,
FINALKGQA975,"Report the total future demand for Tier1, categorized by both region and quarter?",True,35,False,,future_demand,sum,,,,,
FINALKGQA976,"According to the forecast, what is the sum of vehicle units for each month?",True,36,False,,vehicle_sales,sum,,,,correct,Returns monthly forecast vehicle-unit sums; matches the question.
FINALKGQA977,What is the count of FutureDemandAnalysis entries that are connected with Semiconductor surveys?,True,1,False,,future_demand,count,,,,,
FINALKGQA978,Report the total sales volumes categorized by vehicle type and year?,True,6,False,,vehicle_sales,sum,,,,,
FINALKGQA979,"Summarize the future demand totals for semiconductors, classified by technology category and quarter?",True,40,False,,future_demand,sum,,,,,
FINALKGQA980,What is the total count of forecast vehicle sales units registered in the dataset?,True,1,False,,vehicle_sales,sum,,,,,
FINALKGQA981,Which regions and quarters reflect the total future demand percentage captured in OEM survey data?,True,35,False,,future_demand,sum,,,,,
FINALKGQA982,Which month stands out for having the top forecasted vehicle sales?,True,1,False,,vehicle_sales,ranking_top,,correct,"Manual semantic spot check: query returns the forecast month with the highest vehicle-sales total, matching the requested top-month question.",correct,"Manual semantic spot check: query returns the forecast month with the highest vehicle-sales total, matching the requested top-month question."
FINALKGQA983,"Across all regions and quarters, what is the summed percentage of future demand for Semiconductor?",True,35,False,,future_demand,sum,,,,,
FINALKGQA984,Which vehicle type generates the highest total sales in a year?,True,1,False,,vehicle_sales,ranking_top,,,,,
FINALKGQA985,Which technology category posts the greatest average percentage change in future demand?,True,1,False,,future_demand,ranking_top,,,,,
FINALKGQA986,"Calculate the sum of vehicle units sold each month, considering exclusively actual sales entries?",True,12,False,,vehicle_sales,sum,,,,,
FINALKGQA987,What is the average future demand percentage change grouped by vehicle type and quarter?,True,24,False,,future_demand,average,,,,,
FINALKGQA988,"List the quarterly future demand sums for Option1, Option2, and Option3 in the Automotive area?",True,8,False,,future_demand,sum,,,,,
FINALKGQA989,How many FutureDemandAnalysis entries are connected to OEM survey responses?,True,1,False,,future_demand,count,,,,correct,Counts FutureDemandAnalysis entries linked to OEM survey responses; matches the question.
FINALKGQA990,What future-demand percentage numbers are recorded for each technology category and quarter?,True,120,False,,future_demand,raw_or_lookup,,correct,Correct: returns recorded future-demand percentage numbers by technology category and quarter.,correct,Correct: returns recorded future-demand percentage numbers by technology category and quarter.
FINALKGQA991,Which average future-demand change corresponds to each technology bucket and quarter?,True,40,False,,future_demand,average,,,,,
FINALKGQA992,"For each technology category and quarter, what is the total future demand percentage change?",True,40,False,,future_demand,sum,,,,,
FINALKGQA993,Which vehicle type stands out with the top average change in future demand?,True,1,False,,future_demand,ranking_top,,,,,
FINALKGQA994,How many FutureDemandAnalysis entries have an association with the Tier1 survey?,True,1,False,,future_demand,count,,,,,
FINALKGQA995,What is the number of FutureDemandAnalysis entries that have been registered?,True,1,False,,future_demand,count,,,,,
FINALKGQA996,"Present the sum of anticipated Tier1 demand, segmented by region and quarter?",True,35,False,,future_demand,sum,,,,,
FINALKGQA997,How many FutureDemandAnalysis entries are associated with Semiconductor survey data?,True,1,False,,future_demand,count,,correct,"Manual semantic spot check: query returns the count of FutureDemandAnalysis entries associated with Semiconductor survey data, matching the requested count.",correct,"Manual semantic spot check: query returns the count of FutureDemandAnalysis entries associated with Semiconductor survey data, matching the requested count."
FINALKGQA998,Which technology categories account for the highest future semiconductor demand in each quarter?,True,40,False,,future_demand,sum,,,,,
FINALKGQA999,"Detail the sum of future demand percentages for each region and quarter, based on OEM survey information?",True,35,False,,future_demand,sum,,,,,
FINALKGQA1000,Which regions and quarters contribute to the overall percentage of future demand for Semiconductor products?,True,35,False,,future_demand,sum,,,,correct,Returns percentage-share contributions by region and quarter for Semiconductor regional future demand; matches the requested region-quarter contribution view.
